video_name,predicted_class
video_1000,9
video_100051,29
video_100065,9
video_100078,29
video_100121,29
video_100164,29
video_100187,9
video_100195,9
video_100218,29
video_100219,9
video_100237,9
video_100249,9
video_100288,29
video_100315,29
video_100347,9
video_100445,9
video_100461,29
video_100490,9
video_100530,9
video_100557,9
video_100566,9
video_100581,9
video_100599,9
video_10064,29
video_100656,29
video_100766,29
video_10077,9
video_100827,9
video_100837,29
video_100865,29
video_100879,9
video_100889,9
video_10090,9
video_100934,9
video_101005,29
video_101012,9
video_101046,9
video_101051,9
video_101062,9
video_101174,9
video_101183,9
video_101229,9
video_101240,9
video_10125,9
video_101261,29
video_101298,29
video_101370,29
video_101401,9
video_101481,9
video_101514,29
video_101532,9
video_101559,9
video_101631,9
video_101665,9
video_101697,9
video_101722,9
video_101797,9
video_101814,9
video_101828,9
video_101854,9
video_101907,9
video_101908,1
video_101913,29
video_101922,29
video_101937,29
video_101978,9
video_101988,9
video_102053,9
video_102145,29
video_102185,9
video_10221,1
video_102257,29
video_102285,9
video_102323,9
video_102327,9
video_102333,9
video_102350,29
video_102367,9
video_102379,9
video_102396,9
video_102397,9
video_102471,29
video_102482,9
video_102495,9
video_10257,9
video_102598,1
video_102607,9
video_102636,29
video_102649,9
video_102695,9
video_102703,9
video_102747,9
video_10275,9
video_102769,9
video_102770,9
video_102799,9
video_102811,9
video_102832,9
video_102833,29
video_102871,29
video_102920,29
video_10294,9
video_102950,9
video_102977,9
video_102991,9
video_102996,9
video_103017,9
video_103028,29
video_103043,9
video_103045,9
video_103064,9
video_103120,29
video_103152,9
video_103155,29
video_103189,29
video_103288,9
video_103305,9
video_10331,9
video_103381,9
video_103439,9
video_103447,9
video_103491,9
video_103495,29
video_103511,9
video_103525,9
video_103534,9
video_103593,9
video_103684,9
video_103777,9
video_103789,9
video_10381,29
video_103815,9
video_103896,29
video_103914,9
video_103917,9
video_103923,9
video_103949,1
video_103960,9
video_103999,29
video_104062,29
video_104089,1
video_104098,9
video_104180,9
video_104201,29
video_104205,9
video_104233,9
video_104277,29
video_104331,9
video_104339,9
video_104363,9
video_10438,29
video_104386,9
video_104410,29
video_104414,9
video_104416,29
video_104424,9
video_10448,9
video_104482,29
video_104488,9
video_104516,29
video_104523,9
video_10455,9
video_104560,9
video_104592,9
video_104598,29
video_104602,9
video_104636,9
video_10465,9
video_104660,9
video_104734,1
video_104737,9
video_104755,9
video_104758,29
video_104762,9
video_104876,29
video_104880,9
video_104892,9
video_1049,9
video_104943,29
video_105004,9
video_105058,9
video_105082,9
video_105133,9
video_105141,9
video_105154,29
video_105187,9
video_105204,1
video_105280,1
video_105337,9
video_105364,9
video_105485,9
video_105550,9
video_105554,29
video_105563,9
video_10565,9
video_105653,9
video_105657,9
video_105670,9
video_105674,29
video_105738,9
video_10581,9
video_105855,9
video_105876,9
video_105904,9
video_105907,9
video_105933,9
video_105980,9
video_106008,29
video_10602,9
video_106065,9
video_106066,9
video_106121,29
video_106128,29
video_106153,9
video_106158,9
video_106201,9
video_106205,9
video_106226,9
video_106234,9
video_106299,9
video_106385,9
video_106464,9
video_106569,1
video_106589,29
video_106649,9
video_106690,9
video_106695,9
video_106768,9
video_106793,9
video_106868,9
video_106893,9
video_106897,9
video_106938,9
video_106969,9
video_106981,9
video_106982,29
video_10701,9
video_107027,29
video_107049,9
video_10705,9
video_107055,29
video_107056,9
video_107093,29
video_107124,9
video_107193,9
video_107200,1
video_107210,31
video_107220,9
video_107227,9
video_107241,9
video_107290,9
video_107311,9
video_10737,9
video_107379,9
video_10741,29
video_107428,9
video_107516,9
video_107540,9
video_107541,29
video_107552,9
video_107562,29
video_107653,9
video_107665,29
video_107684,9
video_107734,9
video_107746,9
video_107764,9
video_107807,29
video_107832,9
video_107841,9
video_107842,9
video_107904,29
video_107980,29
video_107991,29
video_107994,9
video_108009,9
video_108043,9
video_108059,9
video_108060,9
video_108078,29
video_108131,29
video_108194,29
video_108207,9
video_108214,29
video_108269,29
video_108298,9
video_108340,9
video_108354,9
video_108356,29
video_108370,9
video_108405,29
video_108428,29
video_10850,9
video_108511,9
video_10852,9
video_108534,29
video_108586,9
video_108594,9
video_1086,9
video_108605,9
video_108634,9
video_108639,9
video_108689,9
video_108692,9
video_10872,31
video_108751,1
video_108775,9
video_10879,29
video_108805,9
video_10886,9
video_108882,9
video_108893,29
video_108990,9
video_109000,29
video_109069,9
video_10910,9
video_109115,1
video_109117,9
video_109182,9
video_109199,9
video_10926,9
video_109275,9
video_109301,9
video_109323,9
video_10933,1
video_109345,9
video_109368,9
video_109372,29
video_109427,9
video_109438,9
video_109473,9
video_109556,9
video_109559,9
video_109585,9
video_109674,29
video_109691,9
video_109749,9
video_109762,1
video_109769,9
video_109779,29
video_109849,9
video_109896,9
video_109942,9
video_109974,29
video_109996,29
video_11,29
video_11000,9
video_110045,9
video_110088,9
video_110097,9
video_11014,9
video_110144,29
video_110227,9
video_110265,29
video_110277,9
video_110306,9
video_11033,29
video_110357,9
video_110415,9
video_110429,9
video_110466,9
video_110538,29
video_11062,9
video_110636,9
video_110644,9
video_11065,9
video_110652,9
video_110729,9
video_110739,9
video_110771,9
video_110787,9
video_110810,9
video_110831,29
video_110834,9
video_110914,9
video_110960,31
video_110981,29
video_110984,9
video_11102,9
video_111051,9
video_111096,9
video_11110,9
video_111126,9
video_111133,29
video_111136,29
video_111139,29
video_111399,29
video_111462,9
video_111481,9
video_111485,29
video_111498,29
video_111571,1
video_111572,9
video_111577,29
video_111611,9
video_111617,9
video_111622,9
video_111669,9
video_111685,9
video_111715,9
video_111734,9
video_111760,9
video_111776,9
video_111779,9
video_111782,1
video_111865,29
video_111916,9
video_111917,9
video_111951,9
video_111956,29
video_111980,9
video_111982,9
video_11202,31
video_112036,9
video_11205,9
video_112062,29
video_11207,9
video_11208,9
video_11211,9
video_112115,9
video_112127,9
video_112138,9
video_112145,9
video_112190,29
video_112203,9
video_112219,29
video_112242,29
video_112249,29
video_112323,29
video_112355,9
video_112359,9
video_112384,29
video_112398,9
video_112439,9
video_112446,9
video_112473,9
video_112520,9
video_112526,29
video_112562,9
video_1126,29
video_112623,9
video_112625,9
video_112634,29
video_112652,9
video_112693,9
video_112700,9
video_112729,29
video_112875,29
video_112887,9
video_112888,9
video_112914,29
video_112950,9
video_112960,9
video_112973,9
video_113032,29
video_113037,9
video_113039,1
video_113118,22
video_113150,9
video_113183,9
video_1132,29
video_113218,9
video_113255,9
video_113256,1
video_113299,9
video_113310,9
video_113400,9
video_113452,9
video_113518,22
video_113546,9
video_113560,9
video_113605,29
video_113665,9
video_113671,9
video_113754,29
video_113819,9
video_113835,29
video_113841,9
video_113891,29
video_113900,29
video_113956,9
video_113967,9
video_113985,29
video_114021,22
video_11403,9
video_114051,29
video_114167,9
video_114189,9
video_114197,9
video_114208,9
video_114223,9
video_114259,9
video_114288,9
video_114292,29
video_114302,9
video_114353,29
video_114369,9
video_114388,9
video_114391,9
video_114395,9
video_114420,9
video_114464,1
video_114483,29
video_114498,9
video_114519,29
video_114531,9
video_114559,9
video_114587,9
video_114598,29
video_114604,9
video_114623,29
video_114643,9
video_114684,9
video_114713,9
video_114801,9
video_114831,9
video_114882,9
video_11489,9
video_114919,29
video_114936,9
video_114952,9
video_114963,29
video_114970,9
video_114984,9
video_115029,9
video_115065,9
video_115077,9
video_115179,29
video_115199,29
video_115298,9
video_115317,29
video_115318,1
video_115328,9
video_11534,29
video_115340,9
video_11535,9
video_115363,9
video_115366,9
video_115388,9
video_115415,9
video_115442,9
video_115466,9
video_11547,9
video_115476,29
video_11549,9
video_115537,29
video_115558,9
video_115598,9
video_115603,9
video_115695,9
video_115696,29
video_115760,29
video_115769,9
video_115785,29
video_115787,9
video_11579,9
video_115798,9
video_115801,9
video_11583,9
video_115838,29
video_115941,1
video_116039,9
video_116089,9
video_116101,29
video_11611,29
video_116187,9
video_116215,9
video_116225,9
video_11630,29
video_116408,9
video_116409,9
video_116426,29
video_11645,9
video_116505,9
video_116542,9
video_116556,29
video_11656,9
video_116577,9
video_116587,9
video_116599,9
video_116628,29
video_116649,9
video_116678,9
video_116703,9
video_116752,9
video_11685,9
video_116890,9
video_1169,9
video_116908,9
video_116937,29
video_116994,9
video_11701,9
video_117122,9
video_117176,9
video_117181,9
video_117259,29
video_117275,9
video_117365,9
video_117405,9
video_11743,9
video_117476,9
video_117496,29
video_117503,29
video_117522,29
video_117529,9
video_117542,9
video_117545,9
video_117580,9
video_117607,9
video_117632,29
video_117657,29
video_11767,9
video_117709,9
video_117737,29
video_117783,9
video_117795,29
video_117812,29
video_117834,9
video_11784,9
video_11803,9
video_118034,29
video_118050,29
video_118060,29
video_118063,9
video_118081,9
video_118098,9
video_118127,9
video_118147,9
video_11815,9
video_118157,9
video_118198,31
video_118200,29
video_118215,9
video_118226,29
video_118249,9
video_118263,9
video_118330,9
video_118334,9
video_118337,29
video_118351,29
video_118390,9
video_118453,9
video_118513,29
video_118519,9
video_118522,9
video_118534,9
video_118548,29
video_118599,9
video_118630,9
video_118659,9
video_118665,29
video_118669,9
video_118683,9
video_118754,9
video_118765,29
video_118823,9
video_11886,9
video_118866,9
video_118883,9
video_118916,9
video_118928,9
video_118951,9
video_118952,29
video_119006,9
video_11901,9
video_119011,9
video_119036,9
video_119093,29
video_11912,9
video_119127,9
video_119150,9
video_11919,9
video_119202,9
video_119221,9
video_119226,9
video_119248,9
video_119290,9
video_119299,9
video_119309,29
video_119315,9
video_119363,9
video_119385,29
video_119389,9
video_119393,29
video_119399,9
video_11941,9
video_119490,9
video_11950,9
video_119574,29
video_119577,29
video_119583,1
video_119586,9
video_119591,9
video_119618,9
video_119665,9
video_11972,29
video_119725,9
video_119738,9
video_119741,9
video_119788,29
video_119804,1
video_119876,9
video_119893,9
video_119967,9
video_11997,9
video_119996,9
video_120039,22
video_120075,9
video_120104,29
video_120118,1
video_120170,29
video_120194,9
video_120234,9
video_120236,9
video_120251,9
video_120257,9
video_120281,9
video_120304,29
video_120325,29
video_120326,29
video_120327,9
video_12036,9
video_120390,9
video_120428,9
video_12044,9
video_120449,29
video_120451,9
video_120513,9
video_120634,9
video_120717,29
video_120732,9
video_120746,9
video_120778,9
video_120792,9
video_120814,9
video_120836,9
video_12091,29
video_120958,9
video_121018,29
video_121019,29
video_121050,29
video_121082,9
video_121102,9
video_121182,9
video_121186,9
video_121207,9
video_121219,9
video_121250,9
video_121275,9
video_121278,9
video_121292,9
video_121296,9
video_121298,29
video_121307,29
video_12131,29
video_121325,9
video_121326,9
video_121380,9
video_12141,9
video_12142,29
video_121493,29
video_121514,9
video_121522,29
video_121532,9
video_121539,9
video_121550,29
video_12157,9
video_121635,29
video_121695,9
video_12170,9
video_121702,9
video_121720,9
video_121758,29
video_121771,9
video_121777,9
video_121788,9
video_121789,9
video_121820,9
video_121900,9
video_121901,9
video_122044,9
video_122080,29
video_122086,9
video_122105,9
video_122168,9
video_12217,9
video_12218,9
video_122204,9
video_122209,9
video_122217,29
video_12234,29
video_12236,9
video_122415,29
video_122422,9
video_122504,9
video_122516,9
video_12256,29
video_122572,9
video_122574,9
video_122599,9
video_12262,9
video_122649,9
video_122651,29
video_122662,9
video_122688,29
video_122710,9
video_122797,9
video_12283,9
video_122845,9
video_122846,9
video_122860,9
video_122917,9
video_123008,9
video_12302,29
video_123077,9
video_12308,9
video_123082,9
video_123090,9
video_123093,29
video_123123,9
video_123128,9
video_123138,9
video_123222,29
video_123223,9
video_123234,9
video_123242,9
video_123244,29
video_123256,9
video_12328,9
video_123313,29
video_123343,9
video_123402,9
video_123408,9
video_123435,29
video_123443,9
video_123483,1
video_123495,1
video_123545,9
video_123561,9
video_123599,29
video_12360,9
video_123643,29
video_123707,9
video_123717,29
video_123726,9
video_123732,9
video_123788,9
video_12381,9
video_123857,9
video_12393,9
video_123963,9
video_123971,9
video_124002,29
video_124018,29
video_124021,9
video_124033,9
video_124034,9
video_124077,29
video_124091,9
video_12411,1
video_124190,9
video_124252,1
video_124281,9
video_124313,9
video_124345,29
video_124366,9
video_124375,29
video_124380,29
video_12446,9
video_124469,9
video_124481,29
video_124482,29
video_124589,9
video_124592,29
video_1246,9
video_124612,9
video_12466,9
video_124723,9
video_124724,9
video_124736,1
video_124751,9
video_124818,9
video_124826,9
video_124923,1
video_124933,9
video_124980,9
video_124999,9
video_125008,9
video_125019,29
video_125028,9
video_125094,9
video_125164,9
video_125179,29
video_125203,29
video_125275,9
video_125362,9
video_125460,29
video_125492,9
video_125504,29
video_125539,9
video_125554,9
video_125561,9
video_125596,9
video_125612,9
video_125613,9
video_125665,9
video_125666,9
video_125759,9
video_125843,9
video_125876,9
video_12590,29
video_125917,9
video_126002,1
video_126005,9
video_126016,9
video_126037,29
video_126088,9
video_126118,9
video_126190,9
video_126192,29
video_126275,9
video_126354,9
video_126366,29
video_126372,29
video_126388,9
video_126391,29
video_12641,29
video_126422,9
video_126493,29
video_126527,29
video_126536,9
video_126544,9
video_126568,9
video_126579,29
video_126636,9
video_12664,9
video_126651,9
video_126714,9
video_126778,9
video_126785,29
video_126802,29
video_12683,9
video_126869,9
video_126888,9
video_126911,9
video_12694,9
video_126969,9
video_126976,9
video_126984,1
video_127095,9
video_12712,29
video_127127,9
video_127130,9
video_127302,9
video_127355,29
video_127445,9
video_127502,9
video_127541,9
video_127547,9
video_127558,9
video_1276,9
video_127614,9
video_127731,9
video_127735,9
video_127745,9
video_127808,9
video_127820,9
video_127845,9
video_127892,9
video_127898,9
video_127922,29
video_12797,9
video_127979,29
video_128000,29
video_128010,29
video_128040,9
video_128111,9
video_128134,9
video_128190,29
video_128195,9
video_128244,9
video_128274,9
video_128329,29
video_128331,9
video_128358,9
video_128366,9
video_128370,9
video_128392,9
video_128409,9
video_128414,9
video_128459,9
video_128484,9
video_128580,9
video_128590,29
video_128605,29
video_128668,29
video_128686,1
video_128689,29
video_128705,9
video_128711,9
video_128716,1
video_128723,9
video_128729,9
video_128730,9
video_128761,29
video_128770,9
video_128799,9
video_128826,9
video_128895,9
video_128901,9
video_128911,9
video_128961,9
video_128964,29
video_128973,29
video_128977,9
video_129001,9
video_12901,29
video_129059,9
video_12908,9
video_12909,9
video_129096,31
video_129128,9
video_129136,29
video_129148,9
video_129171,9
video_12918,9
video_129283,29
video_129297,29
video_1293,9
video_129370,1
video_129377,29
video_12939,9
video_129400,9
video_129401,29
video_12941,9
video_129420,9
video_129423,9
video_129451,9
video_129493,29
video_129513,9
video_129536,29
video_129546,9
video_129553,9
video_12957,9
video_129595,29
video_129597,29
video_129662,9
video_129666,9
video_12970,1
video_129708,9
video_129748,1
video_129750,9
video_129761,9
video_129772,29
video_129810,9
video_12982,9
video_129896,29
video_12991,9
video_129936,9
video_129973,9
video_13,29
video_13002,9
video_130035,9
video_13009,9
video_130148,29
video_130160,9
video_130219,29
video_130253,29
video_130265,9
video_130276,9
video_130280,22
video_130297,29
video_130314,29
video_130324,1
video_13035,9
video_130358,9
video_130360,1
video_130403,9
video_130410,31
video_130415,9
video_130447,9
video_130459,9
video_130489,29
video_13049,9
video_130495,29
video_130513,9
video_13052,9
video_130558,29
video_130565,9
video_130675,9
video_130716,9
video_130723,9
video_130766,9
video_130796,29
video_130806,9
video_130847,1
video_130864,9
video_130894,9
video_130938,29
video_130940,9
video_13104,1
video_131067,29
video_131070,9
video_131191,9
video_131201,29
video_131204,9
video_131238,9
video_131274,9
video_131286,9
video_131323,9
video_131334,9
video_131357,9
video_131364,9
video_131380,9
video_131395,29
video_13146,29
video_131463,9
video_131524,1
video_131560,9
video_131588,29
video_131680,9
video_131698,1
video_131758,9
video_131794,9
video_131814,9
video_131832,29
video_131899,9
video_131906,9
video_13193,9
video_13195,9
video_131971,9
video_132052,29
video_132056,9
video_132090,29
video_132163,29
video_132201,9
video_132228,29
video_132256,1
video_132291,9
video_132295,29
video_132357,1
video_132368,9
video_132386,9
video_132439,9
video_132445,29
video_132446,9
video_132457,9
video_132474,9
video_132537,29
video_132540,1
video_132564,9
video_132576,9
video_132586,29
video_132607,9
video_132639,9
video_132687,9
video_132709,9
video_132775,29
video_132797,29
video_132809,9
video_132831,29
video_132849,9
video_132867,9
video_13295,9
video_132985,9
video_132988,9
video_133012,9
video_133062,29
video_133075,9
video_133086,9
video_133100,9
video_133122,9
video_133128,9
video_133135,9
video_133213,29
video_133221,9
video_133228,9
video_133233,9
video_133237,9
video_133247,29
video_13330,9
video_133309,9
video_133357,9
video_133374,9
video_133379,9
video_133398,9
video_133412,29
video_133446,9
video_133464,9
video_13347,9
video_133584,29
video_133594,9
video_133633,9
video_133645,9
video_133647,29
video_133658,9
video_133685,9
video_1337,29
video_133705,29
video_133786,29
video_133818,9
video_133855,1
video_133889,9
video_13389,29
video_133895,9
video_133896,9
video_133922,9
video_133926,9
video_133956,9
video_133974,9
video_133987,1
video_134103,9
video_134112,9
video_134135,29
video_134160,9
video_134163,29
video_134202,9
video_13422,9
video_134302,9
video_134315,9
video_134327,29
video_134359,9
video_134382,9
video_134384,9
video_134395,9
video_134411,9
video_134412,9
video_134455,29
video_134495,9
video_134502,9
video_134542,29
video_134616,29
video_134619,9
video_134623,1
video_134634,9
video_134636,9
video_134643,9
video_134674,9
video_134693,29
video_134696,9
video_134705,9
video_134725,9
video_134743,9
video_134745,9
video_134771,9
video_134788,29
video_134850,9
video_134857,29
video_134858,9
video_134882,9
video_134902,9
video_134910,29
video_134912,9
video_134923,9
video_134933,9
video_134943,9
video_134965,29
video_134995,9
video_135013,9
video_135018,9
video_135037,1
video_135079,9
video_135110,9
video_135129,9
video_135189,9
video_1352,9
video_135216,29
video_135218,9
video_135220,9
video_135231,9
video_135251,9
video_135345,9
video_135366,9
video_135371,9
video_135378,29
video_135397,9
video_135408,9
video_135471,9
video_135505,29
video_135560,9
video_135576,9
video_135592,9
video_135599,31
video_135640,29
video_135681,9
video_135752,9
video_135793,9
video_135797,9
video_135804,9
video_135834,9
video_135872,29
video_135892,9
video_136013,9
video_136033,29
video_136038,9
video_136075,9
video_136083,9
video_136099,9
video_136105,1
video_13611,9
video_136117,9
video_136119,9
video_136124,9
video_13615,9
video_136203,9
video_136217,9
video_136234,29
video_136299,29
video_136316,9
video_136333,9
video_136373,29
video_136388,9
video_136430,1
video_136450,9
video_136496,9
video_136512,9
video_136525,9
video_136544,9
video_136587,9
video_136588,29
video_136674,29
video_136703,9
video_13673,9
video_136751,9
video_136752,9
video_136754,29
video_136786,9
video_136792,9
video_136796,9
video_136801,9
video_136806,29
video_13682,9
video_136847,9
video_136889,31
video_136912,29
video_136913,29
video_136915,1
video_136956,9
video_136979,9
video_136980,9
video_137036,9
video_137097,9
video_137106,9
video_13713,9
video_137158,29
video_137167,9
video_137196,9
video_137226,9
video_137289,9
video_137300,1
video_137332,9
video_137355,9
video_137366,29
video_13737,9
video_137419,9
video_137420,9
video_137463,9
video_137466,9
video_137485,1
video_137493,9
video_137524,9
video_137532,9
video_137566,9
video_137605,9
video_137615,9
video_137628,29
video_137691,9
video_137694,9
video_137738,9
video_137774,9
video_137903,9
video_137975,29
video_138039,9
video_138040,9
video_138111,9
video_138172,31
video_138234,9
video_138328,9
video_138334,9
video_138349,29
video_138401,29
video_138402,9
video_13846,29
video_138503,9
video_138511,9
video_138556,9
video_138632,29
video_138635,29
video_138641,29
video_13865,9
video_13866,29
video_138708,29
video_138776,29
video_138779,9
video_138812,9
video_138846,29
video_138851,9
video_138898,9
video_138900,9
video_138930,9
video_138940,9
video_138943,29
video_139022,9
video_139071,9
video_139078,9
video_139234,9
video_139347,9
video_139399,9
video_139403,9
video_139418,9
video_139469,1
video_139526,9
video_13957,9
video_1396,9
video_139616,9
video_139667,9
video_139668,9
video_139792,1
video_139809,9
video_139839,9
video_13987,9
video_139894,9
video_139973,29
video_139982,1
video_14000,29
video_140010,9
video_140029,9
video_140090,9
video_140107,29
video_140126,1
video_140127,9
video_140149,9
video_14015,9
video_140160,29
video_140168,9
video_140176,29
video_140182,9
video_140188,9
video_140195,9
video_140226,9
video_140251,9
video_140257,9
video_140277,29
video_140382,29
video_140457,9
video_140475,9
video_140519,9
video_140551,9
video_14058,29
video_140595,31
video_140601,29
video_140624,9
video_140676,9
video_140693,9
video_140708,29
video_140714,9
video_140764,9
video_140839,9
video_140852,9
video_140855,9
video_140869,29
video_140873,9
video_140960,29
video_14099,29
video_141000,9
video_141011,1
video_141014,9
video_141020,29
video_141033,9
video_141034,9
video_14104,9
video_141053,9
video_141079,9
video_14109,29
video_141157,9
video_141183,29
video_141258,9
video_141265,9
video_141339,9
video_141359,29
video_141393,29
video_141430,9
video_141490,9
video_141491,9
video_141518,9
video_141571,9
video_141639,29
video_14165,29
video_141654,1
video_14168,29
video_141681,9
video_141694,9
video_14174,29
video_141760,29
video_141877,9
video_141914,9
video_141931,9
video_141942,29
video_141946,1
video_141949,9
video_141985,9
video_1420,1
video_142031,9
video_142036,29
video_142057,9
video_142067,9
video_142080,9
video_142081,9
video_1421,9
video_142119,29
video_142243,29
video_142275,9
video_142311,9
video_142313,9
video_142328,9
video_142334,9
video_14237,9
video_142445,29
video_142453,9
video_142458,29
video_14246,9
video_142467,9
video_14259,9
video_142671,29
video_142756,9
video_142759,9
video_142809,9
video_142812,29
video_14284,9
video_142865,9
video_142867,29
video_142896,9
video_142899,9
video_142910,9
video_142956,29
video_14296,29
video_142988,9
video_143003,9
video_143057,9
video_143064,9
video_143068,9
video_143070,9
video_143127,9
video_143171,9
video_143172,9
video_143190,29
video_143213,29
video_143256,9
video_143347,9
video_143441,29
video_143461,9
video_143526,9
video_143547,9
video_143647,9
video_1437,9
video_143726,29
video_143735,9
video_143750,9
video_143789,29
video_143794,9
video_143798,9
video_143852,9
video_143876,9
video_143914,29
video_14392,9
video_143933,9
video_143945,9
video_143956,9
video_143965,29
video_143992,9
video_144005,29
video_144029,29
video_144048,9
video_144053,9
video_144069,29
video_144083,29
video_14414,9
video_144149,29
video_144170,9
video_144179,9
video_144184,9
video_144237,9
video_144286,1
video_144301,9
video_144333,29
video_144340,9
video_144370,9
video_144376,9
video_144394,9
video_144413,29
video_144438,29
video_144483,9
video_144491,9
video_144561,9
video_144569,29
video_14459,31
video_144632,9
video_144704,9
video_144741,9
video_144751,9
video_144777,9
video_144806,9
video_144847,9
video_14494,9
video_14495,9
video_144972,9
video_144983,9
video_145034,9
video_145077,29
video_145079,9
video_145135,9
video_145244,9
video_145248,9
video_145251,9
video_145291,9
video_1453,29
video_145356,29
video_145404,9
video_145405,9
video_145422,9
video_145477,29
video_145483,9
video_145495,9
video_1455,9
video_145539,9
video_145585,9
video_145603,9
video_145604,9
video_145650,9
video_145676,29
video_145693,9
video_145702,9
video_145800,29
video_145804,9
video_145871,9
video_145927,9
video_145997,29
video_146068,9
video_14608,1
video_146085,9
video_146166,9
video_146186,9
video_146200,9
video_14621,9
video_146233,9
video_146237,9
video_146267,9
video_14627,9
video_146293,9
video_146313,9
video_146323,9
video_146327,29
video_146372,9
video_146377,9
video_146382,29
video_146413,9
video_14642,9
video_146424,29
video_146425,9
video_146553,1
video_146555,9
video_146573,9
video_146592,9
video_146630,9
video_146634,29
video_1467,9
video_146733,9
video_146765,9
video_146778,9
video_14678,9
video_146788,9
video_146803,9
video_146862,9
video_146882,9
video_146924,9
video_146950,29
video_147005,9
video_147017,9
video_147026,9
video_1471,1
video_147174,9
video_147187,9
video_147194,9
video_147200,9
video_147290,9
video_147305,29
video_147327,9
video_147414,29
video_147423,9
video_147521,9
video_147610,9
video_147644,9
video_147663,9
video_147693,9
video_147704,9
video_147764,9
video_147911,9
video_147948,29
video_147951,9
video_147972,9
video_147996,9
video_148054,9
video_148065,9
video_148068,9
video_148202,9
video_148242,9
video_148245,9
video_148251,9
video_148252,9
video_148271,9
video_148305,9
video_148399,29
video_148465,9
video_148478,9
video_148527,9
video_148633,9
video_14864,29
video_148663,9
video_148674,9
video_148676,9
video_148759,9
video_148824,9
video_148825,9
video_148846,9
video_148857,29
video_148877,9
video_148922,29
video_148929,29
video_148934,9
video_148956,29
video_148959,9
video_149053,9
video_14907,9
video_149091,9
video_149093,1
video_149106,9
video_149125,9
video_149146,29
video_14921,9
video_149215,9
video_149226,9
video_149251,9
video_149253,9
video_149326,9
video_149340,29
video_149342,9
video_149375,9
video_149407,9
video_14943,9
video_149433,29
video_14945,9
video_149539,9
video_149602,9
video_149609,9
video_149620,9
video_149686,1
video_149690,29
video_149691,9
video_149727,9
video_149730,9
video_149746,9
video_149776,9
video_149794,9
video_149815,9
video_149850,29
video_149867,9
video_149885,9
video_149889,9
video_149933,9
video_149955,9
video_149957,9
video_149962,9
video_149982,9
video_15001,9
video_150049,9
video_150053,29
video_150114,29
video_150115,29
video_15013,9
video_150142,9
video_150152,29
video_150196,9
video_150210,29
video_150219,29
video_150231,9
video_150276,9
video_150322,29
video_150361,9
video_150372,1
video_150385,9
video_150425,29
video_150432,29
video_150446,9
video_150454,9
video_150478,9
video_150488,9
video_150546,9
video_150578,29
video_150619,9
video_150675,9
video_150679,29
video_150696,9
video_150718,9
video_150725,9
video_150727,29
video_150746,29
video_150865,9
video_150897,9
video_150908,9
video_150954,9
video_151075,9
video_151076,9
video_15109,1
video_151113,29
video_151163,9
video_151191,9
video_151209,9
video_151245,29
video_151251,9
video_151315,9
video_151325,9
video_151347,9
video_151410,9
video_151440,29
video_151470,9
video_151494,9
video_151502,1
video_151525,9
video_151557,9
video_151621,9
video_15167,9
video_151703,9
video_15171,9
video_151713,9
video_151748,9
video_151794,29
video_151817,9
video_151826,9
video_151840,9
video_151850,29
video_151890,9
video_151898,9
video_151918,29
video_151920,9
video_151966,9
video_151969,9
video_151971,9
video_151988,9
video_152014,29
video_152067,29
video_152082,9
video_152126,9
video_15214,9
video_152191,29
video_152311,9
video_152330,29
video_152332,9
video_152347,9
video_152388,9
video_152411,9
video_152433,9
video_152435,9
video_152498,9
video_152521,29
video_152568,29
video_152590,9
video_15260,9
video_152661,29
video_152764,9
video_152765,29
video_152848,9
video_152897,9
video_152901,9
video_152913,9
video_152930,9
video_15295,9
video_152962,29
video_153002,9
video_153016,29
video_153050,29
video_153093,1
video_153150,9
video_153156,29
video_153176,9
video_153206,29
video_153318,9
video_153334,29
video_153403,29
video_153406,9
video_153408,9
video_153436,9
video_153456,9
video_153472,29
video_153475,9
video_153488,9
video_15353,9
video_153616,9
video_15362,9
video_153674,9
video_153681,29
video_153737,9
video_153808,9
video_153833,1
video_153857,9
video_153933,9
video_153956,29
video_153987,29
video_153993,9
video_154021,9
video_15405,9
video_154075,9
video_154086,29
video_154102,29
video_154125,29
video_154134,29
video_154184,9
video_154235,9
video_154248,29
video_154284,9
video_15433,9
video_154408,29
video_154466,9
video_154495,9
video_154522,9
video_154538,9
video_154659,9
video_15471,9
video_154719,9
video_154725,29
video_154853,9
video_154878,9
video_154893,9
video_154901,9
video_155,29
video_15501,9
video_15502,29
video_155035,9
video_155036,29
video_155047,29
video_155074,9
video_155107,1
video_155115,9
video_155122,9
video_155219,29
video_155253,9
video_155263,9
video_155281,29
video_155318,9
video_155320,31
video_155349,9
video_15536,9
video_155393,9
video_155428,9
video_15548,9
video_155484,9
video_155507,9
video_155630,9
video_155662,9
video_155667,9
video_155698,9
video_155799,9
video_155800,9
video_155865,9
video_155867,29
video_155871,29
video_155888,29
video_155912,9
video_155944,29
video_156014,9
video_156049,9
video_156081,9
video_156111,1
video_156128,9
video_156143,9
video_156179,9
video_156215,9
video_156237,9
video_156263,29
video_156277,9
video_156314,9
video_156328,29
video_15638,9
video_156388,9
video_156389,9
video_156399,9
video_156416,9
video_156442,29
video_156448,29
video_156452,1
video_156467,29
video_156510,29
video_156513,9
video_156551,9
video_156667,29
video_156700,29
video_15671,9
video_156787,29
video_156811,9
video_156848,29
video_156861,1
video_156878,9
video_156932,9
video_156961,29
video_157007,29
video_157079,9
video_157103,9
video_157135,9
video_157153,9
video_157163,9
video_157189,9
video_157194,9
video_157295,29
video_157383,29
video_15740,29
video_157485,9
video_157558,29
video_15756,9
video_157612,29
video_157624,9
video_157677,9
video_157688,9
video_157727,9
video_157776,1
video_157791,9
video_157833,29
video_15789,9
video_158047,9
video_158139,9
video_158154,29
video_158184,29
video_158191,9
video_158202,29
video_158212,1
video_158215,1
video_158263,9
video_158302,1
video_158326,29
video_158328,9
video_158348,9
video_158350,9
video_158377,29
video_158385,9
video_158387,9
video_158424,29
video_158440,9
video_158497,9
video_158505,9
video_158566,9
video_158607,9
video_158637,9
video_158649,9
video_158657,29
video_158666,29
video_158676,9
video_158678,9
video_158712,9
video_158718,9
video_158743,9
video_158766,9
video_158780,9
video_15880,29
video_158819,9
video_158826,9
video_158836,9
video_158859,29
video_158866,29
video_15891,9
video_158998,9
video_159009,29
video_159087,9
video_159092,9
video_159139,29
video_159150,9
video_159156,9
video_159171,9
video_159173,9
video_159178,9
video_159186,9
video_159199,9
video_159218,9
video_159227,9
video_159261,29
video_159274,9
video_159292,9
video_159323,9
video_159388,29
video_159522,9
video_159545,29
video_159550,9
video_159561,9
video_159616,29
video_159633,9
video_15964,9
video_159839,9
video_159853,29
video_159861,9
video_159887,29
video_159940,29
video_159944,9
video_159955,9
video_159974,29
video_159978,29
video_159984,9
video_159985,1
video_15999,29
video_160064,1
video_16010,29
video_160118,9
video_16012,9
video_160123,29
video_160177,29
video_16018,1
video_160188,9
video_160242,9
video_160244,9
video_160248,9
video_160340,9
video_16036,9
video_160395,9
video_160516,9
video_160527,9
video_160579,9
video_160609,9
video_16061,9
video_160614,9
video_16063,9
video_160642,9
video_160654,9
video_160670,9
video_160722,29
video_160733,9
video_160740,9
video_160829,9
video_160847,29
video_160854,9
video_16086,29
video_160861,9
video_160869,9
video_160882,9
video_160889,29
video_160903,9
video_160960,9
video_16097,9
video_161019,9
video_16106,9
video_161080,9
video_161118,9
video_161122,9
video_161135,9
video_161136,9
video_161153,9
video_161198,29
video_1612,9
video_161226,29
video_161230,9
video_161261,9
video_161262,9
video_161272,29
video_161348,9
video_161391,1
video_161402,29
video_161413,9
video_161425,9
video_161445,9
video_161478,9
video_16151,29
video_161545,9
video_161565,9
video_161570,9
video_161590,9
video_161606,9
video_161612,29
video_161629,9
video_161707,9
video_161726,1
video_16177,29
video_161789,9
video_161803,9
video_161804,9
video_161827,29
video_161966,9
video_161994,9
video_162,9
video_162006,29
video_162060,1
video_162110,9
video_162157,29
video_162170,29
video_162195,9
video_162210,1
video_162216,29
video_16222,9
video_162230,9
video_162260,1
video_162279,9
video_162286,9
video_16229,9
video_162342,9
video_162355,9
video_162365,29
video_162389,9
video_162423,9
video_162434,29
video_16247,9
video_162567,9
video_162568,9
video_162577,9
video_162612,9
video_162660,29
video_162708,9
video_162725,9
video_162733,9
video_162741,9
video_162778,9
video_162815,9
video_162816,9
video_162837,9
video_162840,9
video_162847,9
video_162886,9
video_162919,29
video_162930,9
video_162935,29
video_162950,9
video_16297,9
video_163045,9
video_163102,29
video_16316,29
video_163178,9
video_163184,9
video_163209,9
video_163211,9
video_16322,9
video_163239,9
video_163274,9
video_163276,29
video_163287,29
video_163325,9
video_163356,29
video_163367,9
video_163415,29
video_163437,29
video_163451,9
video_163452,1
video_163455,9
video_163464,9
video_16347,29
video_1635,9
video_16356,9
video_163582,29
video_16360,9
video_163640,29
video_163722,29
video_163744,29
video_163812,9
video_163818,9
video_163866,1
video_163873,9
video_163882,9
video_163924,29
video_164015,9
video_164020,9
video_164033,9
video_164035,9
video_164052,9
video_164075,9
video_164091,9
video_164120,29
video_164136,9
video_16415,29
video_164268,9
video_164311,9
video_164312,9
video_164316,9
video_164333,9
video_164341,9
video_164345,9
video_164350,9
video_164409,29
video_164434,9
video_164477,9
video_164489,31
video_164506,9
video_164526,29
video_164575,9
video_164580,9
video_164591,9
video_16461,9
video_16462,9
video_16464,9
video_164689,29
video_164702,29
video_164704,9
video_16472,29
video_164738,9
video_164752,9
video_164782,9
video_164789,9
video_164822,29
video_164833,1
video_164879,29
video_164888,9
video_164899,31
video_16491,9
video_164922,9
video_164944,9
video_164949,29
video_164958,9
video_164962,29
video_164988,9
video_164992,9
video_165020,9
video_165063,29
video_165084,9
video_165089,9
video_165111,9
video_165247,9
video_16530,9
video_165314,29
video_165321,9
video_165392,29
video_165394,9
video_165439,9
video_165456,9
video_16546,9
video_165472,9
video_165473,9
video_165493,9
video_165563,1
video_165602,29
video_165633,9
video_16564,29
video_165654,9
video_165661,9
video_165721,1
video_165722,9
video_165758,9
video_165773,9
video_165777,9
video_165783,9
video_165839,9
video_165864,9
video_16590,9
video_165904,29
video_16592,29
video_165926,9
video_16594,9
video_165944,9
video_165958,29
video_16598,9
video_166051,9
video_166066,29
video_166117,9
video_166146,9
video_166155,9
video_166167,29
video_166189,9
video_166268,9
video_166279,29
video_166284,29
video_166310,29
video_166313,29
video_166391,9
video_166429,31
video_166473,9
video_166510,29
video_166516,9
video_166528,29
video_166533,9
video_166545,29
video_166594,9
video_166623,9
video_166679,9
video_166740,9
video_166747,9
video_166822,9
video_166918,29
video_16692,29
video_166928,9
video_166930,9
video_166998,9
video_167016,29
video_167087,9
video_167125,9
video_167217,9
video_167234,9
video_1673,9
video_167305,9
video_16731,9
video_167368,9
video_167375,9
video_167402,9
video_167429,9
video_167454,29
video_167467,9
video_167481,9
video_167600,29
video_167619,29
video_167673,9
video_167692,1
video_167696,29
video_167712,29
video_167724,29
video_167742,9
video_167752,9
video_167755,1
video_167757,9
video_167774,29
video_167817,9
video_167824,9
video_167902,29
video_167955,9
video_167978,9
video_168012,9
video_168026,9
video_168064,29
video_168095,9
video_1681,29
video_168139,9
video_168158,9
video_168302,9
video_168328,1
video_168399,9
video_168422,9
video_168472,9
video_168490,9
video_168665,9
video_168686,9
video_168695,9
video_168739,29
video_168759,9
video_168767,29
video_16877,9
video_168817,9
video_168830,1
video_16885,9
video_168869,29
video_168886,29
video_168895,9
video_168901,9
video_168909,9
video_168920,9
video_168925,29
video_168955,29
video_168979,31
video_16898,29
video_169008,9
video_169077,9
video_169109,29
video_169140,29
video_16915,9
video_169182,9
video_169243,9
video_169252,9
video_169282,9
video_169290,9
video_169304,9
video_169320,9
video_169340,9
video_169341,9
video_169345,9
video_169366,9
video_169407,9
video_16941,9
video_169427,29
video_169455,9
video_169486,9
video_169557,29
video_169596,9
video_16964,29
video_169680,29
video_169722,9
video_169741,9
video_169744,9
video_169752,9
video_16976,9
video_169762,9
video_169798,29
video_169823,29
video_169869,29
video_169902,9
video_169979,9
video_169988,9
video_170048,29
video_170059,9
video_170060,1
video_170072,9
video_170102,9
video_170117,9
video_170133,9
video_170201,9
video_17022,9
video_17025,9
video_170311,9
video_170348,9
video_170370,29
video_17041,9
video_170448,9
video_170473,9
video_170477,9
video_170545,9
video_170582,9
video_170589,9
video_170620,9
video_170669,29
video_170695,9
video_170697,9
video_170745,9
video_170755,9
video_17078,9
video_170825,9
video_170978,29
video_171009,9
video_171090,29
video_171120,9
video_171143,9
video_171171,9
video_171176,9
video_171197,9
video_171247,9
video_171265,9
video_171266,29
video_171314,9
video_171385,9
video_171425,1
video_171530,9
video_171532,9
video_171561,9
video_17165,9
video_171654,29
video_1717,9
video_171700,29
video_171714,9
video_171727,9
video_171735,29
video_17175,29
video_171773,29
video_171799,9
video_171840,9
video_171857,9
video_171858,29
video_171860,9
video_171902,29
video_171916,9
video_171928,9
video_171930,9
video_171943,9
video_171978,29
video_171990,9
video_172005,9
video_172016,9
video_172035,29
video_172048,9
video_172053,9
video_172065,29
video_172071,9
video_172085,9
video_172126,9
video_172137,29
video_172148,9
video_172153,9
video_172178,9
video_172210,9
video_17222,9
video_172278,9
video_172298,9
video_172311,29
video_172324,9
video_172376,29
video_172396,9
video_172441,9
video_172484,9
video_172534,9
video_172562,9
video_172593,1
video_17260,9
video_172615,9
video_17263,9
video_172659,9
video_172668,9
video_172691,9
video_172723,9
video_172806,9
video_172825,9
video_172850,9
video_172862,9
video_172875,29
video_172894,9
video_172950,9
video_172996,9
video_173004,9
video_173032,29
video_173054,29
video_17313,9
video_173138,29
video_173141,29
video_173165,9
video_17318,9
video_173213,9
video_173217,9
video_173223,29
video_173236,9
video_173271,29
video_173332,9
video_173334,9
video_173356,29
video_173381,9
video_173445,9
video_173473,9
video_173482,29
video_173493,29
video_173517,9
video_173518,9
video_17352,9
video_173543,9
video_17355,29
video_173560,9
video_17357,29
video_173583,29
video_173589,1
video_17359,29
video_173608,9
video_173636,29
video_173672,9
video_173822,9
video_173826,29
video_173830,9
video_173868,9
video_173891,31
video_173899,9
video_173935,29
video_173958,9
video_173961,9
video_173973,9
video_173976,9
video_174018,9
video_17402,9
video_174029,9
video_17403,9
video_174059,9
video_174107,9
video_17412,9
video_174161,9
video_174177,29
video_174201,9
video_174266,9
video_174278,9
video_174321,29
video_174357,9
video_174359,9
video_174368,9
video_174383,9
video_174391,29
video_174403,9
video_174408,9
video_174413,9
video_1745,9
video_174528,9
video_174601,9
video_174602,9
video_174661,9
video_174697,29
video_174701,9
video_174727,9
video_17477,29
video_174833,9
video_174848,1
video_174849,29
video_174883,9
video_174888,9
video_174910,9
video_174916,9
video_174937,9
video_174944,9
video_174968,9
video_17499,9
video_174998,9
video_175001,9
video_175042,9
video_175047,9
video_175102,9
video_175106,9
video_175134,9
video_175226,9
video_175241,9
video_175249,29
video_175262,9
video_175310,9
video_175316,9
video_175333,9
video_175351,29
video_175368,9
video_175411,9
video_175424,9
video_175433,9
video_175485,9
video_175504,9
video_175514,29
video_175523,9
video_175530,9
video_175611,1
video_175651,9
video_175773,9
video_175784,1
video_175787,29
video_175820,29
video_175893,9
video_175898,9
video_175906,9
video_175928,29
video_175943,9
video_175950,9
video_17596,9
video_176002,9
video_176044,9
video_176084,9
video_176100,9
video_17613,9
video_176138,9
video_176184,9
video_176210,9
video_176260,29
video_176279,9
video_176376,29
video_176380,9
video_176387,9
video_176394,9
video_176427,9
video_176430,9
video_176490,9
video_176526,9
video_176536,29
video_176575,9
video_176636,9
video_176646,29
video_176658,29
video_176693,9
video_17671,9
video_176751,29
video_176752,9
video_176783,9
video_176796,29
video_176812,1
video_17687,9
video_176886,9
video_176900,9
video_176985,29
video_177022,9
video_17706,9
video_177062,9
video_177121,9
video_17718,9
video_177208,9
video_177210,9
video_177232,9
video_177391,9
video_177458,9
video_177477,9
video_177504,9
video_177511,9
video_177520,29
video_177529,9
video_17755,9
video_17756,29
video_177566,9
video_177588,9
video_177605,9
video_177613,9
video_177670,9
video_177681,29
video_177692,9
video_177706,9
video_177732,29
video_177781,9
video_177792,9
video_177828,9
video_177856,9
video_177892,9
video_177914,1
video_177942,29
video_177983,9
video_178016,29
video_178030,9
video_178031,9
video_178040,9
video_178078,9
video_178092,29
video_178096,9
video_178140,9
video_178175,9
video_178180,29
video_178184,29
video_178196,9
video_178286,29
video_178303,9
video_178328,9
video_178365,9
video_178394,9
video_178412,9
video_178414,9
video_178460,9
video_178469,9
video_178498,9
video_178504,9
video_178505,9
video_178524,9
video_178532,9
video_178537,9
video_178553,9
video_178607,9
video_178614,9
video_178619,9
video_17862,29
video_178707,9
video_17871,9
video_178766,1
video_178811,29
video_178826,9
video_178881,9
video_178898,9
video_178930,9
video_178981,9
video_178997,9
video_179008,9
video_179020,9
video_179036,29
video_179052,9
video_179056,29
video_179109,9
video_179146,29
video_179236,9
video_179241,9
video_179242,9
video_179250,29
video_179258,9
video_179275,9
video_179287,29
video_179290,29
video_179291,9
video_179333,9
video_179348,9
video_179372,9
video_179374,29
video_179417,9
video_179486,9
video_179587,29
video_179591,9
video_179632,9
video_179658,9
video_179707,9
video_17975,1
video_179752,9
video_179760,1
video_179784,29
video_179826,9
video_179878,29
video_17988,9
video_179911,29
video_179919,9
video_179955,9
video_179966,9
video_179980,9
video_179984,9
video_180003,9
video_180014,9
video_180060,29
video_180064,9
video_180107,9
video_180150,1
video_180157,29
video_180181,9
video_180184,1
video_180202,9
video_180232,29
video_180282,9
video_1803,9
video_180314,9
video_180335,9
video_180415,9
video_180427,9
video_180433,9
video_180437,29
video_180441,9
video_18045,9
video_180469,9
video_180477,9
video_180506,9
video_180539,9
video_180546,9
video_180579,9
video_180748,9
video_180762,9
video_180800,9
video_180808,9
video_180813,9
video_180821,9
video_18085,9
video_180875,9
video_180926,9
video_180943,9
video_180961,9
video_180994,9
video_181005,9
video_181047,9
video_181113,9
video_181176,29
video_181201,9
video_181218,9
video_181221,9
video_18128,9
video_181308,9
video_181333,9
video_181355,29
video_181361,9
video_181395,9
video_181453,9
video_181469,9
video_181472,9
video_18149,9
video_181525,9
video_181562,9
video_181675,9
video_181700,9
video_181723,9
video_181743,9
video_181771,9
video_181780,9
video_181843,29
video_181855,29
video_181884,29
video_182010,9
video_18211,1
video_182116,9
video_182145,9
video_182213,9
video_182234,9
video_182289,9
video_18229,9
video_182308,9
video_182310,9
video_182334,9
video_182356,9
video_182409,29
video_182412,29
video_182449,9
video_182469,9
video_182499,29
video_182500,9
video_182541,9
video_182612,9
video_182624,29
video_182746,29
video_182765,1
video_182822,29
video_182872,9
video_182883,9
video_182901,29
video_182927,9
video_182931,29
video_182956,9
video_182984,9
video_182992,9
video_18304,29
video_183071,9
video_183084,9
video_183088,9
video_183127,1
video_183161,9
video_18317,29
video_18319,9
video_183213,9
video_183220,9
video_18326,9
video_183325,29
video_183360,29
video_183369,9
video_183383,29
video_183395,9
video_183419,29
video_183441,9
video_183445,9
video_183446,9
video_183476,9
video_183481,29
video_183509,9
video_183561,9
video_183562,9
video_183587,9
video_183617,9
video_183634,1
video_183647,29
video_183665,9
video_183704,9
video_183780,9
video_183785,29
video_183819,29
video_183822,9
video_183842,9
video_183857,9
video_183871,9
video_183886,9
video_183895,29
video_183896,9
video_183903,29
video_183907,9
video_183910,9
video_183918,29
video_183994,9
video_184055,9
video_184071,9
video_184076,9
video_184105,29
video_184151,9
video_184156,29
video_184217,9
video_184250,29
video_184259,9
video_184260,9
video_184299,29
video_184352,29
video_184363,29
video_184367,9
video_184542,9
video_184576,9
video_184586,9
video_184594,9
video_18464,29
video_184664,9
video_184729,9
video_184738,29
video_18474,9
video_184752,29
video_184777,9
video_184787,9
video_184839,9
video_184885,9
video_184912,9
video_184915,9
video_185172,29
video_185179,9
video_185222,9
video_185238,9
video_185254,29
video_185273,9
video_185347,9
video_185412,9
video_185433,9
video_185450,29
video_185452,9
video_18546,9
video_18549,9
video_185505,29
video_185524,9
video_185564,1
video_185623,29
video_185678,9
video_185694,9
video_185744,29
video_185750,29
video_185783,9
video_185812,9
video_185850,9
video_185859,9
video_185869,9
video_185874,9
video_185898,9
video_185911,29
video_185971,9
video_186010,9
video_186028,9
video_186047,9
video_186051,29
video_186134,29
video_186147,9
video_186174,9
video_186178,9
video_186199,9
video_186257,9
video_186306,9
video_186308,9
video_186359,9
video_186363,29
video_186377,9
video_186420,9
video_186429,9
video_18644,9
video_186486,9
video_186490,9
video_186497,9
video_186561,9
video_186581,29
video_186611,9
video_186637,29
video_186657,9
video_186812,9
video_186832,29
video_186840,29
video_186869,29
video_186981,29
video_186983,9
video_186997,9
video_187008,9
video_187019,29
video_18703,29
video_187092,9
video_187119,9
video_187123,9
video_187154,9
video_187205,9
video_187208,9
video_187259,29
video_187266,1
video_187267,9
video_187313,9
video_187333,9
video_187339,9
video_187348,1
video_187364,9
video_187367,9
video_187436,9
video_187461,29
video_187538,9
video_187545,9
video_187548,9
video_187570,9
video_18758,9
video_18762,9
video_18765,9
video_187650,29
video_187652,1
video_187725,9
video_187736,9
video_187763,29
video_187811,9
video_187826,9
video_187837,9
video_187865,29
video_187929,29
video_187945,9
video_187972,9
video_188023,1
video_188045,9
video_188098,9
video_188128,9
video_188135,9
video_188205,9
video_188210,9
video_18835,9
video_188354,9
video_188370,1
video_188380,9
video_188389,9
video_188414,9
video_188448,9
video_188456,9
video_188520,9
video_188545,9
video_188554,9
video_188565,29
video_18858,9
video_188645,9
video_188690,9
video_188736,9
video_188738,9
video_188750,29
video_188753,9
video_188807,9
video_188812,9
video_188822,29
video_18892,9
video_189004,29
video_189163,1
video_189179,9
video_189181,9
video_189253,9
video_189263,1
video_189288,9
video_189293,29
video_189299,9
video_189339,9
video_189378,9
video_189384,9
video_189415,9
video_189431,9
video_189549,9
video_189573,29
video_189612,9
video_189637,9
video_189648,9
video_189709,9
video_189724,9
video_189754,29
video_18978,29
video_18982,29
video_189826,29
video_18987,31
video_1899,29
video_189912,1
video_189922,9
video_189958,9
video_19002,9
video_190047,29
video_19008,9
video_1901,9
video_190116,29
video_190150,1
video_190160,9
video_190206,29
video_190216,9
video_190231,9
video_190240,9
video_190277,9
video_19028,29
video_190291,29
video_190308,29
video_190315,29
video_190328,9
video_190355,9
video_19037,9
video_190390,9
video_1904,9
video_190402,9
video_190418,9
video_190433,29
video_190526,9
video_190548,29
video_190550,9
video_190588,9
video_190618,9
video_190633,29
video_190635,9
video_190637,9
video_190653,29
video_190656,9
video_190736,1
video_190772,9
video_190798,9
video_190802,9
video_190813,29
video_190843,9
video_190867,9
video_190929,9
video_190979,9
video_19103,29
video_191051,9
video_191094,9
video_191103,9
video_191116,9
video_191126,9
video_191216,9
video_191252,1
video_191274,9
video_19128,1
video_191317,9
video_191372,9
video_191374,31
video_191387,9
video_1914,9
video_191478,9
video_191554,9
video_191617,29
video_191633,9
video_191655,9
video_191672,29
video_191679,9
video_191755,29
video_191794,29
video_191823,1
video_191830,1
video_19188,9
video_191886,1
video_191943,29
video_191994,9
video_192031,9
video_192042,9
video_192080,29
video_192139,9
video_192163,9
video_192176,9
video_19218,9
video_192221,9
video_192227,9
video_19224,9
video_192246,9
video_192284,29
video_192295,9
video_192340,9
video_192402,29
video_192404,29
video_192429,9
video_192444,9
video_192448,29
video_192464,9
video_192479,9
video_192497,9
video_192502,9
video_192590,9
video_192620,9
video_192646,9
video_192656,9
video_192681,9
video_192713,9
video_192742,9
video_192804,9
video_192890,9
video_192891,9
video_192911,9
video_19297,9
video_193022,9
video_193027,9
video_193039,29
video_193044,9
video_193058,29
video_193081,9
video_193094,9
video_193118,9
video_193126,1
video_19315,29
video_193158,9
video_193227,9
video_193245,29
video_193330,9
video_193339,9
video_193346,1
video_193393,9
video_193395,9
video_193427,9
video_193446,9
video_193467,29
video_193481,9
video_193539,9
video_193561,29
video_193631,9
video_19366,29
video_193665,9
video_193812,29
video_193823,9
video_193836,9
video_193881,9
video_193893,9
video_193915,9
video_193982,29
video_193990,9
video_193995,29
video_193999,9
video_194146,9
video_194177,9
video_194193,9
video_19422,9
video_19423,29
video_194259,9
video_194261,29
video_194302,9
video_194305,9
video_194362,9
video_194365,9
video_194510,9
video_194515,9
video_194572,29
video_194626,9
video_194636,9
video_194661,29
video_194665,9
video_194690,9
video_194694,29
video_1947,9
video_19470,9
video_194701,9
video_194707,29
video_194738,9
video_194752,9
video_194770,9
video_194813,9
video_194871,9
video_194910,9
video_194968,9
video_195030,9
video_195054,9
video_195069,9
video_195070,29
video_195079,9
video_195095,9
video_195137,9
video_195170,9
video_19527,9
video_19529,29
video_195291,9
video_195325,9
video_19533,9
video_195346,9
video_195361,29
video_195377,9
video_195426,9
video_195436,9
video_195512,9
video_19554,9
video_195556,29
video_195659,1
video_195687,1
video_195712,29
video_195822,9
video_195856,1
video_195862,29
video_195892,29
video_195944,9
video_195947,9
video_195973,9
video_195978,9
video_196014,9
video_196029,9
video_196071,9
video_196073,29
video_196280,29
video_196322,29
video_196338,9
video_196339,9
video_196348,9
video_196371,29
video_19638,29
video_196439,9
video_19649,9
video_196513,9
video_196518,9
video_196551,9
video_196601,9
video_196619,29
video_196634,9
video_196667,9
video_196704,9
video_196711,9
video_196727,9
video_196739,9
video_196813,9
video_196850,9
video_196873,9
video_196914,9
video_196922,9
video_197033,9
video_197035,9
video_197078,9
video_197150,9
video_197212,9
video_197218,29
video_197246,29
video_19726,9
video_197285,9
video_197304,9
video_197305,9
video_197307,9
video_197326,9
video_197460,9
video_197467,29
video_197521,9
video_197550,9
video_197567,9
video_197570,29
video_197632,9
video_197637,9
video_197638,9
video_197722,9
video_197731,29
video_197753,1
video_197781,29
video_197804,9
video_197827,9
video_197863,9
video_197893,9
video_197909,9
video_197916,9
video_19793,9
video_197932,9
video_198061,9
video_19808,9
video_198097,9
video_198135,9
video_198137,29
video_198196,9
video_19820,9
video_198255,9
video_198274,29
video_19829,29
video_198292,9
video_198305,9
video_19835,9
video_198354,29
video_198355,9
video_198358,9
video_198363,9
video_198373,29
video_198396,9
video_198398,9
video_198411,9
video_198425,9
video_198480,9
video_198532,9
video_198555,29
video_198558,29
video_198568,9
video_198627,9
video_198632,9
video_198636,29
video_198658,9
video_198721,9
video_19873,9
video_198818,9
video_198830,9
video_198895,9
video_198910,9
video_198917,9
video_198958,9
video_198960,9
video_198983,9
video_199026,9
video_199033,9
video_199053,9
video_199083,9
video_199084,9
video_199139,9
video_19914,1
video_199195,9
video_199216,9
video_199265,9
video_19930,1
video_199323,9
video_199349,9
video_199379,29
video_199407,29
video_199529,9
video_199586,29
video_199613,9
video_199686,29
video_199718,9
video_199731,29
video_199852,9
video_199859,9
video_199860,9
video_199891,9
video_1999,29
video_199914,9
video_199938,9
video_199943,9
video_199952,29
video_199954,9
video_199969,29
video_200048,9
video_200070,29
video_200135,9
video_200150,9
video_200156,9
video_200157,9
video_200171,9
video_200177,29
video_200209,9
video_200216,9
video_200228,9
video_200236,9
video_200291,9
video_200321,9
video_200326,29
video_200327,9
video_200348,9
video_200352,29
video_200385,9
video_200411,9
video_200440,9
video_200442,29
video_200463,29
video_200582,9
video_200595,9
video_200622,9
video_200624,9
video_200693,9
video_200703,29
video_200786,9
video_200802,29
video_200850,29
video_200874,9
video_200965,29
video_200969,9
video_20098,9
video_201042,9
video_201079,29
video_201095,9
video_201114,9
video_201126,29
video_201139,1
video_201153,9
video_201174,29
video_201199,9
video_201213,29
video_201222,29
video_201256,9
video_201267,9
video_201277,9
video_201291,9
video_201295,9
video_201326,9
video_201407,22
video_201444,9
video_201451,9
video_201457,9
video_201500,29
video_201503,9
video_201519,9
video_20155,29
video_201639,9
video_201652,9
video_201723,9
video_201733,9
video_201820,9
video_201856,9
video_20186,1
video_201873,9
video_201891,1
video_201905,1
video_201912,9
video_201932,9
video_201948,29
video_201955,29
video_201969,29
video_202005,9
video_202007,29
video_202035,9
video_202044,29
video_202097,9
video_202136,9
video_202161,29
video_202191,9
video_202193,9
video_202215,9
video_202223,9
video_20225,9
video_20227,9
video_202311,9
video_202387,29
video_202393,9
video_202452,29
video_2025,29
video_202515,9
video_202534,31
video_202577,29
video_202578,9
video_202593,9
video_202635,9
video_202639,9
video_202648,9
video_202666,29
video_202700,9
video_202706,9
video_202710,29
video_202739,9
video_20274,9
video_202745,9
video_202798,9
video_202894,9
video_202922,9
video_202932,29
video_202937,29
video_20297,9
video_202971,9
video_202976,29
video_20301,9
video_203022,9
video_20303,9
video_203069,9
video_203155,29
video_203178,9
video_203241,29
video_203245,29
video_203261,9
video_203264,9
video_203321,9
video_203329,9
video_203365,29
video_203386,29
video_203388,29
video_203390,9
video_203443,9
video_203446,9
video_203458,29
video_203480,29
video_203484,29
video_203486,9
video_203494,9
video_203515,29
video_203526,1
video_203557,9
video_203572,9
video_203606,9
video_203607,1
video_203674,9
video_203675,9
video_20369,9
video_203738,9
video_203812,9
video_203831,29
video_203876,9
video_203889,9
video_20392,9
video_203962,9
video_203964,9
video_203984,9
video_203987,9
video_203998,9
video_204002,9
video_204004,9
video_204020,9
video_204066,22
video_204077,9
video_204078,9
video_204091,9
video_204102,29
video_204117,9
video_204179,9
video_204195,9
video_204252,9
video_204283,29
video_204320,29
video_204363,9
video_204460,9
video_204461,29
video_204467,9
video_204510,9
video_20453,9
video_204538,9
video_20465,9
video_204653,9
video_204688,1
video_204699,9
video_204730,9
video_204745,9
video_204834,9
video_204903,9
video_204930,9
video_204975,9
video_204989,29
video_205019,9
video_205043,9
video_205052,9
video_205055,9
video_205080,9
video_205153,9
video_205157,29
video_205176,1
video_205224,9
video_205322,29
video_20541,29
video_205431,9
video_205536,9
video_205549,9
video_205579,9
video_205599,9
video_205628,9
video_205647,29
video_20566,9
video_205675,9
video_205699,9
video_205709,29
video_205711,1
video_205712,9
video_205755,9
video_205772,9
video_205808,9
video_205823,9
video_205836,9
video_205845,9
video_205879,1
video_205895,29
video_205907,9
video_205925,29
video_205929,9
video_205947,9
video_206018,29
video_206032,9
video_206087,9
video_20614,9
video_206140,9
video_206173,9
video_206196,9
video_20624,29
video_20625,9
video_206271,29
video_206277,9
video_206278,9
video_206301,9
video_20634,29
video_206352,9
video_206363,9
video_206386,9
video_206431,9
video_206458,9
video_206461,29
video_206464,9
video_206472,1
video_206543,29
video_206547,9
video_206712,9
video_206718,29
video_206777,29
video_206778,9
video_206802,9
video_206901,9
video_206908,9
video_206959,9
video_206976,9
video_2070,9
video_207006,29
video_207057,9
video_207091,29
video_207092,9
video_207203,9
video_207218,9
video_207219,29
video_207253,9
video_207293,29
video_207294,9
video_207324,9
video_20734,29
video_207371,9
video_207381,9
video_207415,9
video_207434,9
video_207463,9
video_207485,9
video_207538,9
video_207562,9
video_207631,9
video_207675,9
video_2077,29
video_207711,9
video_207743,9
video_207758,9
video_207764,9
video_207787,29
video_207788,29
video_20779,9
video_207878,9
video_207957,9
video_207958,29
video_207964,9
video_207965,29
video_207978,29
video_208,29
video_208008,9
video_20804,9
video_208053,9
video_208082,9
video_208089,9
video_208120,9
video_208140,9
video_208153,9
video_208159,9
video_208161,9
video_208164,9
video_208170,29
video_208183,9
video_208187,9
video_208239,29
video_208241,29
video_208293,9
video_208317,29
video_208319,9
video_208358,9
video_208378,9
video_208477,9
video_208480,29
video_208489,29
video_208498,9
video_208549,9
video_208583,29
video_208593,9
video_208624,1
video_208704,9
video_208756,29
video_20883,9
video_208849,9
video_208906,9
video_208986,9
video_209119,29
video_209135,29
video_209181,9
video_209211,29
video_209242,9
video_209303,9
video_209318,9
video_209333,9
video_209340,9
video_20935,29
video_209377,1
video_209390,9
video_209391,9
video_209456,9
video_209489,9
video_209527,29
video_209570,9
video_209591,9
video_209638,9
video_20966,29
video_209685,9
video_209707,9
video_209747,29
video_209793,29
video_209803,9
video_209815,9
video_209816,29
video_209822,29
video_209850,29
video_209881,29
video_209922,29
video_209927,29
video_20996,29
video_209991,9
video_210006,9
video_210015,9
video_210016,9
video_210027,29
video_210034,9
video_210086,9
video_21010,29
video_210102,9
video_210112,29
video_210148,9
video_210170,29
video_210197,9
video_210363,9
video_210377,9
video_210379,9
video_21039,9
video_210416,9
video_210420,9
video_210475,1
video_21048,9
video_210532,9
video_210540,9
video_210547,9
video_210571,9
video_21060,9
video_210622,9
video_210685,9
video_210708,29
video_210717,29
video_210792,9
video_210813,29
video_210820,9
video_210893,9
video_21092,9
video_210936,9
video_211021,29
video_211026,9
video_21103,9
video_211063,9
video_21109,9
video_211105,9
video_211147,29
video_211174,9
video_211177,9
video_211192,9
video_211214,9
video_211302,9
video_211327,9
video_211332,9
video_211388,9
video_211395,9
video_211405,9
video_211422,9
video_211576,9
video_211594,1
video_211733,9
video_211746,29
video_21188,29
video_21189,9
video_2119,29
video_211907,29
video_21196,9
video_211976,29
video_211988,29
video_212045,9
video_212077,29
video_212087,9
video_212093,9
video_212103,9
video_212108,9
video_212159,9
video_212193,9
video_212255,9
video_21227,29
video_212285,9
video_212298,9
video_212339,9
video_212385,9
video_212397,9
video_212402,9
video_21242,9
video_212433,9
video_212435,9
video_212439,9
video_212513,9
video_212641,9
video_212663,9
video_212675,9
video_212772,9
video_212849,9
video_212875,9
video_212886,9
video_212933,9
video_212962,9
video_212968,29
video_213015,9
video_213016,9
video_213054,29
video_213186,9
video_213223,29
video_21323,9
video_213248,9
video_213282,29
video_213285,9
video_213287,9
video_213303,9
video_213374,9
video_213375,9
video_213419,9
video_213445,9
video_213482,9
video_213489,9
video_213492,29
video_213494,9
video_213507,31
video_21352,29
video_213540,9
video_21356,9
video_213570,9
video_213596,1
video_213654,9
video_213706,29
video_213736,9
video_213769,29
video_213771,9
video_213789,9
video_213818,9
video_213820,9
video_213849,9
video_213852,29
video_213979,9
video_214057,9
video_214075,29
video_214079,9
video_214096,9
video_21410,9
video_21413,9
video_214143,9
video_214156,9
video_214259,29
video_214282,9
video_214298,29
video_21430,9
video_214326,29
video_21441,9
video_214474,9
video_214499,9
video_214514,9
video_214542,9
video_214547,9
video_21455,9
video_214560,29
video_214591,9
video_214627,9
video_214645,9
video_214665,9
video_214672,29
video_214683,29
video_214713,9
video_214758,9
video_214780,1
video_214812,9
video_214868,9
video_214908,9
video_21498,9
video_214986,9
video_215001,9
video_215013,9
video_215031,1
video_215037,29
video_215038,9
video_215040,29
video_215043,29
video_215073,29
video_215084,9
video_215130,9
video_21516,1
video_215175,9
video_215201,29
video_21521,9
video_215260,9
video_215267,9
video_21533,9
video_215372,9
video_215415,9
video_215420,9
video_215423,9
video_215443,9
video_215455,1
video_215483,29
video_215510,9
video_21554,9
video_215544,9
video_215567,9
video_215617,9
video_215620,29
video_21567,29
video_21577,9
video_215802,29
video_21582,29
video_215846,29
video_215877,9
video_215908,29
video_215933,9
video_215940,9
video_215982,9
video_216011,9
video_216029,29
video_216056,9
video_216061,9
video_216080,9
video_216083,29
video_216084,9
video_216228,29
video_21628,29
video_21634,29
video_216371,29
video_216490,9
video_216495,29
video_216502,29
video_216522,9
video_216581,29
video_216644,9
video_216695,9
video_216702,9
video_21671,9
video_216710,9
video_216721,9
video_216766,9
video_216805,9
video_216812,9
video_216824,9
video_216892,9
video_216916,9
video_216919,9
video_216944,29
video_216955,9
video_216957,9
video_216976,29
video_217007,9
video_217008,9
video_217010,9
video_217032,9
video_217046,9
video_21710,9
video_217101,9
video_217113,29
video_217148,9
video_217169,9
video_217175,9
video_217206,9
video_217318,9
video_217319,9
video_217323,29
video_217375,29
video_217407,9
video_217474,9
video_217532,31
video_217538,9
video_217561,9
video_217599,9
video_217654,29
video_217658,9
video_217708,29
video_217767,9
video_217773,9
video_2178,9
video_217881,9
video_217882,29
video_217884,9
video_217951,9
video_217962,9
video_218024,9
video_218160,9
video_218176,29
video_218241,29
video_21825,9
video_218279,29
video_218297,9
video_218322,9
video_218351,29
video_21836,9
video_21842,9
video_21846,9
video_218488,9
video_218519,9
video_218540,9
video_218545,29
video_218546,9
video_218600,9
video_218653,9
video_218688,9
video_218724,29
video_218734,9
video_218754,9
video_218786,9
video_218840,9
video_218855,9
video_218933,9
video_218975,9
video_218982,9
video_2190,9
video_219025,9
video_219040,9
video_219041,9
video_219061,9
video_219082,29
video_219098,9
video_219142,1
video_219143,9
video_219246,9
video_219265,9
video_219273,9
video_21929,9
video_219417,9
video_219469,9
video_219472,29
video_219496,9
video_219582,9
video_219624,9
video_219632,29
video_219686,9
video_219702,9
video_219707,9
video_219723,29
video_21980,9
video_219809,29
video_219826,9
video_219855,9
video_219862,9
video_219879,9
video_219885,29
video_219903,29
video_219945,9
video_219987,9
video_219988,9
video_22000,9
video_220002,29
video_220017,9
video_220066,9
video_220141,9
video_220180,9
video_220211,9
video_220221,1
video_220283,29
video_220348,9
video_220370,9
video_220477,9
video_220508,9
video_220549,9
video_220586,9
video_220623,29
video_22068,29
video_22069,9
video_220696,29
video_220746,9
video_220747,9
video_220770,9
video_220812,9
video_220846,9
video_22096,9
video_22120,31
video_22142,29
video_22153,1
video_22247,9
video_22248,9
video_22289,9
video_22322,9
video_22328,9
video_2238,29
video_22403,29
video_22441,1
video_22442,9
video_22445,9
video_22507,9
video_22547,9
video_22605,9
video_22626,9
video_22640,9
video_22716,9
video_22718,29
video_22749,9
video_2275,9
video_22760,9
video_22766,1
video_22770,9
video_22866,9
video_22891,9
video_22907,9
video_22945,9
video_23006,9
video_23028,1
video_23049,9
video_23056,9
video_23060,29
video_23203,9
video_23236,29
video_23237,9
video_23251,9
video_23288,9
video_23321,9
video_23405,9
video_23418,29
video_23419,29
video_23456,29
video_23467,9
video_23489,29
video_23502,9
video_23555,29
video_23557,9
video_23627,9
video_23631,9
video_23693,9
video_23725,9
video_23779,9
video_23790,29
video_23815,9
video_23824,29
video_23902,29
video_23939,9
video_23962,9
video_23964,9
video_24092,29
video_24101,9
video_24161,9
video_24214,9
video_24225,9
video_24251,9
video_24351,9
video_2439,9
video_24390,29
video_24439,9
video_24453,9
video_24510,9
video_24538,9
video_24540,9
video_24570,9
video_24607,9
video_2464,9
video_24690,29
video_24694,29
video_24713,9
video_24722,9
video_24757,1
video_24771,9
video_24810,29
video_2484,9
video_24841,9
video_24869,9
video_24901,29
video_24916,9
video_24936,9
video_2495,9
video_24953,29
video_24956,29
video_25016,9
video_25030,29
video_25054,9
video_25056,9
video_25154,9
video_2518,29
video_25263,29
video_25325,29
video_25362,9
video_25369,9
video_25390,29
video_25391,9
video_25417,9
video_25459,9
video_25460,29
video_25553,1
video_2557,29
video_25698,29
video_257,29
video_25749,9
video_25766,9
video_25767,29
video_25778,9
video_25780,9
video_25826,9
video_25856,29
video_25862,29
video_25930,9
video_25934,9
video_25936,9
video_2596,29
video_26015,9
video_26059,29
video_26069,1
video_2607,9
video_26070,9
video_26074,9
video_26100,9
video_26143,9
video_26153,9
video_26168,9
video_26194,9
video_26197,9
video_26219,9
video_26318,29
video_26363,9
video_26388,29
video_26452,9
video_2647,9
video_2651,9
video_26515,9
video_26523,9
video_26540,9
video_26566,9
video_26613,9
video_26662,29
video_26666,9
video_26686,9
video_2672,9
video_26798,9
video_26840,9
video_26882,9
video_26930,9
video_26964,9
video_2703,9
video_27075,1
video_27090,9
video_27159,9
video_2716,9
video_27182,9
video_27200,9
video_27227,29
video_27250,9
video_27261,29
video_27271,9
video_27276,9
video_27288,9
video_27289,1
video_27328,9
video_27338,9
video_27378,9
video_27385,31
video_27406,9
video_27408,9
video_27435,29
video_27443,1
video_27468,9
video_27498,9
video_2762,9
video_27671,9
video_27676,29
video_27686,9
video_27694,29
video_27696,29
video_27717,9
video_27743,29
video_27751,9
video_27764,31
video_27782,29
video_27805,1
video_27866,29
video_27871,9
video_27885,9
video_27888,29
video_27915,9
video_27931,9
video_27934,9
video_27956,9
video_27983,9
video_28001,9
video_28023,9
video_28117,9
video_28150,1
video_28171,9
video_28242,9
video_28273,9
video_28286,29
video_28291,29
video_2832,9
video_28323,29
video_28355,1
video_28367,29
video_28412,29
video_28441,29
video_28454,9
video_28506,9
video_28511,9
video_28625,9
video_28632,9
video_28637,29
video_2865,29
video_28662,9
video_28677,9
video_28680,9
video_28692,9
video_28695,29
video_28696,9
video_28726,9
video_28737,9
video_28780,9
video_28784,29
video_2881,9
video_28833,9
video_28837,29
video_28945,9
video_28950,29
video_29010,9
video_29032,9
video_29035,29
video_2905,9
video_29058,9
video_29090,29
video_29147,9
video_29158,29
video_29168,29
video_29203,29
video_29207,9
video_29248,9
video_29271,29
video_2928,9
video_29286,9
video_29388,9
video_29436,9
video_2964,1
video_29669,9
video_29685,9
video_29688,9
video_29706,9
video_29723,9
video_2973,9
video_29733,9
video_2976,9
video_29772,9
video_29786,9
video_29817,9
video_29844,9
video_29868,9
video_29877,9
video_29880,9
video_29901,9
video_29935,29
video_29940,9
video_29946,29
video_29965,9
video_30043,9
video_30044,29
video_30076,9
video_30088,9
video_30093,9
video_30101,9
video_30139,9
video_30142,29
video_30158,9
video_30164,9
video_30184,9
video_3019,9
video_30204,9
video_30232,9
video_30255,9
video_30326,29
video_30338,9
video_30342,9
video_30343,9
video_30374,9
video_30408,9
video_30425,9
video_30466,9
video_30523,9
video_30527,1
video_30528,9
video_30541,9
video_30551,29
video_30598,29
video_30643,29
video_30679,9
video_3068,29
video_3069,29
video_30732,9
video_30857,9
video_30863,29
video_30864,9
video_30865,9
video_30870,9
video_30879,9
video_30888,9
video_30924,9
video_30958,9
video_30980,29
video_30982,9
video_30996,9
video_31046,9
video_31096,9
video_31102,9
video_3117,29
video_31217,29
video_31240,9
video_31253,9
video_31283,29
video_31334,1
video_31336,9
video_31396,9
video_31446,29
video_31465,9
video_31466,9
video_31490,9
video_31505,9
video_31507,9
video_31549,9
video_31564,9
video_31611,9
video_31670,9
video_31675,9
video_31699,9
video_31743,9
video_31802,9
video_31876,9
video_31881,29
video_3189,9
video_31925,9
video_31975,9
video_32007,9
video_32150,9
video_32177,9
video_3222,9
video_32238,9
video_32255,9
video_32276,9
video_32285,9
video_32322,9
video_32393,9
video_32411,9
video_32440,29
video_32462,9
video_32473,9
video_32485,29
video_32495,9
video_32530,9
video_32535,9
video_32669,29
video_3273,9
video_32748,9
video_32798,29
video_3288,9
video_32905,9
video_32935,9
video_32936,9
video_32997,29
video_32999,29
video_33027,29
video_33077,29
video_33125,29
video_33165,1
video_33179,29
video_33214,9
video_3325,29
video_33268,9
video_33275,9
video_33318,9
video_33336,9
video_33376,9
video_33403,29
video_33410,29
video_3342,29
video_33424,9
video_33428,29
video_33460,9
video_33510,29
video_33524,29
video_33589,29
video_33596,29
video_33673,9
video_33716,9
video_33840,29
video_33850,9
video_33874,1
video_33907,9
video_3391,9
video_33912,29
video_33920,9
video_33947,9
video_33970,29
video_33979,29
video_34021,9
video_34025,1
video_3410,9
video_34115,1
video_34160,9
video_34167,9
video_34226,9
video_34227,9
video_34237,9
video_34239,9
video_34259,9
video_34321,9
video_3434,29
video_34353,9
video_34390,9
video_34397,9
video_34407,29
video_34474,9
video_34476,29
video_34513,9
video_34519,29
video_34588,29
video_3459,9
video_34591,9
video_34595,9
video_34644,9
video_34696,9
video_34711,29
video_34721,29
video_34723,9
video_3473,9
video_34734,9
video_34823,9
video_34834,29
video_34883,9
video_34964,9
video_34981,9
video_34991,31
video_35000,9
video_35045,29
video_35082,29
video_35141,9
video_35166,29
video_35182,9
video_3519,9
video_35195,9
video_35275,29
video_35358,9
video_35361,29
video_35447,9
video_35452,9
video_35460,9
video_35461,29
video_35495,9
video_355,9
video_35524,9
video_35546,9
video_35590,9
video_35647,9
video_35658,29
video_35705,29
video_35753,1
video_35854,9
video_35918,1
video_35928,29
video_35932,9
video_35942,9
video_35969,9
video_35972,9
video_35973,9
video_35984,1
video_36050,29
video_36115,9
video_36171,9
video_36313,9
video_3639,9
video_36447,1
video_36463,9
video_36472,29
video_36489,9
video_36531,1
video_36624,29
video_36638,9
video_36666,9
video_36707,1
video_36740,29
video_36756,29
video_36757,9
video_36780,9
video_36811,9
video_36817,9
video_36821,29
video_36853,9
video_36884,9
video_36902,9
video_36959,9
video_36969,9
video_37034,9
video_37041,9
video_37298,9
video_37310,9
video_37343,9
video_37384,9
video_37409,9
video_37482,29
video_3753,9
video_37547,29
video_3756,9
video_37600,9
video_37614,9
video_37628,1
video_37671,9
video_37695,9
video_37699,9
video_37711,9
video_37758,9
video_37760,29
video_37840,9
video_37852,9
video_37866,9
video_37874,9
video_37877,9
video_37961,9
video_3798,9
video_37993,9
video_37999,29
video_38067,9
video_38077,29
video_38078,9
video_38107,9
video_38126,29
video_38129,1
video_38132,9
video_38227,9
video_3824,9
video_38268,29
video_38294,9
video_38319,9
video_38320,29
video_38330,29
video_38334,9
video_38354,9
video_38360,29
video_3841,29
video_38468,9
video_38478,29
video_38480,9
video_38492,29
video_38536,29
video_38544,9
video_38582,29
video_38618,9
video_3864,9
video_38647,9
video_38652,9
video_38663,29
video_38670,9
video_38706,29
video_38739,29
video_38773,9
video_38790,9
video_38809,9
video_38812,9
video_38818,9
video_38858,9
video_38938,9
video_39058,9
video_39059,9
video_39069,1
video_39072,9
video_39114,31
video_39115,9
video_39116,29
video_39121,9
video_39149,9
video_39188,9
video_39226,9
video_39253,29
video_3926,9
video_39272,9
video_39279,9
video_39304,9
video_39340,9
video_39341,9
video_39373,9
video_39419,9
video_39428,9
video_39442,29
video_39545,9
video_3956,9
video_39571,9
video_39582,9
video_39609,9
video_39633,9
video_39649,9
video_39677,9
video_3975,9
video_3980,9
video_3981,9
video_39821,29
video_39953,9
video_400,29
video_4000,9
video_40017,29
video_40060,9
video_401,9
video_40100,9
video_40160,9
video_40188,9
video_4022,9
video_40248,9
video_40289,9
video_40300,29
video_40325,9
video_40362,9
video_40364,9
video_40429,9
video_40436,29
video_40490,9
video_40497,9
video_40508,9
video_40546,9
video_40552,31
video_40572,29
video_40687,9
video_40692,1
video_407,9
video_40762,29
video_40763,9
video_40765,9
video_40829,9
video_4085,29
video_40866,9
video_40892,9
video_40900,9
video_40943,29
video_40975,29
video_40988,9
video_41018,9
video_41092,1
video_41122,9
video_41146,9
video_41152,9
video_41164,9
video_41249,9
video_41251,9
video_41258,9
video_4127,29
video_41281,9
video_41283,9
video_41317,9
video_41451,9
video_41461,9
video_4148,9
video_41484,9
video_4149,9
video_41525,9
video_41532,9
video_41533,29
video_41562,9
video_4157,29
video_41589,29
video_41606,9
video_41751,29
video_41763,9
video_41770,29
video_41808,9
video_41905,29
video_41976,29
video_4200,29
video_42023,9
video_42099,29
video_42177,9
video_42221,9
video_42261,9
video_42270,9
video_42288,29
video_4229,9
video_42307,9
video_42364,29
video_42386,29
video_42460,29
video_42476,9
video_42525,9
video_42622,9
video_42646,9
video_42703,29
video_42711,9
video_42719,9
video_42724,9
video_42726,9
video_42757,9
video_42779,9
video_43,9
video_43003,29
video_43028,9
video_43029,9
video_43030,9
video_4304,9
video_4306,9
video_4307,9
video_43114,9
video_4315,9
video_43242,9
video_43244,9
video_43250,9
video_43339,1
video_43388,9
video_43394,9
video_43399,9
video_43402,9
video_43427,9
video_43452,9
video_43457,9
video_43485,29
video_4350,9
video_43622,29
video_43649,9
video_43667,9
video_43670,29
video_43746,9
video_43753,9
video_43762,29
video_43789,9
video_438,9
video_43897,9
video_4390,9
video_43903,9
video_43921,9
video_43947,9
video_43974,9
video_43997,31
video_43998,9
video_44001,9
video_44011,9
video_44013,9
video_44030,29
video_44062,1
video_4408,9
video_44120,9
video_44124,29
video_44178,9
video_44216,29
video_44272,9
video_4428,9
video_44384,9
video_44406,29
video_44417,9
video_4449,9
video_44490,29
video_4450,9
video_44535,9
video_44541,9
video_44569,29
video_44584,9
video_44642,9
video_44646,9
video_44654,9
video_44678,9
video_44761,9
video_44764,9
video_44779,9
video_44783,29
video_44790,9
video_44791,29
video_44805,9
video_44874,9
video_4489,9
video_44920,9
video_44944,9
video_45003,9
video_45029,29
video_45071,9
video_45101,9
video_45117,9
video_45173,9
video_45218,9
video_45245,1
video_45271,29
video_45280,9
video_45289,29
video_45296,29
video_45359,9
video_45360,29
video_45380,9
video_45407,29
video_45439,9
video_45498,29
video_45555,9
video_45576,9
video_45591,9
video_45601,29
video_4568,9
video_45798,9
video_45804,9
video_45810,9
video_45831,9
video_45832,9
video_45875,9
video_4588,9
video_45881,9
video_45924,29
video_46019,9
video_46023,9
video_46024,9
video_46047,9
video_46070,29
video_46093,29
video_46133,9
video_46152,9
video_46198,9
video_4626,9
video_46286,1
video_46340,29
video_46347,9
video_46393,9
video_46495,29
video_46499,9
video_46502,9
video_46503,29
video_46565,29
video_46570,9
video_46615,9
video_46635,29
video_46652,9
video_46656,9
video_46664,29
video_4671,29
video_46758,9
video_46759,9
video_46773,9
video_46821,9
video_46857,9
video_4688,1
video_46896,9
video_46931,29
video_46956,9
video_46959,1
video_46981,29
video_47012,9
video_47020,29
video_47048,9
video_47053,9
video_47084,9
video_47103,9
video_47178,29
video_47201,9
video_47202,9
video_47213,9
video_47228,9
video_47231,9
video_47250,9
video_47275,9
video_47287,1
video_47334,9
video_4735,9
video_47418,29
video_47448,29
video_47449,1
video_47516,9
video_47525,9
video_47543,9
video_47591,9
video_47617,9
video_47705,9
video_47719,9
video_47745,9
video_47790,9
video_47807,9
video_47874,9
video_47876,9
video_47933,9
video_47948,9
video_47967,9
video_47968,9
video_47970,29
video_47974,9
video_48000,9
video_48043,29
video_48054,9
video_48079,9
video_48116,9
video_48124,9
video_48139,9
video_48174,9
video_48232,9
video_48245,29
video_48247,9
video_48260,9
video_48285,9
video_48287,9
video_48330,29
video_48338,29
video_48365,29
video_48374,9
video_4842,9
video_48447,29
video_48463,9
video_48471,9
video_48496,9
video_48529,9
video_48543,9
video_48546,9
video_48557,9
video_48571,29
video_48576,9
video_48616,9
video_48683,9
video_48719,9
video_48729,9
video_4873,29
video_48804,9
video_48834,9
video_48925,29
video_49011,9
video_4905,29
video_49067,9
video_4915,9
video_49218,9
video_4928,29
video_49296,9
video_49328,9
video_49361,9
video_4950,9
video_49512,9
video_49513,9
video_49531,9
video_49535,9
video_49575,29
video_49618,9
video_49621,9
video_49628,9
video_49685,9
video_49732,9
video_49736,9
video_498,9
video_4988,9
video_49928,9
video_50049,29
video_50057,9
video_50058,9
video_50060,9
video_50062,1
video_50101,29
video_5011,9
video_50119,9
video_50130,9
video_50145,9
video_50161,9
video_50176,9
video_50209,9
video_50248,9
video_50255,29
video_50287,9
video_50314,9
video_50357,9
video_50407,29
video_50442,9
video_5061,9
video_50611,9
video_50622,9
video_50684,29
video_50685,29
video_50687,9
video_50714,9
video_50761,9
video_50768,9
video_50778,29
video_50801,9
video_50809,9
video_50813,9
video_50819,29
video_50827,9
video_50861,29
video_50898,9
video_50948,9
video_50960,9
video_50979,9
video_51001,29
video_51006,9
video_51086,9
video_51154,9
video_51161,9
video_51182,29
video_51235,29
video_51293,9
video_51326,9
video_51341,9
video_51344,29
video_51377,9
video_51447,9
video_51471,9
video_51603,9
video_51612,9
video_51643,31
video_51665,29
video_51667,9
video_51680,1
video_51699,9
video_51735,9
video_51827,9
video_51840,9
video_5185,1
video_51878,9
video_51887,9
video_51894,29
video_51964,9
video_51980,9
video_51987,9
video_52006,9
video_52011,9
video_52012,9
video_52021,9
video_52030,29
video_52033,9
video_5204,29
video_52045,29
video_52110,29
video_52116,29
video_52123,9
video_52126,9
video_52177,1
video_52227,9
video_52282,9
video_52291,9
video_52389,9
video_52429,29
video_52434,29
video_52459,9
video_52471,9
video_52473,9
video_52476,29
video_52588,29
video_5274,29
video_5290,9
video_52959,29
video_52964,9
video_52988,9
video_53118,29
video_5312,9
video_53228,9
video_53265,9
video_5329,9
video_5332,29
video_53328,29
video_53383,9
video_53389,9
video_53400,9
video_53428,9
video_53439,9
video_53449,9
video_53450,9
video_53486,9
video_53513,9
video_53516,9
video_53517,9
video_53563,9
video_5359,31
video_53632,9
video_53669,9
video_53704,29
video_53732,9
video_53767,9
video_53831,9
video_5386,9
video_53876,9
video_53892,29
video_53894,9
video_53910,9
video_53914,29
video_53991,9
video_54035,1
video_54055,9
video_54151,9
video_5418,9
video_54197,9
video_54255,29
video_54317,9
video_54345,29
video_54369,9
video_54381,9
video_54395,29
video_54408,9
video_54411,9
video_54448,9
video_54498,29
video_54532,29
video_54760,9
video_54774,9
video_54902,9
video_54910,9
video_54927,29
video_54948,29
video_5496,9
video_550,29
video_55005,29
video_55021,9
video_5506,9
video_55215,9
video_55223,9
video_55237,9
video_55249,9
video_55277,29
video_55279,9
video_55298,9
video_55312,9
video_55324,1
video_55327,9
video_55344,9
video_55514,29
video_55517,9
video_55547,9
video_5557,9
video_55593,9
video_55630,9
video_55692,9
video_55746,29
video_55751,29
video_55772,9
video_55785,9
video_55816,9
video_55822,9
video_5583,9
video_55830,9
video_5584,9
video_55843,9
video_55845,9
video_55853,9
video_5586,9
video_55876,9
video_55887,9
video_55892,9
video_5592,9
video_56009,9
video_5601,29
video_56016,9
video_5607,9
video_56082,9
video_56096,9
video_56139,1
video_56153,9
video_56172,9
video_56174,9
video_56176,9
video_5619,9
video_56198,9
video_56209,9
video_56217,9
video_56218,9
video_56242,29
video_56246,9
video_56253,9
video_56338,9
video_56358,9
video_56365,9
video_56375,9
video_56377,9
video_56390,29
video_56416,29
video_56448,9
video_56450,9
video_56459,9
video_56460,29
video_56474,9
video_56556,9
video_56574,9
video_56600,9
video_56662,29
video_56665,9
video_56745,9
video_56746,9
video_56753,9
video_56756,9
video_5683,31
video_56878,9
video_56921,29
video_56998,9
video_57008,9
video_57058,9
video_57064,9
video_57101,9
video_57117,22
video_57166,9
video_57168,9
video_57171,9
video_57187,9
video_57253,29
video_57275,29
video_57308,9
video_5731,9
video_57349,1
video_57361,9
video_57376,9
video_57416,29
video_57422,9
video_57443,9
video_57538,1
video_57568,9
video_57584,9
video_57591,9
video_57616,9
video_57623,1
video_5763,22
video_57632,9
video_57648,9
video_5768,9
video_57700,9
video_57769,9
video_57789,9
video_57817,9
video_57839,29
video_5784,9
video_57893,9
video_57954,29
video_57968,9
video_57987,9
video_58087,9
video_5809,9
video_58103,29
video_58117,29
video_58153,29
video_58219,9
video_58318,29
video_58333,29
video_58334,29
video_58364,9
video_58421,9
video_58454,9
video_58516,9
video_58518,29
video_58529,9
video_58534,29
video_58670,9
video_58701,29
video_58719,9
video_58731,29
video_58743,1
video_58746,9
video_58798,29
video_58799,1
video_588,9
video_58882,29
video_58885,29
video_58998,9
video_59000,9
video_59016,9
video_59025,9
video_59032,9
video_59118,29
video_59119,1
video_59155,9
video_59157,9
video_5917,9
video_59178,9
video_59196,9
video_59228,29
video_59251,9
video_59265,29
video_59292,9
video_59314,29
video_59317,9
video_59346,1
video_59394,29
video_59402,9
video_59463,9
video_59496,9
video_59518,1
video_59519,9
video_59561,9
video_596,9
video_59604,9
video_59608,9
video_59609,29
video_59653,29
video_59677,9
video_59747,9
video_59877,9
video_59914,9
video_59928,9
video_59963,9
video_59980,9
video_59997,9
video_60054,29
video_60061,29
video_60080,9
video_60146,9
video_60161,9
video_60190,9
video_60211,9
video_6027,9
video_60319,9
video_60369,9
video_60390,29
video_604,9
video_60405,29
video_60427,9
video_60429,9
video_607,9
video_60773,29
video_60783,9
video_60840,9
video_60858,9
video_60876,9
video_60926,9
video_61026,9
video_61035,9
video_61048,9
video_61049,9
video_61066,9
video_61100,9
video_61120,29
video_61161,9
video_61197,1
video_61200,9
video_61209,9
video_61249,9
video_61280,9
video_61302,9
video_61332,9
video_61340,1
video_61350,9
video_61368,9
video_61376,9
video_61432,9
video_61555,1
video_61556,9
video_61571,9
video_6158,9
video_61581,29
video_61582,29
video_6160,9
video_61663,9
video_61689,29
video_61732,9
video_61793,9
video_61848,29
video_61872,9
video_61971,29
video_62014,9
video_62020,9
video_62034,9
video_6204,9
video_62040,9
video_62046,9
video_62139,29
video_62172,9
video_62342,9
video_6235,9
video_62363,9
video_62390,9
video_62400,9
video_62405,9
video_6250,9
video_62520,9
video_62574,9
video_62585,1
video_62635,29
video_62749,9
video_62847,9
video_62851,29
video_62876,9
video_6289,29
video_62917,9
video_62975,9
video_62988,9
video_62997,9
video_63028,9
video_63052,9
video_63066,9
video_63074,29
video_63075,9
video_63079,1
video_63144,9
video_63149,9
video_63169,1
video_6324,29
video_63329,9
video_63339,9
video_63505,9
video_63507,9
video_63511,9
video_63513,9
video_63574,1
video_63576,9
video_63583,9
video_63592,9
video_63601,1
video_63602,9
video_63603,9
video_63627,1
video_63649,9
video_63690,29
video_63701,9
video_6372,9
video_63727,9
video_63748,29
video_63768,9
video_63799,29
video_63835,9
video_63845,9
video_63856,9
video_63865,9
video_63868,29
video_63958,9
video_63968,29
video_63994,9
video_64000,9
video_64004,9
video_64010,29
video_64093,9
video_64183,9
video_64200,9
video_64242,9
video_64247,9
video_64275,9
video_64283,1
video_64318,29
video_64354,1
video_64364,9
video_64468,9
video_64536,9
video_64579,29
video_64653,9
video_64659,9
video_64670,29
video_64676,1
video_64698,9
video_64772,9
video_64782,9
video_64844,9
video_64866,29
video_6487,9
video_64891,9
video_64896,9
video_64936,9
video_64939,9
video_64946,29
video_64954,29
video_64984,9
video_65057,29
video_65079,29
video_65103,9
video_65136,9
video_65190,9
video_65236,1
video_65242,29
video_65243,9
video_65246,9
video_6528,9
video_65288,29
video_65305,9
video_65332,9
video_65353,29
video_65392,1
video_65427,9
video_65438,9
video_65447,9
video_65451,9
video_65452,9
video_65474,29
video_65528,9
video_6558,9
video_65587,9
video_656,1
video_65624,1
video_65686,29
video_65750,9
video_65773,9
video_65774,9
video_65782,9
video_65786,29
video_65791,9
video_65795,9
video_65840,9
video_65938,9
video_6595,9
video_66001,9
video_66023,29
video_66053,9
video_66075,9
video_66133,9
video_66148,9
video_6615,9
video_66151,9
video_66177,1
video_66210,9
video_66249,9
video_66265,9
video_66275,29
video_66330,9
video_66350,9
video_66375,9
video_66441,29
video_66483,9
video_66515,9
video_66537,9
video_66553,9
video_66567,9
video_66697,9
video_66709,9
video_66718,29
video_6672,29
video_66762,9
video_66805,9
video_66830,29
video_66862,9
video_66910,9
video_66933,9
video_66959,9
video_66980,9
video_66984,9
video_67027,9
video_67086,29
video_67105,9
video_67172,9
video_67204,29
video_67256,29
video_67258,9
video_6727,9
video_67290,1
video_67330,29
video_67364,9
video_67374,9
video_67383,9
video_67429,29
video_67473,9
video_67484,9
video_67497,9
video_675,9
video_67509,9
video_67518,9
video_67568,9
video_67614,29
video_67625,29
video_67686,9
video_67690,9
video_67701,29
video_67705,29
video_67713,9
video_67731,9
video_67765,1
video_67773,9
video_67803,9
video_6783,29
video_67857,9
video_6786,9
video_67861,9
video_67892,9
video_67998,29
video_68002,9
video_68018,29
video_68052,29
video_68055,9
video_68092,9
video_68104,9
video_6811,1
video_68113,29
video_68141,9
video_68190,9
video_68286,9
video_68320,9
video_68337,29
video_68347,9
video_6843,9
video_6850,9
video_68532,9
video_68535,9
video_6859,1
video_68590,9
video_68596,9
video_68603,9
video_68651,9
video_68675,9
video_68813,9
video_68875,9
video_68998,9
video_69014,29
video_69017,9
video_69030,9
video_69100,9
video_69124,9
video_69134,9
video_69200,9
video_69278,9
video_6931,29
video_69341,29
video_69343,9
video_69382,9
video_69447,9
video_69509,1
video_69511,9
video_69540,9
video_69549,9
video_69576,9
video_69585,9
video_69588,29
video_6963,1
video_69632,9
video_69640,9
video_69651,9
video_69658,9
video_69670,9
video_69684,9
video_69691,9
video_69724,29
video_69738,29
video_69764,9
video_69788,29
video_69842,9
video_69855,9
video_69922,9
video_70012,9
video_70035,29
video_70109,29
video_70113,9
video_70152,9
video_70182,9
video_70197,9
video_7022,1
video_70224,9
video_70237,9
video_70293,29
video_70295,9
video_70319,9
video_70322,9
video_7033,29
video_7035,9
video_70353,9
video_70399,29
video_704,9
video_70460,9
video_70490,9
video_70526,9
video_70605,9
video_70623,9
video_70640,9
video_70698,9
video_70705,9
video_7071,9
video_70715,29
video_70748,9
video_70866,9
video_70893,9
video_70895,29
video_70914,9
video_70933,9
video_70939,9
video_70958,1
video_7102,9
video_71056,29
video_71084,9
video_71123,9
video_7115,9
video_71197,29
video_71258,29
video_71276,9
video_71294,9
video_71310,9
video_71331,9
video_71349,1
video_71367,9
video_71401,9
video_71404,9
video_7141,9
video_71414,9
video_71459,9
video_71569,9
video_71628,29
video_71638,29
video_71663,29
video_71673,9
video_71825,29
video_71828,9
video_71866,29
video_71946,29
video_72000,9
video_72017,9
video_72039,9
video_72071,9
video_72090,9
video_72111,9
video_72133,9
video_72161,1
video_72191,9
video_7235,9
video_72405,9
video_72578,9
video_72591,1
video_72597,9
video_72621,9
video_72650,29
video_72683,29
video_72713,29
video_72732,9
video_72740,29
video_72752,9
video_72762,9
video_72771,9
video_72781,9
video_72881,9
video_72933,9
video_7294,9
video_72984,9
video_730,9
video_73004,9
video_73013,9
video_73015,29
video_73041,9
video_73050,29
video_73077,9
video_73079,9
video_73084,9
video_73162,9
video_73178,29
video_73203,29
video_73230,9
video_73251,9
video_73254,9
video_7328,29
video_73280,9
video_73304,9
video_73389,9
video_73400,9
video_73443,9
video_7346,29
video_73533,9
video_73562,29
video_7357,9
video_73614,29
video_73626,29
video_73645,9
video_73648,9
video_73659,9
video_73694,9
video_73704,9
video_73731,9
video_73748,29
video_73768,9
video_73772,9
video_73783,9
video_73910,9
video_73956,29
video_7397,9
video_7400,9
video_74011,9
video_74030,9
video_74040,9
video_74043,29
video_7409,9
video_74093,9
video_74159,9
video_74161,9
video_74174,9
video_74212,9
video_74215,29
video_74223,9
video_74244,29
video_74361,29
video_74368,9
video_74373,29
video_74410,9
video_74417,9
video_74490,29
video_74501,9
video_74502,9
video_74553,29
video_74597,9
video_74609,9
video_74622,9
video_74646,9
video_74677,9
video_7468,9
video_74693,29
video_74700,29
video_74722,1
video_74780,9
video_74781,29
video_74784,9
video_74806,9
video_74867,29
video_74903,9
video_74958,9
video_74974,9
video_75041,9
video_75059,29
video_75070,9
video_7511,9
video_75128,29
video_75133,29
video_75144,9
video_75182,9
video_75222,9
video_7524,9
video_75286,9
video_75300,9
video_75329,9
video_75363,9
video_75365,29
video_75406,9
video_75427,9
video_75448,9
video_75507,9
video_75534,9
video_75616,9
video_75694,29
video_75711,9
video_75726,9
video_75729,9
video_75765,9
video_75799,29
video_75813,9
video_75853,9
video_75862,9
video_75956,9
video_75968,9
video_76001,29
video_76018,9
video_76052,29
video_76067,9
video_76085,29
video_76092,9
video_76205,9
video_76236,9
video_76248,9
video_76251,29
video_76279,9
video_76348,29
video_76350,9
video_7641,9
video_76481,9
video_76486,9
video_76539,31
video_7656,9
video_76586,29
video_7666,9
video_76674,29
video_76717,1
video_76778,9
video_76783,29
video_76826,9
video_7684,9
video_76898,9
video_76909,29
video_76927,29
video_76947,29
video_76958,1
video_76960,9
video_76997,9
video_77034,9
video_77040,9
video_77102,9
video_77156,9
video_77160,9
video_77189,9
video_77232,9
video_77251,9
video_7735,9
video_77352,1
video_77372,9
video_77385,9
video_774,9
video_77411,9
video_77423,9
video_77430,9
video_77448,9
video_7745,9
video_77464,22
video_77498,9
video_77504,29
video_77540,9
video_77613,29
video_77645,9
video_77658,9
video_77663,29
video_7768,9
video_77747,1
video_77776,9
video_77830,9
video_77836,9
video_77837,9
video_77838,9
video_77845,9
video_77910,1
video_77920,29
video_77952,29
video_77969,29
video_77985,29
video_77996,9
video_78005,9
video_78016,29
video_78033,9
video_78079,9
video_78130,29
video_78163,9
video_78182,1
video_78186,9
video_78210,9
video_78228,9
video_78349,9
video_78366,9
video_78411,9
video_78412,9
video_78440,9
video_78442,1
video_78514,29
video_78525,9
video_78547,29
video_78562,9
video_78653,9
video_78668,9
video_78686,9
video_78702,9
video_78703,9
video_78715,9
video_78785,9
video_78824,9
video_78832,29
video_78860,9
video_78920,9
video_78923,9
video_78924,9
video_78962,9
video_78965,9
video_78972,9
video_78976,29
video_79009,9
video_79046,9
video_79081,9
video_79095,9
video_79142,9
video_79176,9
video_79183,9
video_79238,9
video_79245,9
video_79278,9
video_7930,9
video_79326,9
video_79346,29
video_79348,9
video_79359,9
video_79360,9
video_79367,29
video_79391,9
video_79394,9
video_79409,9
video_79450,9
video_79461,29
video_79475,9
video_7948,29
video_79494,9
video_79527,9
video_79568,9
video_79573,9
video_79580,9
video_79622,9
video_79657,9
video_79691,9
video_79722,9
video_79727,9
video_79745,9
video_79756,9
video_79772,9
video_79853,9
video_79881,9
video_79929,9
video_7995,9
video_80017,29
video_80018,29
video_80056,1
video_80137,29
video_80164,9
video_80192,29
video_80314,9
video_80355,9
video_80381,9
video_80467,9
video_80493,9
video_80499,29
video_80516,9
video_80541,29
video_80546,29
video_80616,9
video_80682,9
video_80719,29
video_80809,9
video_8081,9
video_80827,9
video_80830,9
video_80832,9
video_80887,9
video_80903,9
video_80914,29
video_8093,9
video_80942,9
video_80949,9
video_81015,29
video_81077,9
video_81125,9
video_81174,9
video_81178,9
video_81197,9
video_8125,9
video_81288,9
video_81302,29
video_81331,9
video_81344,29
video_81349,9
video_81362,9
video_81364,9
video_81451,9
video_81458,29
video_81491,9
video_8150,9
video_81504,29
video_81535,9
video_81557,9
video_81560,9
video_81581,9
video_81663,9
video_81768,1
video_81770,9
video_81779,29
video_81808,9
video_81831,29
video_81903,9
video_81917,9
video_81936,29
video_81963,9
video_81995,9
video_81997,29
video_82044,29
video_82084,9
video_82127,9
video_82232,9
video_82233,9
video_82254,9
video_82258,9
video_8226,9
video_82315,9
video_8241,9
video_8243,9
video_82462,9
video_82473,9
video_82490,9
video_82495,29
video_82565,9
video_82569,29
video_82600,9
video_82629,9
video_82716,9
video_82728,29
video_82730,29
video_82731,9
video_82759,29
video_82832,29
video_82857,9
video_82925,9
video_82932,9
video_83062,9
video_8311,9
video_83148,9
video_83173,9
video_83231,9
video_83326,29
video_83328,9
video_83337,29
video_83357,29
video_83408,9
video_83497,29
video_83534,9
video_83575,29
video_83596,9
video_83631,9
video_83643,29
video_83647,9
video_8365,1
video_83670,9
video_83672,9
video_83721,9
video_8373,9
video_83738,9
video_83771,29
video_83782,9
video_83808,9
video_83849,29
video_83889,29
video_83927,9
video_8396,9
video_84010,9
video_84022,9
video_84033,9
video_84084,29
video_84096,29
video_84183,9
video_84193,9
video_8423,9
video_84319,9
video_84411,1
video_84470,9
video_84525,9
video_84566,9
video_84583,9
video_8459,9
video_84591,9
video_84624,9
video_84630,9
video_84648,29
video_84798,9
video_84850,29
video_84852,9
video_84922,9
video_85126,22
video_85183,9
video_85228,9
video_85271,9
video_85272,29
video_85278,9
video_85325,29
video_85343,9
video_85383,29
video_85439,9
video_85449,9
video_85471,9
video_85550,9
video_85552,9
video_85566,9
video_85613,9
video_85627,9
video_85633,9
video_85666,29
video_8567,9
video_85672,29
video_85714,9
video_8573,29
video_85737,9
video_8574,9
video_85751,29
video_85824,9
video_85849,9
video_85850,9
video_85904,29
video_85933,9
video_85987,9
video_86020,9
video_86023,9
video_86034,9
video_86077,9
video_86123,9
video_86151,9
video_86160,29
video_86176,29
video_86254,9
video_86262,9
video_86349,9
video_86386,29
video_8639,29
video_86441,29
video_86478,9
video_86482,29
video_86517,9
video_86552,29
video_866,9
video_86606,29
video_86682,9
video_86712,9
video_86786,29
video_86853,9
video_86865,29
video_86918,9
video_86950,9
video_86973,9
video_86985,9
video_87007,29
video_87046,9
video_87086,29
video_87103,1
video_87113,9
video_87176,29
video_87184,9
video_87277,9
video_87346,29
video_87371,9
video_87391,9
video_87400,1
video_87417,29
video_87431,9
video_87439,9
video_87511,1
video_87573,9
video_87597,1
video_87611,9
video_87614,9
video_87649,9
video_8766,9
video_87667,9
video_87703,29
video_87736,9
video_87780,9
video_87794,29
video_8788,9
video_87908,29
video_87940,9
video_87950,1
video_88016,9
video_8804,9
video_88104,9
video_88136,29
video_88168,29
video_8817,9
video_88176,9
video_88184,9
video_88216,9
video_88224,9
video_88236,9
video_88248,9
video_88391,9
video_88408,29
video_88425,29
video_88455,9
video_88558,9
video_88629,9
video_88674,9
video_88696,9
video_88725,29
video_88727,9
video_88751,29
video_88824,9
video_88831,9
video_88932,9
video_88966,9
video_89029,29
video_89041,9
video_89042,9
video_8907,9
video_89125,9
video_8917,9
video_89186,9
video_89219,9
video_89326,9
video_89345,29
video_89413,29
video_89418,9
video_89441,9
video_89472,9
video_89484,9
video_89516,9
video_89518,9
video_89644,9
video_89664,9
video_89795,29
video_89869,9
video_89885,29
video_89910,9
video_8993,9
video_89941,9
video_89946,29
video_90017,29
video_90020,9
video_9004,9
video_90060,9
video_90072,29
video_90100,9
video_90108,9
video_90176,9
video_90185,9
video_90193,29
video_90245,9
video_90295,9
video_90314,9
video_90343,9
video_90354,9
video_90363,9
video_90389,9
video_90390,9
video_90469,29
video_90499,29
video_90515,9
video_90546,9
video_90606,9
video_9066,29
video_90700,29
video_90716,9
video_90731,29
video_90732,9
video_90750,9
video_90760,9
video_90842,29
video_9089,9
video_90923,9
video_90934,29
video_90950,9
video_91027,9
video_91065,29
video_9112,1
video_91121,9
video_91143,9
video_91167,29
video_91243,9
video_91260,9
video_9146,29
video_91487,9
video_9149,9
video_91493,9
video_91501,9
video_91502,9
video_91525,9
video_91550,9
video_91593,9
video_91598,29
video_91620,9
video_91635,29
video_9164,29
video_91651,9
video_91666,9
video_91679,9
video_91686,29
video_91740,9
video_91813,1
video_91845,9
video_9192,9
video_91925,9
video_91928,9
video_91979,9
video_91982,9
video_92015,9
video_92016,29
video_9204,29
video_92054,9
video_92083,9
video_92084,9
video_92106,9
video_92111,9
video_92138,9
video_92170,9
video_92205,29
video_92218,9
video_9224,9
video_923,9
video_92309,29
video_92323,9
video_92332,9
video_92425,29
video_92445,9
video_92513,9
video_92563,9
video_92564,9
video_92582,9
video_92599,9
video_92761,9
video_92766,9
video_92784,29
video_92815,9
video_92876,9
video_92917,9
video_92954,9
video_93016,1
video_93065,9
video_93106,1
video_93120,9
video_93136,29
video_93148,9
video_93150,29
video_93173,29
video_9324,9
video_93240,9
video_93289,9
video_93336,9
video_93468,9
video_93477,9
video_93479,9
video_93480,9
video_93488,9
video_93516,29
video_93578,9
video_93703,9
video_93729,29
video_93778,9
video_93791,9
video_93841,9
video_93855,29
video_93887,9
video_93928,9
video_93954,9
video_93968,9
video_94012,9
video_94080,9
video_94084,29
video_94086,9
video_94091,29
video_94094,9
video_94130,29
video_94163,9
video_94164,29
video_9420,9
video_94219,9
video_94266,29
video_94270,9
video_943,9
video_94308,29
video_94321,9
video_94379,9
video_9438,9
video_94414,9
video_94440,9
video_94450,9
video_94476,1
video_94489,9
video_94510,9
video_94536,9
video_94564,29
video_9457,29
video_94584,9
video_94593,29
video_94619,29
video_94631,9
video_94680,29
video_94697,9
video_94768,9
video_94772,9
video_94782,9
video_9486,9
video_94864,9
video_94913,29
video_94952,9
video_94973,9
video_95016,29
video_95066,29
video_9507,9
video_95144,29
video_95183,29
video_95207,9
video_95223,29
video_95235,9
video_95247,9
video_95259,9
video_95266,9
video_95292,9
video_95297,9
video_95314,29
video_95316,9
video_9532,9
video_95331,9
video_95373,29
video_95401,9
video_95410,29
video_95417,9
video_9547,9
video_95510,9
video_9562,9
video_95630,29
video_95687,9
video_9573,9
video_95735,1
video_95799,29
video_95806,1
video_95810,9
video_95823,9
video_95832,29
video_95850,9
video_95854,9
video_95871,9
video_95887,9
video_95988,29
video_95994,29
video_96046,9
video_9607,29
video_96121,9
video_96131,9
video_96176,9
video_96194,29
video_96235,9
video_96262,29
video_96264,9
video_96269,29
video_96301,9
video_96304,9
video_96335,9
video_96351,31
video_96352,29
video_96403,9
video_96418,29
video_96432,9
video_96435,9
video_96439,29
video_96470,9
video_965,29
video_96501,9
video_96504,9
video_9651,31
video_96514,9
video_96630,29
video_96631,9
video_96637,9
video_96668,1
video_96673,29
video_96680,9
video_967,9
video_9673,9
video_96757,29
video_96761,29
video_96791,29
video_96896,9
video_97004,9
video_97011,9
video_9702,29
video_97026,9
video_97079,29
video_971,9
video_97107,9
video_97167,29
video_97188,9
video_97212,9
video_9724,9
video_97246,9
video_97249,9
video_97286,29
video_97317,9
video_97319,9
video_97328,9
video_97338,9
video_97404,29
video_97411,29
video_97500,9
video_97508,9
video_97514,9
video_97528,9
video_9755,9
video_97627,9
video_97648,29
video_97664,9
video_97758,29
video_97785,9
video_97787,9
video_97864,9
video_97867,9
video_97890,9
video_97956,29
video_97962,9
video_97989,9
video_97990,1
video_98004,29
video_98006,9
video_98064,9
video_98112,9
video_98115,29
video_98138,9
video_98180,29
video_98189,9
video_98289,9
video_98319,9
video_98372,29
video_98373,9
video_98387,29
video_984,9
video_98406,9
video_98424,29
video_98427,29
video_98461,1
video_98471,9
video_98496,9
video_98502,9
video_98504,9
video_98515,29
video_98556,9
video_98565,29
video_98673,1
video_98693,29
video_98711,1
video_98737,9
video_98752,9
video_98762,9
video_98779,9
video_98798,9
video_98807,9
video_98808,29
video_98826,29
video_98856,9
video_98911,9
video_98921,9
video_98950,9
video_98988,1
video_98990,9
video_99015,9
video_99017,9
video_99044,9
video_99058,9
video_9909,9
video_99121,9
video_99153,29
video_99171,29
video_9918,9
video_99188,9
video_99220,29
video_99228,9
video_99230,9
video_99254,9
video_99305,9
video_99315,29
video_99317,29
video_99328,9
video_99335,1
video_99379,9
video_9941,9
video_99412,1
video_99485,9
video_99503,9
video_99532,29
video_9957,29
video_99570,9
video_99591,9
video_99594,1
video_99595,29
video_99603,9
video_99607,9
video_99619,29
video_99701,1
video_99717,9
video_99789,9
video_99805,29
video_99867,9
video_99870,9
video_99886,9
video_99942,9
video_99953,29
