video_name,predicted_class
video_1000,5
video_100051,18
video_100065,12
video_100078,30
video_100121,23
video_100164,14
video_100187,8
video_100195,31
video_100218,10
video_100219,30
video_100237,31
video_100249,18
video_100288,5
video_100315,5
video_100347,18
video_100445,4
video_100461,9
video_100490,28
video_100530,23
video_100557,4
video_100566,10
video_100581,18
video_100599,6
video_10064,14
video_100656,14
video_100766,30
video_10077,5
video_100827,1
video_100837,31
video_100865,22
video_100879,31
video_100889,22
video_10090,17
video_100934,5
video_101005,29
video_101012,1
video_101046,13
video_101051,29
video_101062,22
video_101174,28
video_101183,24
video_101229,14
video_101240,22
video_10125,10
video_101261,31
video_101298,25
video_101370,13
video_101401,28
video_101481,19
video_101514,22
video_101532,16
video_101559,28
video_101631,8
video_101665,5
video_101697,31
video_101722,12
video_101797,7
video_101814,5
video_101828,15
video_101854,30
video_101907,4
video_101908,30
video_101913,20
video_101922,31
video_101937,3
video_101978,18
video_101988,12
video_102053,1
video_102145,5
video_102185,14
video_10221,8
video_102257,8
video_102285,12
video_102323,5
video_102327,14
video_102333,0
video_102350,12
video_102367,7
video_102379,5
video_102396,5
video_102397,30
video_102471,12
video_102482,10
video_102495,14
video_10257,12
video_102598,28
video_102607,31
video_102636,12
video_102649,3
video_102695,13
video_102703,0
video_102747,28
video_10275,12
video_102769,8
video_102770,3
video_102799,1
video_102811,5
video_102832,14
video_102833,7
video_102871,8
video_102920,30
video_10294,16
video_102950,12
video_102977,6
video_102991,6
video_102996,3
video_103017,22
video_103028,5
video_103043,20
video_103045,7
video_103064,18
video_103120,20
video_103152,5
video_103155,1
video_103189,30
video_103288,32
video_103305,17
video_10331,19
video_103381,3
video_103439,4
video_103447,22
video_103491,19
video_103495,21
video_103511,23
video_103525,1
video_103534,5
video_103593,6
video_103684,28
video_103777,14
video_103789,23
video_10381,9
video_103815,24
video_103896,22
video_103914,9
video_103917,23
video_103923,17
video_103949,3
video_103960,28
video_103999,22
video_104062,19
video_104089,30
video_104098,28
video_104180,3
video_104201,31
video_104205,20
video_104233,14
video_104277,14
video_104331,29
video_104339,28
video_104363,26
video_10438,18
video_104386,22
video_104410,19
video_104414,10
video_104416,9
video_104424,3
video_10448,31
video_104482,30
video_104488,2
video_104516,29
video_104523,6
video_10455,12
video_104560,10
video_104592,28
video_104598,29
video_104602,28
video_104636,28
video_10465,10
video_104660,30
video_104734,5
video_104737,22
video_104755,22
video_104758,14
video_104762,28
video_104876,28
video_104880,28
video_104892,6
video_1049,22
video_104943,28
video_105004,32
video_105058,31
video_105082,0
video_105133,5
video_105141,30
video_105154,3
video_105187,24
video_105204,6
video_105280,31
video_105337,5
video_105364,0
video_105485,6
video_105550,5
video_105554,24
video_105563,5
video_10565,10
video_105653,9
video_105657,30
video_105670,9
video_105674,29
video_105738,20
video_10581,0
video_105855,16
video_105876,22
video_105904,3
video_105907,5
video_105933,5
video_105980,6
video_106008,1
video_10602,32
video_106065,5
video_106066,1
video_106121,29
video_106128,30
video_106153,25
video_106158,14
video_106201,14
video_106205,13
video_106226,6
video_106234,30
video_106299,0
video_106385,8
video_106464,6
video_106569,1
video_106589,30
video_106649,6
video_106690,31
video_106695,5
video_106768,21
video_106793,30
video_106868,20
video_106893,12
video_106897,21
video_106938,0
video_106969,0
video_106981,23
video_106982,31
video_10701,5
video_107027,13
video_107049,10
video_10705,21
video_107055,8
video_107056,21
video_107093,8
video_107124,23
video_107193,25
video_107200,31
video_107210,31
video_107220,4
video_107227,11
video_107241,0
video_107290,25
video_107311,6
video_10737,9
video_107379,25
video_10741,30
video_107428,3
video_107516,1
video_107540,5
video_107541,32
video_107552,10
video_107562,23
video_107653,8
video_107665,15
video_107684,8
video_107734,23
video_107746,1
video_107764,3
video_107807,3
video_107832,5
video_107841,4
video_107842,22
video_107904,8
video_107980,9
video_107991,18
video_107994,30
video_108009,30
video_108043,32
video_108059,8
video_108060,30
video_108078,18
video_108131,28
video_108194,21
video_108207,13
video_108214,8
video_108269,30
video_108298,12
video_108340,9
video_108354,1
video_108356,20
video_108370,28
video_108405,1
video_108428,31
video_10850,5
video_108511,26
video_10852,5
video_108534,25
video_108586,7
video_108594,22
video_1086,19
video_108605,22
video_108634,14
video_108639,31
video_108689,3
video_108692,31
video_10872,3
video_108751,8
video_108775,6
video_10879,14
video_108805,19
video_10886,28
video_108882,9
video_108893,1
video_108990,22
video_109000,21
video_109069,30
video_10910,14
video_109115,25
video_109117,8
video_109182,30
video_109199,3
video_10926,23
video_109275,18
video_109301,32
video_109323,1
video_10933,19
video_109345,20
video_109368,1
video_109372,29
video_109427,23
video_109438,28
video_109473,13
video_109556,31
video_109559,5
video_109585,9
video_109674,25
video_109691,12
video_109749,2
video_109762,23
video_109769,28
video_109779,23
video_109849,5
video_109896,7
video_109942,5
video_109974,16
video_109996,1
video_11,6
video_11000,10
video_110045,8
video_110088,6
video_110097,25
video_11014,24
video_110144,14
video_110227,7
video_110265,16
video_110277,18
video_110306,15
video_11033,30
video_110357,8
video_110415,23
video_110429,9
video_110466,19
video_110538,20
video_11062,31
video_110636,1
video_110644,29
video_11065,7
video_110652,11
video_110729,28
video_110739,7
video_110771,8
video_110787,5
video_110810,6
video_110831,11
video_110834,30
video_110914,13
video_110960,1
video_110981,18
video_110984,9
video_11102,12
video_111051,14
video_111096,32
video_11110,14
video_111126,2
video_111133,29
video_111136,29
video_111139,32
video_111399,31
video_111462,12
video_111481,30
video_111485,9
video_111498,7
video_111571,1
video_111572,16
video_111577,22
video_111611,12
video_111617,7
video_111622,10
video_111669,22
video_111685,0
video_111715,30
video_111734,30
video_111760,30
video_111776,1
video_111779,28
video_111782,28
video_111865,14
video_111916,1
video_111917,8
video_111951,3
video_111956,23
video_111980,5
video_111982,26
video_11202,29
video_112036,20
video_11205,23
video_112062,15
video_11207,3
video_11208,6
video_11211,31
video_112115,12
video_112127,1
video_112138,28
video_112145,3
video_112190,31
video_112203,20
video_112219,19
video_112242,9
video_112249,9
video_112323,1
video_112355,26
video_112359,30
video_112384,24
video_112398,32
video_112439,19
video_112446,20
video_112473,31
video_112520,31
video_112526,25
video_112562,30
video_1126,4
video_112623,5
video_112625,5
video_112634,19
video_112652,31
video_112693,20
video_112700,12
video_112729,30
video_112875,14
video_112887,31
video_112888,9
video_112914,1
video_112950,5
video_112960,31
video_112973,8
video_113032,7
video_113037,22
video_113039,32
video_113118,17
video_113150,2
video_113183,6
video_1132,14
video_113218,9
video_113255,28
video_113256,28
video_113299,12
video_113310,2
video_113400,5
video_113452,18
video_113518,11
video_113546,18
video_113560,1
video_113605,21
video_113665,6
video_113671,23
video_113754,9
video_113819,20
video_113835,24
video_113841,10
video_113891,9
video_113900,7
video_113956,31
video_113967,5
video_113985,18
video_114021,0
video_11403,22
video_114051,14
video_114167,14
video_114189,6
video_114197,10
video_114208,1
video_114223,22
video_114259,23
video_114288,15
video_114292,25
video_114302,10
video_114353,25
video_114369,21
video_114388,9
video_114391,1
video_114395,5
video_114420,30
video_114464,1
video_114483,22
video_114498,8
video_114519,18
video_114531,28
video_114559,30
video_114587,1
video_114598,14
video_114604,24
video_114623,14
video_114643,22
video_114684,25
video_114713,15
video_114801,29
video_114831,13
video_114882,0
video_11489,0
video_114919,5
video_114936,28
video_114952,2
video_114963,3
video_114970,4
video_114984,32
video_115029,28
video_115065,30
video_115077,17
video_115179,9
video_115199,21
video_115298,8
video_115317,5
video_115318,22
video_115328,20
video_11534,22
video_115340,1
video_11535,29
video_115363,6
video_115366,20
video_115388,26
video_115415,26
video_115442,31
video_115466,22
video_11547,7
video_115476,18
video_11549,18
video_115537,22
video_115558,31
video_115598,16
video_115603,0
video_115695,32
video_115696,20
video_115760,7
video_115769,8
video_115785,30
video_115787,7
video_11579,31
video_115798,15
video_115801,9
video_11583,19
video_115838,14
video_115941,25
video_116039,17
video_116089,8
video_116101,32
video_11611,28
video_116187,30
video_116215,22
video_116225,12
video_11630,32
video_116408,3
video_116409,12
video_116426,22
video_11645,4
video_116505,9
video_116542,22
video_116556,3
video_11656,13
video_116577,30
video_116587,16
video_116599,29
video_116628,21
video_116649,5
video_116678,6
video_116703,32
video_116752,29
video_11685,7
video_116890,30
video_1169,7
video_116908,23
video_116937,19
video_116994,4
video_11701,7
video_117122,30
video_117176,14
video_117181,23
video_117259,21
video_117275,1
video_117365,0
video_117405,13
video_11743,29
video_117476,4
video_117496,22
video_117503,19
video_117522,22
video_117529,5
video_117542,8
video_117545,8
video_117580,30
video_117607,14
video_117632,9
video_117657,24
video_11767,10
video_117709,24
video_117737,1
video_117783,6
video_117795,17
video_117812,18
video_117834,18
video_11784,16
video_11803,12
video_118034,5
video_118050,19
video_118060,19
video_118063,14
video_118081,30
video_118098,29
video_118127,6
video_118147,3
video_11815,10
video_118157,28
video_118198,31
video_118200,21
video_118215,21
video_118226,8
video_118249,12
video_118263,28
video_118330,7
video_118334,8
video_118337,18
video_118351,1
video_118390,5
video_118453,31
video_118513,7
video_118519,22
video_118522,30
video_118534,0
video_118548,23
video_118599,30
video_118630,0
video_118659,6
video_118665,6
video_118669,6
video_118683,1
video_118754,9
video_118765,14
video_118823,12
video_11886,3
video_118866,18
video_118883,0
video_118916,19
video_118928,22
video_118951,9
video_118952,30
video_119006,18
video_11901,12
video_119011,28
video_119036,28
video_119093,28
video_11912,19
video_119127,9
video_119150,10
video_11919,17
video_119202,12
video_119221,8
video_119226,22
video_119248,29
video_119290,9
video_119299,19
video_119309,31
video_119315,12
video_119363,2
video_119385,25
video_119389,0
video_119393,30
video_119399,18
video_11941,5
video_119490,4
video_11950,29
video_119574,23
video_119577,0
video_119583,8
video_119586,22
video_119591,22
video_119618,4
video_119665,13
video_11972,1
video_119725,2
video_119738,19
video_119741,12
video_119788,29
video_119804,7
video_119876,21
video_119893,28
video_119967,12
video_11997,1
video_119996,1
video_120039,30
video_120075,28
video_120104,31
video_120118,17
video_120170,17
video_120194,31
video_120234,28
video_120236,1
video_120251,6
video_120257,28
video_120281,23
video_120304,24
video_120325,23
video_120326,30
video_120327,28
video_12036,30
video_120390,2
video_120428,30
video_12044,31
video_120449,3
video_120451,14
video_120513,28
video_120634,13
video_120717,25
video_120732,31
video_120746,19
video_120778,3
video_120792,0
video_120814,5
video_120836,0
video_12091,21
video_120958,30
video_121018,9
video_121019,28
video_121050,8
video_121082,5
video_121102,29
video_121182,30
video_121186,22
video_121207,28
video_121219,31
video_121250,2
video_121275,30
video_121278,0
video_121292,30
video_121296,7
video_121298,1
video_121307,31
video_12131,14
video_121325,10
video_121326,20
video_121380,26
video_12141,29
video_12142,26
video_121493,30
video_121514,7
video_121522,31
video_121532,12
video_121539,22
video_121550,23
video_12157,13
video_121635,8
video_121695,28
video_12170,13
video_121702,19
video_121720,30
video_121758,31
video_121771,30
video_121777,6
video_121788,0
video_121789,5
video_121820,29
video_121900,21
video_121901,3
video_122044,5
video_122080,11
video_122086,28
video_122105,5
video_122168,14
video_12217,14
video_12218,1
video_122204,22
video_122209,23
video_122217,11
video_12234,25
video_12236,22
video_122415,1
video_122422,31
video_122504,12
video_122516,20
video_12256,0
video_122572,8
video_122574,21
video_122599,30
video_12262,2
video_122649,13
video_122651,32
video_122662,18
video_122688,3
video_122710,12
video_122797,32
video_12283,32
video_122845,23
video_122846,4
video_122860,30
video_122917,1
video_123008,22
video_12302,15
video_123077,1
video_12308,5
video_123082,6
video_123090,9
video_123093,20
video_123123,24
video_123128,1
video_123138,21
video_123222,8
video_123223,26
video_123234,30
video_123242,25
video_123244,29
video_123256,1
video_12328,32
video_123313,23
video_123343,3
video_123402,24
video_123408,17
video_123435,2
video_123443,4
video_123483,9
video_123495,31
video_123545,29
video_123561,25
video_123599,22
video_12360,1
video_123643,30
video_123707,30
video_123717,13
video_123726,17
video_123732,1
video_123788,24
video_12381,10
video_123857,11
video_12393,14
video_123963,12
video_123971,31
video_124002,14
video_124018,23
video_124021,29
video_124033,25
video_124034,9
video_124077,31
video_124091,23
video_12411,5
video_124190,15
video_124252,3
video_124281,9
video_124313,5
video_124345,14
video_124366,21
video_124375,14
video_124380,7
video_12446,20
video_124469,28
video_124481,0
video_124482,12
video_124589,17
video_124592,5
video_1246,13
video_124612,24
video_12466,19
video_124723,23
video_124724,18
video_124736,31
video_124751,2
video_124818,31
video_124826,22
video_124923,5
video_124933,14
video_124980,21
video_124999,13
video_125008,19
video_125019,12
video_125028,30
video_125094,9
video_125164,0
video_125179,18
video_125203,29
video_125275,12
video_125362,5
video_125460,6
video_125492,7
video_125504,9
video_125539,8
video_125554,3
video_125561,6
video_125596,30
video_125612,28
video_125613,30
video_125665,3
video_125666,29
video_125759,12
video_125843,0
video_125876,23
video_12590,18
video_125917,13
video_126002,28
video_126005,8
video_126016,5
video_126037,13
video_126088,5
video_126118,28
video_126190,32
video_126192,21
video_126275,19
video_126354,7
video_126366,19
video_126372,19
video_126388,23
video_126391,10
video_12641,30
video_126422,29
video_126493,1
video_126527,24
video_126536,3
video_126544,17
video_126568,12
video_126579,7
video_126636,3
video_12664,9
video_126651,5
video_126714,10
video_126778,16
video_126785,21
video_126802,4
video_12683,30
video_126869,32
video_126888,28
video_126911,25
video_12694,18
video_126969,10
video_126976,30
video_126984,13
video_127095,12
video_12712,30
video_127127,5
video_127130,19
video_127302,32
video_127355,10
video_127445,18
video_127502,22
video_127541,19
video_127547,24
video_127558,2
video_1276,0
video_127614,29
video_127731,8
video_127735,31
video_127745,6
video_127808,20
video_127820,11
video_127845,17
video_127892,1
video_127898,12
video_127922,8
video_12797,26
video_127979,24
video_128000,19
video_128010,12
video_128040,5
video_128111,9
video_128134,32
video_128190,22
video_128195,30
video_128244,19
video_128274,2
video_128329,14
video_128331,25
video_128358,6
video_128366,12
video_128370,2
video_128392,7
video_128409,10
video_128414,16
video_128459,5
video_128484,3
video_128580,7
video_128590,22
video_128605,29
video_128668,4
video_128686,1
video_128689,31
video_128705,10
video_128711,5
video_128716,1
video_128723,13
video_128729,22
video_128730,9
video_128761,6
video_128770,3
video_128799,12
video_128826,28
video_128895,5
video_128901,30
video_128911,12
video_128961,14
video_128964,23
video_128973,20
video_128977,16
video_129001,8
video_12901,23
video_129059,14
video_12908,0
video_12909,7
video_129096,24
video_129128,19
video_129136,21
video_129148,2
video_129171,10
video_12918,12
video_129283,14
video_129297,11
video_1293,19
video_129370,32
video_129377,2
video_12939,5
video_129400,18
video_129401,31
video_12941,6
video_129420,15
video_129423,30
video_129451,10
video_129493,29
video_129513,3
video_129536,1
video_129546,13
video_129553,6
video_12957,14
video_129595,29
video_129597,7
video_129662,11
video_129666,8
video_12970,30
video_129708,28
video_129748,3
video_129750,30
video_129761,6
video_129772,2
video_129810,30
video_12982,5
video_129896,30
video_12991,22
video_129936,31
video_129973,23
video_13,22
video_13002,21
video_130035,13
video_13009,6
video_130148,7
video_130160,5
video_130219,1
video_130253,15
video_130265,5
video_130276,7
video_130280,14
video_130297,8
video_130314,32
video_130324,31
video_13035,5
video_130358,7
video_130360,8
video_130403,20
video_130410,31
video_130415,2
video_130447,24
video_130459,31
video_130489,11
video_13049,30
video_130495,25
video_130513,25
video_13052,7
video_130558,16
video_130565,2
video_130675,17
video_130716,25
video_130723,12
video_130766,5
video_130796,30
video_130806,26
video_130847,1
video_130864,29
video_130894,3
video_130938,19
video_130940,17
video_13104,28
video_131067,32
video_131070,12
video_131191,20
video_131201,12
video_131204,21
video_131238,23
video_131274,31
video_131286,21
video_131323,32
video_131334,21
video_131357,6
video_131364,9
video_131380,31
video_131395,9
video_13146,16
video_131463,18
video_131524,28
video_131560,6
video_131588,9
video_131680,18
video_131698,10
video_131758,2
video_131794,28
video_131814,16
video_131832,21
video_131899,30
video_131906,5
video_13193,29
video_13195,29
video_131971,30
video_132052,12
video_132056,5
video_132090,9
video_132163,30
video_132201,9
video_132228,16
video_132256,32
video_132291,32
video_132295,1
video_132357,3
video_132368,5
video_132386,5
video_132439,13
video_132445,28
video_132446,1
video_132457,30
video_132474,12
video_132537,21
video_132540,14
video_132564,18
video_132576,3
video_132586,14
video_132607,28
video_132639,31
video_132687,7
video_132709,9
video_132775,29
video_132797,8
video_132809,12
video_132831,14
video_132849,18
video_132867,15
video_13295,24
video_132985,20
video_132988,11
video_133012,10
video_133062,30
video_133075,8
video_133086,9
video_133100,22
video_133122,30
video_133128,12
video_133135,5
video_133213,18
video_133221,2
video_133228,30
video_133233,5
video_133237,22
video_133247,31
video_13330,0
video_133309,30
video_133357,9
video_133374,5
video_133379,9
video_133398,28
video_133412,1
video_133446,30
video_133464,11
video_13347,25
video_133584,7
video_133594,13
video_133633,20
video_133645,2
video_133647,1
video_133658,19
video_133685,28
video_1337,4
video_133705,9
video_133786,30
video_133818,12
video_133855,10
video_133889,30
video_13389,14
video_133895,2
video_133896,6
video_133922,5
video_133926,9
video_133956,29
video_133974,5
video_133987,3
video_134103,12
video_134112,5
video_134135,31
video_134160,30
video_134163,31
video_134202,23
video_13422,1
video_134302,11
video_134315,18
video_134327,12
video_134359,12
video_134382,13
video_134384,30
video_134395,24
video_134411,22
video_134412,7
video_134455,6
video_134495,0
video_134502,29
video_134542,8
video_134616,12
video_134619,19
video_134623,1
video_134634,32
video_134636,10
video_134643,23
video_134674,10
video_134693,14
video_134696,19
video_134705,8
video_134725,30
video_134743,0
video_134745,8
video_134771,32
video_134788,20
video_134850,19
video_134857,21
video_134858,28
video_134882,9
video_134902,22
video_134910,31
video_134912,30
video_134923,12
video_134933,32
video_134943,6
video_134965,8
video_134995,32
video_135013,13
video_135018,0
video_135037,28
video_135079,30
video_135110,6
video_135129,31
video_135189,15
video_1352,1
video_135216,28
video_135218,25
video_135220,14
video_135231,30
video_135251,7
video_135345,7
video_135366,29
video_135371,24
video_135378,30
video_135397,31
video_135408,16
video_135471,21
video_135505,29
video_135560,28
video_135576,5
video_135592,3
video_135599,31
video_135640,11
video_135681,17
video_135752,19
video_135793,5
video_135797,10
video_135804,6
video_135834,9
video_135872,7
video_135892,32
video_136013,29
video_136033,8
video_136038,0
video_136075,30
video_136083,7
video_136099,19
video_136105,32
video_13611,12
video_136117,10
video_136119,18
video_136124,28
video_13615,8
video_136203,5
video_136217,3
video_136234,2
video_136299,23
video_136316,22
video_136333,6
video_136373,19
video_136388,22
video_136430,22
video_136450,10
video_136496,30
video_136512,14
video_136525,14
video_136544,3
video_136587,28
video_136588,9
video_136674,5
video_136703,13
video_13673,22
video_136751,6
video_136752,1
video_136754,6
video_136786,5
video_136792,30
video_136796,5
video_136801,9
video_136806,30
video_13682,5
video_136847,28
video_136889,30
video_136912,12
video_136913,17
video_136915,1
video_136956,19
video_136979,6
video_136980,31
video_137036,6
video_137097,19
video_137106,0
video_13713,30
video_137158,9
video_137167,14
video_137196,7
video_137226,22
video_137289,19
video_137300,32
video_137332,17
video_137355,12
video_137366,3
video_13737,12
video_137419,23
video_137420,5
video_137463,8
video_137466,5
video_137485,10
video_137493,23
video_137524,30
video_137532,14
video_137566,13
video_137605,5
video_137615,16
video_137628,30
video_137691,28
video_137694,30
video_137738,23
video_137774,3
video_137903,6
video_137975,16
video_138039,20
video_138040,5
video_138111,1
video_138172,31
video_138234,7
video_138328,5
video_138334,32
video_138349,5
video_138401,23
video_138402,10
video_13846,20
video_138503,12
video_138511,19
video_138556,31
video_138632,9
video_138635,5
video_138641,5
video_13865,5
video_13866,14
video_138708,31
video_138776,0
video_138779,22
video_138812,2
video_138846,9
video_138851,29
video_138898,7
video_138900,9
video_138930,31
video_138940,5
video_138943,1
video_139022,13
video_139071,26
video_139078,7
video_139234,24
video_139347,5
video_139399,13
video_139403,7
video_139418,31
video_139469,32
video_139526,14
video_13957,28
video_1396,8
video_139616,10
video_139667,10
video_139668,30
video_139792,17
video_139809,5
video_139839,31
video_13987,5
video_139894,6
video_139973,13
video_139982,30
video_14000,2
video_140010,31
video_140029,23
video_140090,13
video_140107,4
video_140126,21
video_140127,29
video_140149,18
video_14015,6
video_140160,18
video_140168,4
video_140176,22
video_140182,9
video_140188,31
video_140195,7
video_140226,28
video_140251,5
video_140257,16
video_140277,23
video_140382,6
video_140457,5
video_140475,6
video_140519,8
video_140551,30
video_14058,4
video_140595,10
video_140601,14
video_140624,18
video_140676,5
video_140693,20
video_140708,1
video_140714,2
video_140764,18
video_140839,4
video_140852,15
video_140855,14
video_140869,6
video_140873,7
video_140960,5
video_14099,21
video_141000,5
video_141011,6
video_141014,9
video_141020,11
video_141033,8
video_141034,5
video_14104,7
video_141053,30
video_141079,8
video_14109,4
video_141157,10
video_141183,5
video_141258,0
video_141265,18
video_141339,32
video_141359,1
video_141393,11
video_141430,32
video_141490,31
video_141491,0
video_141518,10
video_141571,13
video_141639,13
video_14165,18
video_141654,31
video_14168,1
video_141681,10
video_141694,5
video_14174,11
video_141760,9
video_141877,18
video_141914,32
video_141931,13
video_141942,14
video_141946,21
video_141949,29
video_141985,8
video_1420,22
video_142031,9
video_142036,17
video_142057,15
video_142067,7
video_142080,5
video_142081,20
video_1421,6
video_142119,12
video_142243,30
video_142275,8
video_142311,8
video_142313,5
video_142328,24
video_142334,13
video_14237,7
video_142445,8
video_142453,10
video_142458,14
video_14246,13
video_142467,17
video_14259,23
video_142671,9
video_142756,17
video_142759,24
video_142809,17
video_142812,9
video_14284,5
video_142865,7
video_142867,11
video_142896,14
video_142899,25
video_142910,12
video_142956,8
video_14296,1
video_142988,3
video_143003,10
video_143057,5
video_143064,19
video_143068,24
video_143070,29
video_143127,4
video_143171,32
video_143172,12
video_143190,32
video_143213,23
video_143256,12
video_143347,23
video_143441,9
video_143461,10
video_143526,6
video_143547,30
video_143647,22
video_1437,7
video_143726,22
video_143735,17
video_143750,28
video_143789,28
video_143794,32
video_143798,17
video_143852,5
video_143876,8
video_143914,12
video_14392,7
video_143933,22
video_143945,18
video_143956,0
video_143965,25
video_143992,31
video_144005,28
video_144029,23
video_144048,18
video_144053,22
video_144069,9
video_144083,29
video_14414,31
video_144149,23
video_144170,14
video_144179,10
video_144184,31
video_144237,15
video_144286,10
video_144301,12
video_144333,31
video_144340,11
video_144370,7
video_144376,4
video_144394,8
video_144413,11
video_144438,6
video_144483,8
video_144491,12
video_144561,12
video_144569,8
video_14459,31
video_144632,28
video_144704,25
video_144741,3
video_144751,3
video_144777,24
video_144806,2
video_144847,24
video_14494,17
video_14495,31
video_144972,8
video_144983,28
video_145034,29
video_145077,29
video_145079,6
video_145135,5
video_145244,5
video_145248,5
video_145251,32
video_145291,22
video_1453,24
video_145356,30
video_145404,22
video_145405,19
video_145422,30
video_145477,4
video_145483,9
video_145495,9
video_1455,1
video_145539,30
video_145585,9
video_145603,5
video_145604,11
video_145650,31
video_145676,15
video_145693,5
video_145702,17
video_145800,9
video_145804,19
video_145871,7
video_145927,23
video_145997,31
video_146068,21
video_14608,1
video_146085,30
video_146166,18
video_146186,18
video_146200,32
video_14621,10
video_146233,14
video_146237,10
video_146267,16
video_14627,14
video_146293,1
video_146313,30
video_146323,32
video_146327,6
video_146372,29
video_146377,5
video_146382,14
video_146413,30
video_14642,10
video_146424,9
video_146425,20
video_146553,1
video_146555,28
video_146573,17
video_146592,20
video_146630,7
video_146634,8
video_1467,18
video_146733,5
video_146765,0
video_146778,4
video_14678,9
video_146788,10
video_146803,4
video_146862,23
video_146882,4
video_146924,14
video_146950,8
video_147005,14
video_147017,31
video_147026,6
video_1471,0
video_147174,15
video_147187,31
video_147194,17
video_147200,20
video_147290,29
video_147305,19
video_147327,7
video_147414,14
video_147423,13
video_147521,13
video_147610,23
video_147644,7
video_147663,23
video_147693,12
video_147704,0
video_147764,11
video_147911,6
video_147948,9
video_147951,18
video_147972,1
video_147996,22
video_148054,22
video_148065,0
video_148068,5
video_148202,8
video_148242,30
video_148245,0
video_148251,30
video_148252,4
video_148271,8
video_148305,19
video_148399,8
video_148465,5
video_148478,24
video_148527,3
video_148633,30
video_14864,8
video_148663,1
video_148674,10
video_148676,9
video_148759,5
video_148824,19
video_148825,13
video_148846,24
video_148857,12
video_148877,2
video_148922,6
video_148929,5
video_148934,12
video_148956,19
video_148959,2
video_149053,18
video_14907,10
video_149091,5
video_149093,31
video_149106,6
video_149125,7
video_149146,9
video_14921,17
video_149215,30
video_149226,28
video_149251,5
video_149253,20
video_149326,22
video_149340,8
video_149342,19
video_149375,5
video_149407,10
video_14943,10
video_149433,13
video_14945,8
video_149539,5
video_149602,18
video_149609,28
video_149620,1
video_149686,16
video_149690,1
video_149691,11
video_149727,12
video_149730,21
video_149746,10
video_149776,30
video_149794,1
video_149815,13
video_149850,20
video_149867,22
video_149885,24
video_149889,22
video_149933,6
video_149955,32
video_149957,12
video_149962,0
video_149982,30
video_15001,14
video_150049,24
video_150053,32
video_150114,14
video_150115,24
video_15013,23
video_150142,30
video_150152,12
video_150196,5
video_150210,32
video_150219,6
video_150231,28
video_150276,29
video_150322,9
video_150361,19
video_150372,31
video_150385,32
video_150425,1
video_150432,8
video_150446,14
video_150454,17
video_150478,0
video_150488,11
video_150546,6
video_150578,13
video_150619,7
video_150675,9
video_150679,5
video_150696,19
video_150718,4
video_150725,10
video_150727,31
video_150746,31
video_150865,26
video_150897,5
video_150908,6
video_150954,22
video_151075,0
video_151076,5
video_15109,15
video_151113,8
video_151163,17
video_151191,16
video_151209,3
video_151245,10
video_151251,28
video_151315,22
video_151325,18
video_151347,3
video_151410,1
video_151440,22
video_151470,25
video_151494,7
video_151502,3
video_151525,28
video_151557,8
video_151621,5
video_15167,5
video_151703,2
video_15171,29
video_151713,5
video_151748,24
video_151794,10
video_151817,10
video_151826,16
video_151840,30
video_151850,30
video_151890,22
video_151898,9
video_151918,20
video_151920,31
video_151966,5
video_151969,31
video_151971,31
video_151988,16
video_152014,29
video_152067,12
video_152082,18
video_152126,30
video_15214,13
video_152191,18
video_152311,30
video_152330,4
video_152332,5
video_152347,15
video_152388,13
video_152411,6
video_152433,23
video_152435,5
video_152498,30
video_152521,14
video_152568,18
video_152590,18
video_15260,3
video_152661,31
video_152764,19
video_152765,29
video_152848,26
video_152897,8
video_152901,30
video_152913,22
video_152930,10
video_15295,10
video_152962,30
video_153002,2
video_153016,24
video_153050,14
video_153093,8
video_153150,5
video_153156,11
video_153176,22
video_153206,11
video_153318,2
video_153334,15
video_153403,30
video_153406,24
video_153408,9
video_153436,31
video_153456,12
video_153472,9
video_153475,19
video_153488,7
video_15353,19
video_153616,9
video_15362,0
video_153674,1
video_153681,19
video_153737,4
video_153808,1
video_153833,32
video_153857,30
video_153933,31
video_153956,3
video_153987,31
video_153993,8
video_154021,0
video_15405,8
video_154075,23
video_154086,2
video_154102,9
video_154125,18
video_154134,24
video_154184,25
video_154235,4
video_154248,16
video_154284,23
video_15433,30
video_154408,14
video_154466,10
video_154495,25
video_154522,4
video_154538,20
video_154659,31
video_15471,14
video_154719,9
video_154725,4
video_154853,5
video_154878,4
video_154893,5
video_154901,1
video_155,4
video_15501,23
video_15502,9
video_155035,18
video_155036,18
video_155047,8
video_155074,28
video_155107,32
video_155115,0
video_155122,8
video_155219,16
video_155253,28
video_155263,14
video_155281,29
video_155318,18
video_155320,28
video_155349,30
video_15536,20
video_155393,28
video_155428,6
video_15548,8
video_155484,22
video_155507,30
video_155630,2
video_155662,23
video_155667,4
video_155698,9
video_155799,5
video_155800,28
video_155865,32
video_155867,17
video_155871,12
video_155888,12
video_155912,1
video_155944,19
video_156014,10
video_156049,28
video_156081,10
video_156111,24
video_156128,28
video_156143,30
video_156179,29
video_156215,22
video_156237,29
video_156263,8
video_156277,1
video_156314,5
video_156328,30
video_15638,31
video_156388,11
video_156389,2
video_156399,32
video_156416,18
video_156442,22
video_156448,22
video_156452,6
video_156467,6
video_156510,29
video_156513,7
video_156551,21
video_156667,31
video_156700,31
video_15671,28
video_156787,17
video_156811,28
video_156848,32
video_156861,1
video_156878,18
video_156932,30
video_156961,28
video_157007,1
video_157079,3
video_157103,0
video_157135,6
video_157153,2
video_157163,10
video_157189,29
video_157194,8
video_157295,29
video_157383,3
video_15740,1
video_157485,32
video_157558,19
video_15756,29
video_157612,17
video_157624,19
video_157677,1
video_157688,5
video_157727,6
video_157776,24
video_157791,25
video_157833,5
video_15789,28
video_158047,24
video_158139,9
video_158154,31
video_158184,29
video_158191,28
video_158202,13
video_158212,30
video_158215,1
video_158263,20
video_158302,21
video_158326,22
video_158328,10
video_158348,32
video_158350,0
video_158377,9
video_158385,6
video_158387,20
video_158424,12
video_158440,21
video_158497,4
video_158505,0
video_158566,32
video_158607,0
video_158637,7
video_158649,12
video_158657,7
video_158666,8
video_158676,1
video_158678,7
video_158712,30
video_158718,28
video_158743,6
video_158766,23
video_158780,15
video_15880,9
video_158819,30
video_158826,18
video_158836,7
video_158859,0
video_158866,9
video_15891,28
video_158998,23
video_159009,28
video_159087,23
video_159092,30
video_159139,6
video_159150,23
video_159156,21
video_159171,20
video_159173,25
video_159178,31
video_159186,10
video_159199,4
video_159218,19
video_159227,28
video_159261,8
video_159274,1
video_159292,1
video_159323,16
video_159388,23
video_159522,31
video_159545,3
video_159550,13
video_159561,31
video_159616,28
video_159633,6
video_15964,2
video_159839,5
video_159853,5
video_159861,21
video_159887,31
video_159940,8
video_159944,22
video_159955,1
video_159974,8
video_159978,30
video_159984,8
video_159985,31
video_15999,18
video_160064,3
video_16010,17
video_160118,20
video_16012,6
video_160123,21
video_160177,20
video_16018,9
video_160188,29
video_160242,5
video_160244,14
video_160248,14
video_160340,3
video_16036,28
video_160395,3
video_160516,8
video_160527,7
video_160579,12
video_160609,9
video_16061,9
video_160614,32
video_16063,24
video_160642,30
video_160654,16
video_160670,6
video_160722,3
video_160733,10
video_160740,24
video_160829,30
video_160847,31
video_160854,32
video_16086,31
video_160861,30
video_160869,22
video_160882,5
video_160889,4
video_160903,0
video_160960,2
video_16097,26
video_161019,30
video_16106,4
video_161080,30
video_161118,30
video_161122,31
video_161135,11
video_161136,28
video_161153,13
video_161198,19
video_1612,15
video_161226,8
video_161230,5
video_161261,30
video_161262,13
video_161272,17
video_161348,6
video_161391,1
video_161402,23
video_161413,9
video_161425,10
video_161445,28
video_161478,23
video_16151,18
video_161545,30
video_161565,14
video_161570,4
video_161590,9
video_161606,8
video_161612,1
video_161629,8
video_161707,5
video_161726,1
video_16177,21
video_161789,5
video_161803,29
video_161804,30
video_161827,32
video_161966,9
video_161994,14
video_162,31
video_162006,30
video_162060,1
video_162110,25
video_162157,7
video_162170,30
video_162195,31
video_162210,14
video_162216,23
video_16222,22
video_162230,15
video_162260,30
video_162279,28
video_162286,2
video_16229,18
video_162342,8
video_162355,15
video_162365,9
video_162389,22
video_162423,30
video_162434,1
video_16247,28
video_162567,14
video_162568,5
video_162577,3
video_162612,7
video_162660,3
video_162708,7
video_162725,5
video_162733,30
video_162741,3
video_162778,23
video_162815,19
video_162816,28
video_162837,6
video_162840,17
video_162847,6
video_162886,7
video_162919,1
video_162930,1
video_162935,18
video_162950,20
video_16297,10
video_163045,12
video_163102,29
video_16316,12
video_163178,2
video_163184,31
video_163209,3
video_163211,22
video_16322,20
video_163239,18
video_163274,0
video_163276,14
video_163287,2
video_163325,12
video_163356,10
video_163367,14
video_163415,28
video_163437,20
video_163451,28
video_163452,12
video_163455,3
video_163464,6
video_16347,19
video_1635,20
video_16356,10
video_163582,18
video_16360,14
video_163640,19
video_163722,23
video_163744,14
video_163812,0
video_163818,17
video_163866,8
video_163873,31
video_163882,4
video_163924,30
video_164015,16
video_164020,22
video_164033,7
video_164035,28
video_164052,7
video_164075,9
video_164091,28
video_164120,10
video_164136,31
video_16415,12
video_164268,21
video_164311,32
video_164312,8
video_164316,30
video_164333,16
video_164341,9
video_164345,5
video_164350,14
video_164409,9
video_164434,32
video_164477,10
video_164489,31
video_164506,2
video_164526,25
video_164575,7
video_164580,5
video_164591,3
video_16461,3
video_16462,26
video_16464,30
video_164689,29
video_164702,30
video_164704,30
video_16472,10
video_164738,8
video_164752,12
video_164782,16
video_164789,2
video_164822,20
video_164833,22
video_164879,30
video_164888,28
video_164899,3
video_16491,32
video_164922,18
video_164944,5
video_164949,31
video_164958,19
video_164962,19
video_164988,31
video_164992,3
video_165020,12
video_165063,32
video_165084,19
video_165089,6
video_165111,6
video_165247,13
video_16530,28
video_165314,31
video_165321,28
video_165392,5
video_165394,18
video_165439,5
video_165456,12
video_16546,5
video_165472,25
video_165473,1
video_165493,20
video_165563,32
video_165602,19
video_165633,0
video_16564,15
video_165654,28
video_165661,23
video_165721,17
video_165722,15
video_165758,12
video_165773,19
video_165777,22
video_165783,29
video_165839,10
video_165864,6
video_16590,20
video_165904,14
video_16592,7
video_165926,12
video_16594,3
video_165944,28
video_165958,14
video_16598,28
video_166051,13
video_166066,21
video_166117,9
video_166146,13
video_166155,13
video_166167,2
video_166189,18
video_166268,18
video_166279,29
video_166284,5
video_166310,5
video_166313,10
video_166391,8
video_166429,28
video_166473,5
video_166510,6
video_166516,18
video_166528,11
video_166533,7
video_166545,14
video_166594,8
video_166623,15
video_166679,24
video_166740,3
video_166747,12
video_166822,6
video_166918,20
video_16692,7
video_166928,12
video_166930,5
video_166998,9
video_167016,3
video_167087,5
video_167125,31
video_167217,20
video_167234,10
video_1673,7
video_167305,15
video_16731,14
video_167368,14
video_167375,6
video_167402,32
video_167429,30
video_167454,4
video_167467,29
video_167481,6
video_167600,18
video_167619,9
video_167673,7
video_167692,29
video_167696,28
video_167712,22
video_167724,8
video_167742,6
video_167752,9
video_167755,9
video_167757,28
video_167774,1
video_167817,7
video_167824,30
video_167902,18
video_167955,6
video_167978,6
video_168012,9
video_168026,28
video_168064,25
video_168095,32
video_1681,17
video_168139,6
video_168158,30
video_168302,8
video_168328,1
video_168399,6
video_168422,18
video_168472,10
video_168490,17
video_168665,18
video_168686,6
video_168695,14
video_168739,23
video_168759,30
video_168767,29
video_16877,8
video_168817,2
video_168830,21
video_16885,7
video_168869,32
video_168886,14
video_168895,30
video_168901,21
video_168909,30
video_168920,28
video_168925,31
video_168955,12
video_168979,28
video_16898,0
video_169008,29
video_169077,5
video_169109,29
video_169140,19
video_16915,32
video_169182,0
video_169243,6
video_169252,5
video_169282,5
video_169290,2
video_169304,0
video_169320,30
video_169340,5
video_169341,5
video_169345,22
video_169366,13
video_169407,8
video_16941,5
video_169427,24
video_169455,6
video_169486,8
video_169557,29
video_169596,23
video_16964,9
video_169680,30
video_169722,1
video_169741,13
video_169744,20
video_169752,14
video_16976,31
video_169762,6
video_169798,29
video_169823,29
video_169869,23
video_169902,31
video_169979,6
video_169988,12
video_170048,9
video_170059,2
video_170060,9
video_170072,19
video_170102,28
video_170117,14
video_170133,24
video_170201,25
video_17022,18
video_17025,24
video_170311,19
video_170348,19
video_170370,14
video_17041,29
video_170448,30
video_170473,5
video_170477,17
video_170545,19
video_170582,14
video_170589,22
video_170620,24
video_170669,3
video_170695,9
video_170697,2
video_170745,30
video_170755,31
video_17078,23
video_170825,9
video_170978,8
video_171009,20
video_171090,30
video_171120,23
video_171143,3
video_171171,10
video_171176,29
video_171197,8
video_171247,2
video_171265,7
video_171266,1
video_171314,30
video_171385,9
video_171425,21
video_171530,30
video_171532,9
video_171561,1
video_17165,19
video_171654,14
video_1717,28
video_171700,30
video_171714,5
video_171727,17
video_171735,29
video_17175,31
video_171773,31
video_171799,12
video_171840,13
video_171857,30
video_171858,8
video_171860,6
video_171902,1
video_171916,20
video_171928,5
video_171930,30
video_171943,30
video_171978,5
video_171990,6
video_172005,14
video_172016,5
video_172035,23
video_172048,10
video_172053,29
video_172065,25
video_172071,3
video_172085,30
video_172126,5
video_172137,14
video_172148,2
video_172153,0
video_172178,9
video_172210,5
video_17222,18
video_172278,19
video_172298,26
video_172311,30
video_172324,5
video_172376,20
video_172396,17
video_172441,4
video_172484,18
video_172534,0
video_172562,0
video_172593,1
video_17260,7
video_172615,5
video_17263,1
video_172659,4
video_172668,24
video_172691,0
video_172723,13
video_172806,7
video_172825,5
video_172850,30
video_172862,28
video_172875,8
video_172894,29
video_172950,8
video_172996,5
video_173004,12
video_173032,31
video_173054,9
video_17313,11
video_173138,17
video_173141,5
video_173165,24
video_17318,3
video_173213,16
video_173217,12
video_173223,14
video_173236,29
video_173271,9
video_173332,12
video_173334,31
video_173356,30
video_173381,1
video_173445,29
video_173473,22
video_173482,31
video_173493,4
video_173517,4
video_173518,3
video_17352,6
video_173543,17
video_17355,24
video_173560,2
video_17357,23
video_173583,10
video_173589,1
video_17359,13
video_173608,13
video_173636,19
video_173672,2
video_173822,1
video_173826,10
video_173830,23
video_173868,30
video_173891,28
video_173899,24
video_173935,9
video_173958,14
video_173961,32
video_173973,14
video_173976,9
video_174018,20
video_17402,10
video_174029,15
video_17403,8
video_174059,6
video_174107,30
video_17412,30
video_174161,5
video_174177,13
video_174201,3
video_174266,5
video_174278,14
video_174321,11
video_174357,25
video_174359,19
video_174368,8
video_174383,5
video_174391,31
video_174403,1
video_174408,24
video_174413,23
video_1745,12
video_174528,15
video_174601,6
video_174602,18
video_174661,19
video_174697,1
video_174701,32
video_174727,12
video_17477,11
video_174833,4
video_174848,14
video_174849,31
video_174883,28
video_174888,6
video_174910,24
video_174916,12
video_174937,28
video_174944,24
video_174968,7
video_17499,24
video_174998,8
video_175001,7
video_175042,32
video_175047,1
video_175102,28
video_175106,15
video_175134,21
video_175226,10
video_175241,8
video_175249,6
video_175262,9
video_175310,0
video_175316,19
video_175333,3
video_175351,17
video_175368,9
video_175411,20
video_175424,30
video_175433,6
video_175485,25
video_175504,3
video_175514,2
video_175523,7
video_175530,2
video_175611,28
video_175651,4
video_175773,20
video_175784,18
video_175787,19
video_175820,29
video_175893,6
video_175898,19
video_175906,24
video_175928,1
video_175943,30
video_175950,20
video_17596,0
video_176002,13
video_176044,29
video_176084,9
video_176100,31
video_17613,20
video_176138,4
video_176184,29
video_176210,13
video_176260,13
video_176279,12
video_176376,10
video_176380,18
video_176387,19
video_176394,9
video_176427,6
video_176430,18
video_176490,29
video_176526,14
video_176536,12
video_176575,2
video_176636,17
video_176646,19
video_176658,19
video_176693,3
video_17671,25
video_176751,23
video_176752,20
video_176783,4
video_176796,1
video_176812,29
video_17687,6
video_176886,30
video_176900,4
video_176985,12
video_177022,4
video_17706,14
video_177062,9
video_177121,7
video_17718,32
video_177208,9
video_177210,8
video_177232,4
video_177391,7
video_177458,30
video_177477,6
video_177504,12
video_177511,0
video_177520,14
video_177529,21
video_17755,10
video_17756,22
video_177566,14
video_177588,30
video_177605,5
video_177613,31
video_177670,12
video_177681,31
video_177692,3
video_177706,28
video_177732,22
video_177781,28
video_177792,22
video_177828,19
video_177856,20
video_177892,29
video_177914,1
video_177942,17
video_177983,16
video_178016,14
video_178030,9
video_178031,6
video_178040,5
video_178078,29
video_178092,9
video_178096,3
video_178140,30
video_178175,20
video_178180,23
video_178184,23
video_178196,29
video_178286,2
video_178303,17
video_178328,30
video_178365,17
video_178394,1
video_178412,15
video_178414,20
video_178460,7
video_178469,14
video_178498,5
video_178504,19
video_178505,3
video_178524,1
video_178532,24
video_178537,8
video_178553,3
video_178607,7
video_178614,5
video_178619,29
video_17862,19
video_178707,30
video_17871,30
video_178766,10
video_178811,5
video_178826,17
video_178881,15
video_178898,2
video_178930,0
video_178981,16
video_178997,23
video_179008,5
video_179020,22
video_179036,8
video_179052,10
video_179056,4
video_179109,15
video_179146,14
video_179236,30
video_179241,22
video_179242,8
video_179250,14
video_179258,25
video_179275,18
video_179287,5
video_179290,9
video_179291,4
video_179333,20
video_179348,5
video_179372,22
video_179374,12
video_179417,12
video_179486,0
video_179587,1
video_179591,10
video_179632,18
video_179658,15
video_179707,29
video_17975,1
video_179752,29
video_179760,1
video_179784,16
video_179826,2
video_179878,12
video_17988,10
video_179911,12
video_179919,12
video_179955,12
video_179966,15
video_179980,20
video_179984,7
video_180003,28
video_180014,22
video_180060,13
video_180064,20
video_180107,13
video_180150,1
video_180157,6
video_180181,13
video_180184,32
video_180202,31
video_180232,12
video_180282,14
video_1803,6
video_180314,20
video_180335,31
video_180415,5
video_180427,22
video_180433,0
video_180437,1
video_180441,29
video_18045,31
video_180469,5
video_180477,13
video_180506,31
video_180539,26
video_180546,12
video_180579,1
video_180748,13
video_180762,18
video_180800,30
video_180808,14
video_180813,4
video_180821,31
video_18085,29
video_180875,22
video_180926,2
video_180943,29
video_180961,30
video_180994,29
video_181005,29
video_181047,22
video_181113,7
video_181176,30
video_181201,8
video_181218,31
video_181221,23
video_18128,32
video_181308,13
video_181333,19
video_181355,6
video_181361,16
video_181395,3
video_181453,24
video_181469,28
video_181472,24
video_18149,13
video_181525,15
video_181562,7
video_181675,5
video_181700,8
video_181723,22
video_181743,24
video_181771,10
video_181780,30
video_181843,3
video_181855,9
video_181884,20
video_182010,24
video_18211,10
video_182116,31
video_182145,30
video_182213,14
video_182234,12
video_182289,2
video_18229,12
video_182308,6
video_182310,6
video_182334,12
video_182356,5
video_182409,30
video_182412,11
video_182449,29
video_182469,7
video_182499,29
video_182500,0
video_182541,32
video_182612,30
video_182624,9
video_182746,9
video_182765,1
video_182822,23
video_182872,10
video_182883,8
video_182901,6
video_182927,9
video_182931,22
video_182956,30
video_182984,19
video_182992,5
video_18304,9
video_183071,30
video_183084,15
video_183088,2
video_183127,1
video_183161,5
video_18317,21
video_18319,7
video_183213,9
video_183220,2
video_18326,16
video_183325,14
video_183360,18
video_183369,14
video_183383,16
video_183395,13
video_183419,9
video_183441,29
video_183445,17
video_183446,13
video_183476,9
video_183481,10
video_183509,3
video_183561,0
video_183562,10
video_183587,22
video_183617,21
video_183634,19
video_183647,9
video_183665,31
video_183704,1
video_183780,30
video_183785,29
video_183819,21
video_183822,19
video_183842,28
video_183857,4
video_183871,30
video_183886,30
video_183895,25
video_183896,32
video_183903,1
video_183907,5
video_183910,7
video_183918,32
video_183994,0
video_184055,22
video_184071,6
video_184076,6
video_184105,0
video_184151,31
video_184156,1
video_184217,31
video_184250,20
video_184259,7
video_184260,23
video_184299,9
video_184352,21
video_184363,10
video_184367,8
video_184542,32
video_184576,20
video_184586,5
video_184594,24
video_18464,29
video_184664,10
video_184729,16
video_184738,9
video_18474,32
video_184752,30
video_184777,30
video_184787,8
video_184839,7
video_184885,23
video_184912,18
video_184915,30
video_185172,1
video_185179,12
video_185222,8
video_185238,12
video_185254,32
video_185273,3
video_185347,28
video_185412,29
video_185433,28
video_185450,14
video_185452,6
video_18546,18
video_18549,31
video_185505,6
video_185524,12
video_185564,21
video_185623,3
video_185678,9
video_185694,5
video_185744,14
video_185750,25
video_185783,13
video_185812,9
video_185850,12
video_185859,14
video_185869,14
video_185874,9
video_185898,0
video_185911,22
video_185971,1
video_186010,19
video_186028,16
video_186047,6
video_186051,19
video_186134,32
video_186147,18
video_186174,7
video_186178,8
video_186199,6
video_186257,5
video_186306,30
video_186308,31
video_186359,6
video_186363,14
video_186377,6
video_186420,18
video_186429,24
video_18644,14
video_186486,20
video_186490,30
video_186497,9
video_186561,22
video_186581,24
video_186611,32
video_186637,12
video_186657,5
video_186812,6
video_186832,5
video_186840,30
video_186869,4
video_186981,31
video_186983,9
video_186997,12
video_187008,1
video_187019,8
video_18703,19
video_187092,19
video_187119,4
video_187123,0
video_187154,15
video_187205,1
video_187208,23
video_187259,15
video_187266,9
video_187267,3
video_187313,3
video_187333,3
video_187339,3
video_187348,1
video_187364,1
video_187367,23
video_187436,19
video_187461,28
video_187538,4
video_187545,6
video_187548,28
video_187570,15
video_18758,0
video_18762,20
video_18765,12
video_187650,31
video_187652,12
video_187725,17
video_187736,5
video_187763,9
video_187811,17
video_187826,9
video_187837,15
video_187865,20
video_187929,12
video_187945,13
video_187972,12
video_188023,31
video_188045,22
video_188098,21
video_188128,21
video_188135,8
video_188205,29
video_188210,3
video_18835,8
video_188354,13
video_188370,24
video_188380,3
video_188389,19
video_188414,6
video_188448,5
video_188456,24
video_188520,29
video_188545,8
video_188554,22
video_188565,9
video_18858,0
video_188645,31
video_188690,13
video_188736,1
video_188738,20
video_188750,10
video_188753,7
video_188807,29
video_188812,18
video_188822,1
video_18892,5
video_189004,32
video_189163,28
video_189179,6
video_189181,20
video_189253,23
video_189263,10
video_189288,23
video_189293,22
video_189299,11
video_189339,15
video_189378,17
video_189384,5
video_189415,7
video_189431,22
video_189549,2
video_189573,17
video_189612,7
video_189637,5
video_189648,22
video_189709,22
video_189724,4
video_189754,3
video_18978,30
video_18982,14
video_189826,31
video_18987,28
video_1899,29
video_189912,18
video_189922,26
video_189958,32
video_19002,22
video_190047,20
video_19008,18
video_1901,28
video_190116,30
video_190150,28
video_190160,32
video_190206,14
video_190216,31
video_190231,1
video_190240,0
video_190277,8
video_19028,11
video_190291,8
video_190308,30
video_190315,2
video_190328,9
video_190355,10
video_19037,8
video_190390,18
video_1904,13
video_190402,24
video_190418,31
video_190433,1
video_190526,9
video_190548,3
video_190550,5
video_190588,7
video_190618,6
video_190633,14
video_190635,7
video_190637,22
video_190653,7
video_190656,0
video_190736,17
video_190772,22
video_190798,5
video_190802,6
video_190813,28
video_190843,24
video_190867,13
video_190929,14
video_190979,7
video_19103,22
video_191051,12
video_191094,29
video_191103,8
video_191116,10
video_191126,21
video_191216,9
video_191252,32
video_191274,18
video_19128,9
video_191317,30
video_191372,6
video_191374,29
video_191387,1
video_1914,17
video_191478,22
video_191554,28
video_191617,7
video_191633,19
video_191655,12
video_191672,23
video_191679,19
video_191755,8
video_191794,12
video_191823,9
video_191830,3
video_19188,21
video_191886,32
video_191943,30
video_191994,22
video_192031,23
video_192042,5
video_192080,11
video_192139,9
video_192163,22
video_192176,1
video_19218,30
video_192221,13
video_192227,4
video_19224,21
video_192246,15
video_192284,1
video_192295,7
video_192340,5
video_192402,30
video_192404,22
video_192429,9
video_192444,16
video_192448,8
video_192464,29
video_192479,24
video_192497,8
video_192502,28
video_192590,7
video_192620,5
video_192646,28
video_192656,17
video_192681,22
video_192713,14
video_192742,31
video_192804,29
video_192890,28
video_192891,1
video_192911,12
video_19297,32
video_193022,2
video_193027,9
video_193039,22
video_193044,24
video_193058,5
video_193081,28
video_193094,8
video_193118,31
video_193126,1
video_19315,5
video_193158,5
video_193227,26
video_193245,11
video_193330,2
video_193339,28
video_193346,1
video_193393,30
video_193395,19
video_193427,30
video_193446,23
video_193467,1
video_193481,5
video_193539,6
video_193561,11
video_193631,22
video_19366,19
video_193665,4
video_193812,29
video_193823,30
video_193836,19
video_193881,5
video_193893,22
video_193915,5
video_193982,14
video_193990,6
video_193995,14
video_193999,20
video_194146,18
video_194177,29
video_194193,31
video_19422,18
video_19423,6
video_194259,19
video_194261,19
video_194302,18
video_194305,22
video_194362,31
video_194365,0
video_194510,7
video_194515,32
video_194572,30
video_194626,5
video_194636,5
video_194661,6
video_194665,12
video_194690,1
video_194694,3
video_1947,28
video_19470,12
video_194701,30
video_194707,6
video_194738,20
video_194752,5
video_194770,30
video_194813,0
video_194871,30
video_194910,6
video_194968,19
video_195030,30
video_195054,2
video_195069,3
video_195070,17
video_195079,24
video_195095,3
video_195137,4
video_195170,20
video_19527,9
video_19529,23
video_195291,2
video_195325,1
video_19533,13
video_195346,5
video_195361,1
video_195377,22
video_195426,23
video_195436,31
video_195512,8
video_19554,7
video_195556,14
video_195659,15
video_195687,1
video_195712,30
video_195822,28
video_195856,12
video_195862,19
video_195892,9
video_195944,23
video_195947,2
video_195973,2
video_195978,3
video_196014,30
video_196029,12
video_196071,28
video_196073,21
video_196280,23
video_196322,7
video_196338,22
video_196339,29
video_196348,7
video_196371,8
video_19638,21
video_196439,12
video_19649,19
video_196513,29
video_196518,23
video_196551,5
video_196601,5
video_196619,0
video_196634,30
video_196667,18
video_196704,25
video_196711,12
video_196727,7
video_196739,19
video_196813,4
video_196850,25
video_196873,8
video_196914,21
video_196922,0
video_197033,16
video_197035,3
video_197078,13
video_197150,18
video_197212,6
video_197218,23
video_197246,5
video_19726,0
video_197285,31
video_197304,7
video_197305,24
video_197307,28
video_197326,5
video_197460,12
video_197467,1
video_197521,21
video_197550,20
video_197567,30
video_197570,31
video_197632,7
video_197637,2
video_197638,17
video_197722,31
video_197731,31
video_197753,1
video_197781,10
video_197804,23
video_197827,28
video_197863,11
video_197893,7
video_197909,14
video_197916,7
video_19793,19
video_197932,5
video_198061,30
video_19808,24
video_198097,30
video_198135,19
video_198137,14
video_198196,18
video_19820,10
video_198255,20
video_198274,31
video_19829,17
video_198292,23
video_198305,28
video_19835,5
video_198354,29
video_198355,1
video_198358,24
video_198363,25
video_198373,31
video_198396,30
video_198398,23
video_198411,24
video_198425,18
video_198480,24
video_198532,22
video_198555,8
video_198558,29
video_198568,10
video_198627,10
video_198632,3
video_198636,30
video_198658,12
video_198721,0
video_19873,18
video_198818,9
video_198830,5
video_198895,9
video_198910,0
video_198917,22
video_198958,13
video_198960,8
video_198983,4
video_199026,14
video_199033,22
video_199053,12
video_199083,22
video_199084,29
video_199139,20
video_19914,32
video_199195,28
video_199216,12
video_199265,8
video_19930,1
video_199323,28
video_199349,25
video_199379,29
video_199407,29
video_199529,5
video_199586,19
video_199613,15
video_199686,14
video_199718,28
video_199731,29
video_199852,3
video_199859,28
video_199860,30
video_199891,18
video_1999,1
video_199914,6
video_199938,8
video_199943,16
video_199952,11
video_199954,9
video_199969,29
video_200048,24
video_200070,23
video_200135,12
video_200150,10
video_200156,13
video_200157,12
video_200171,14
video_200177,8
video_200209,30
video_200216,28
video_200228,15
video_200236,0
video_200291,9
video_200321,15
video_200326,6
video_200327,21
video_200348,29
video_200352,14
video_200385,8
video_200411,31
video_200440,9
video_200442,13
video_200463,25
video_200582,25
video_200595,28
video_200622,24
video_200624,19
video_200693,32
video_200703,3
video_200786,7
video_200802,29
video_200850,18
video_200874,13
video_200965,21
video_200969,29
video_20098,32
video_201042,22
video_201079,20
video_201095,6
video_201114,8
video_201126,9
video_201139,31
video_201153,5
video_201174,8
video_201199,8
video_201213,8
video_201222,19
video_201256,7
video_201267,5
video_201277,10
video_201291,19
video_201295,12
video_201326,19
video_201407,0
video_201444,4
video_201451,10
video_201457,4
video_201500,32
video_201503,22
video_201519,18
video_20155,30
video_201639,30
video_201652,17
video_201723,6
video_201733,23
video_201820,19
video_201856,23
video_20186,30
video_201873,9
video_201891,3
video_201905,31
video_201912,18
video_201932,28
video_201948,30
video_201955,30
video_201969,18
video_202005,6
video_202007,30
video_202035,20
video_202044,2
video_202097,11
video_202136,9
video_202161,23
video_202191,22
video_202193,31
video_202215,1
video_202223,8
video_20225,14
video_20227,30
video_202311,28
video_202387,0
video_202393,28
video_202452,14
video_2025,31
video_202515,12
video_202534,31
video_202577,15
video_202578,19
video_202593,32
video_202635,13
video_202639,22
video_202648,19
video_202666,23
video_202700,31
video_202706,14
video_202710,2
video_202739,4
video_20274,7
video_202745,23
video_202798,31
video_202894,0
video_202922,7
video_202932,11
video_202937,17
video_20297,3
video_202971,5
video_202976,5
video_20301,2
video_203022,9
video_20303,30
video_203069,32
video_203155,9
video_203178,22
video_203241,31
video_203245,10
video_203261,4
video_203264,22
video_203321,6
video_203329,3
video_203365,11
video_203386,9
video_203388,19
video_203390,9
video_203443,24
video_203446,3
video_203458,14
video_203480,13
video_203484,20
video_203486,19
video_203494,18
video_203515,1
video_203526,28
video_203557,32
video_203572,5
video_203606,29
video_203607,31
video_203674,30
video_203675,8
video_20369,8
video_203738,5
video_203812,17
video_203831,25
video_203876,32
video_203889,5
video_20392,0
video_203962,30
video_203964,6
video_203984,28
video_203987,5
video_203998,31
video_204002,5
video_204004,8
video_204020,5
video_204066,18
video_204077,10
video_204078,12
video_204091,6
video_204102,25
video_204117,3
video_204179,7
video_204195,18
video_204252,30
video_204283,8
video_204320,6
video_204363,22
video_204460,8
video_204461,3
video_204467,30
video_204510,8
video_20453,21
video_204538,9
video_20465,7
video_204653,22
video_204688,31
video_204699,3
video_204730,1
video_204745,5
video_204834,14
video_204903,14
video_204930,7
video_204975,14
video_204989,5
video_205019,32
video_205043,8
video_205052,9
video_205055,8
video_205080,3
video_205153,6
video_205157,3
video_205176,8
video_205224,30
video_205322,19
video_20541,5
video_205431,4
video_205536,23
video_205549,14
video_205579,30
video_205599,30
video_205628,5
video_205647,30
video_20566,28
video_205675,31
video_205699,5
video_205709,6
video_205711,5
video_205712,7
video_205755,4
video_205772,24
video_205808,28
video_205823,10
video_205836,10
video_205845,19
video_205879,30
video_205895,8
video_205907,28
video_205925,18
video_205929,10
video_205947,9
video_206018,3
video_206032,22
video_206087,7
video_20614,18
video_206140,9
video_206173,3
video_206196,14
video_20624,14
video_20625,5
video_206271,31
video_206277,5
video_206278,23
video_206301,28
video_20634,31
video_206352,9
video_206363,30
video_206386,8
video_206431,28
video_206458,24
video_206461,9
video_206464,28
video_206472,6
video_206543,29
video_206547,17
video_206712,7
video_206718,19
video_206777,8
video_206778,19
video_206802,22
video_206901,23
video_206908,16
video_206959,5
video_206976,22
video_2070,29
video_207006,21
video_207057,30
video_207091,1
video_207092,8
video_207203,12
video_207218,5
video_207219,17
video_207253,13
video_207293,9
video_207294,31
video_207324,29
video_20734,22
video_207371,4
video_207381,1
video_207415,2
video_207434,17
video_207463,1
video_207485,14
video_207538,31
video_207562,12
video_207631,10
video_207675,16
video_2077,16
video_207711,5
video_207743,0
video_207758,20
video_207764,8
video_207787,10
video_207788,31
video_20779,6
video_207878,30
video_207957,23
video_207958,15
video_207964,10
video_207965,31
video_207978,6
video_208,1
video_208008,5
video_20804,25
video_208053,0
video_208082,28
video_208089,22
video_208120,1
video_208140,30
video_208153,4
video_208159,25
video_208161,31
video_208164,1
video_208170,8
video_208183,12
video_208187,19
video_208239,29
video_208241,25
video_208293,1
video_208317,1
video_208319,4
video_208358,31
video_208378,22
video_208477,19
video_208480,29
video_208489,2
video_208498,15
video_208549,20
video_208583,7
video_208593,3
video_208624,18
video_208704,6
video_208756,9
video_20883,16
video_208849,21
video_208906,29
video_208986,23
video_209119,20
video_209135,5
video_209181,7
video_209211,9
video_209242,22
video_209303,29
video_209318,5
video_209333,8
video_209340,2
video_20935,0
video_209377,17
video_209390,20
video_209391,5
video_209456,32
video_209489,19
video_209527,29
video_209570,20
video_209591,4
video_209638,22
video_20966,28
video_209685,10
video_209707,28
video_209747,7
video_209793,28
video_209803,22
video_209815,11
video_209816,8
video_209822,14
video_209850,1
video_209881,12
video_209922,9
video_209927,10
video_20996,30
video_209991,7
video_210006,5
video_210015,25
video_210016,24
video_210027,10
video_210034,3
video_210086,12
video_21010,13
video_210102,5
video_210112,6
video_210148,9
video_210170,23
video_210197,12
video_210363,23
video_210377,8
video_210379,9
video_21039,9
video_210416,7
video_210420,5
video_210475,30
video_21048,19
video_210532,30
video_210540,8
video_210547,30
video_210571,32
video_21060,31
video_210622,20
video_210685,20
video_210708,14
video_210717,21
video_210792,9
video_210813,2
video_210820,0
video_210893,17
video_21092,7
video_210936,5
video_211021,19
video_211026,23
video_21103,9
video_211063,7
video_21109,14
video_211105,12
video_211147,11
video_211174,12
video_211177,29
video_211192,14
video_211214,3
video_211302,32
video_211327,5
video_211332,29
video_211388,30
video_211395,0
video_211405,1
video_211422,9
video_211576,30
video_211594,28
video_211733,10
video_211746,9
video_21188,8
video_21189,10
video_2119,14
video_211907,28
video_21196,11
video_211976,26
video_211988,1
video_212045,14
video_212077,31
video_212087,12
video_212093,30
video_212103,21
video_212108,12
video_212159,6
video_212193,24
video_212255,9
video_21227,20
video_212285,9
video_212298,22
video_212339,2
video_212385,10
video_212397,26
video_212402,5
video_21242,30
video_212433,32
video_212435,7
video_212439,4
video_212513,3
video_212641,22
video_212663,28
video_212675,18
video_212772,28
video_212849,17
video_212875,1
video_212886,21
video_212933,13
video_212962,10
video_212968,8
video_213015,5
video_213016,21
video_213054,5
video_213186,13
video_213223,4
video_21323,12
video_213248,21
video_213282,18
video_213285,26
video_213287,6
video_213303,15
video_213374,31
video_213375,12
video_213419,3
video_213445,32
video_213482,18
video_213489,5
video_213492,15
video_213494,17
video_213507,14
video_21352,1
video_213540,28
video_21356,32
video_213570,32
video_213596,11
video_213654,31
video_213706,18
video_213736,31
video_213769,8
video_213771,28
video_213789,16
video_213818,14
video_213820,12
video_213849,5
video_213852,8
video_213979,3
video_214057,19
video_214075,9
video_214079,1
video_214096,12
video_21410,1
video_21413,13
video_214143,4
video_214156,24
video_214259,22
video_214282,8
video_214298,9
video_21430,17
video_214326,5
video_21441,30
video_214474,11
video_214499,6
video_214514,6
video_214542,7
video_214547,11
video_21455,5
video_214560,30
video_214591,9
video_214627,30
video_214645,1
video_214665,32
video_214672,14
video_214683,7
video_214713,31
video_214758,13
video_214780,3
video_214812,30
video_214868,30
video_214908,5
video_21498,8
video_214986,20
video_215001,2
video_215013,5
video_215031,1
video_215037,23
video_215038,25
video_215040,1
video_215043,17
video_215073,5
video_215084,14
video_215130,31
video_21516,10
video_215175,20
video_215201,32
video_21521,31
video_215260,31
video_215267,14
video_21533,31
video_215372,0
video_215415,8
video_215420,23
video_215423,8
video_215443,13
video_215455,3
video_215483,18
video_215510,28
video_21554,3
video_215544,9
video_215567,8
video_215617,16
video_215620,18
video_21567,23
video_21577,18
video_215802,18
video_21582,11
video_215846,17
video_215877,22
video_215908,5
video_215933,23
video_215940,20
video_215982,20
video_216011,22
video_216029,13
video_216056,12
video_216061,10
video_216080,9
video_216083,7
video_216084,8
video_216228,7
video_21628,1
video_21634,29
video_216371,14
video_216490,14
video_216495,22
video_216502,30
video_216522,9
video_216581,20
video_216644,12
video_216695,12
video_216702,7
video_21671,30
video_216710,6
video_216721,23
video_216766,0
video_216805,8
video_216812,12
video_216824,5
video_216892,30
video_216916,13
video_216919,18
video_216944,31
video_216955,10
video_216957,17
video_216976,15
video_217007,4
video_217008,19
video_217010,14
video_217032,7
video_217046,31
video_21710,30
video_217101,9
video_217113,15
video_217148,22
video_217169,2
video_217175,5
video_217206,12
video_217318,12
video_217319,9
video_217323,23
video_217375,26
video_217407,23
video_217474,5
video_217532,28
video_217538,13
video_217561,12
video_217599,28
video_217654,29
video_217658,5
video_217708,25
video_217767,19
video_217773,1
video_2178,8
video_217881,32
video_217882,1
video_217884,1
video_217951,31
video_217962,20
video_218024,32
video_218160,9
video_218176,7
video_218241,32
video_21825,8
video_218279,14
video_218297,30
video_218322,6
video_218351,16
video_21836,30
video_21842,32
video_21846,7
video_218488,5
video_218519,14
video_218540,18
video_218545,30
video_218546,7
video_218600,25
video_218653,30
video_218688,4
video_218724,28
video_218734,12
video_218754,12
video_218786,20
video_218840,28
video_218855,20
video_218933,18
video_218975,28
video_218982,4
video_2190,11
video_219025,8
video_219040,14
video_219041,20
video_219061,22
video_219082,5
video_219098,0
video_219142,17
video_219143,12
video_219246,12
video_219265,29
video_219273,8
video_21929,12
video_219417,8
video_219469,22
video_219472,29
video_219496,6
video_219582,12
video_219624,7
video_219632,5
video_219686,5
video_219702,21
video_219707,12
video_219723,5
video_21980,6
video_219809,8
video_219826,5
video_219855,6
video_219862,5
video_219879,22
video_219885,2
video_219903,16
video_219945,9
video_219987,22
video_219988,24
video_22000,23
video_220002,4
video_220017,0
video_220066,30
video_220141,32
video_220180,12
video_220211,3
video_220221,31
video_220283,2
video_220348,8
video_220370,4
video_220477,31
video_220508,28
video_220549,18
video_220586,13
video_220623,30
video_22068,4
video_22069,18
video_220696,18
video_220746,9
video_220747,5
video_220770,7
video_220812,30
video_220846,10
video_22096,31
video_22120,1
video_22142,5
video_22153,2
video_22247,13
video_22248,0
video_22289,19
video_22322,9
video_22328,14
video_2238,17
video_22403,18
video_22441,8
video_22442,30
video_22445,7
video_22507,30
video_22547,26
video_22605,10
video_22626,4
video_22640,15
video_22716,23
video_22718,5
video_22749,31
video_2275,3
video_22760,5
video_22766,31
video_22770,1
video_22866,7
video_22891,10
video_22907,23
video_22945,7
video_23006,14
video_23028,1
video_23049,13
video_23056,10
video_23060,1
video_23203,1
video_23236,2
video_23237,14
video_23251,1
video_23288,30
video_23321,23
video_23405,7
video_23418,18
video_23419,30
video_23456,10
video_23467,9
video_23489,22
video_23502,5
video_23555,15
video_23557,1
video_23627,28
video_23631,30
video_23693,22
video_23725,20
video_23779,18
video_23790,14
video_23815,5
video_23824,30
video_23902,29
video_23939,2
video_23962,23
video_23964,8
video_24092,31
video_24101,0
video_24161,9
video_24214,7
video_24225,3
video_24251,18
video_24351,5
video_2439,24
video_24390,19
video_24439,29
video_24453,10
video_24510,18
video_24538,1
video_24540,0
video_24570,28
video_24607,4
video_2464,30
video_24690,24
video_24694,1
video_24713,32
video_24722,0
video_24757,23
video_24771,5
video_24810,30
video_2484,8
video_24841,7
video_24869,7
video_24901,3
video_24916,5
video_24936,4
video_2495,1
video_24953,11
video_24956,19
video_25016,19
video_25030,1
video_25054,1
video_25056,15
video_25154,22
video_2518,32
video_25263,29
video_25325,31
video_25362,32
video_25369,8
video_25390,30
video_25391,18
video_25417,23
video_25459,7
video_25460,18
video_25553,30
video_2557,9
video_25698,30
video_257,8
video_25749,28
video_25766,19
video_25767,6
video_25778,32
video_25780,22
video_25826,31
video_25856,2
video_25862,11
video_25930,28
video_25934,14
video_25936,29
video_2596,2
video_26015,28
video_26059,5
video_26069,31
video_2607,10
video_26070,12
video_26074,29
video_26100,14
video_26143,2
video_26153,30
video_26168,17
video_26194,14
video_26197,12
video_26219,31
video_26318,14
video_26363,31
video_26388,10
video_26452,12
video_2647,2
video_2651,22
video_26515,4
video_26523,32
video_26540,30
video_26566,7
video_26613,18
video_26662,31
video_26666,9
video_26686,23
video_2672,24
video_26798,32
video_26840,28
video_26882,9
video_26930,8
video_26964,32
video_2703,1
video_27075,23
video_27090,13
video_27159,23
video_2716,4
video_27182,15
video_27200,12
video_27227,15
video_27250,7
video_27261,10
video_27271,8
video_27276,11
video_27288,10
video_27289,22
video_27328,28
video_27338,10
video_27378,1
video_27385,12
video_27406,19
video_27408,3
video_27435,11
video_27443,21
video_27468,23
video_27498,7
video_2762,12
video_27671,5
video_27676,30
video_27686,5
video_27694,15
video_27696,11
video_27717,32
video_27743,1
video_27751,28
video_27764,29
video_27782,2
video_27805,1
video_27866,3
video_27871,3
video_27885,23
video_27888,14
video_27915,29
video_27931,28
video_27934,31
video_27956,9
video_27983,10
video_28001,0
video_28023,15
video_28117,31
video_28150,14
video_28171,1
video_28242,8
video_28273,2
video_28286,8
video_28291,14
video_2832,28
video_28323,1
video_28355,10
video_28367,2
video_28412,22
video_28441,18
video_28454,28
video_28506,13
video_28511,3
video_28625,18
video_28632,12
video_28637,30
video_2865,4
video_28662,1
video_28677,32
video_28680,19
video_28692,32
video_28695,8
video_28696,13
video_28726,30
video_28737,9
video_28780,4
video_28784,17
video_2881,7
video_28833,0
video_28837,24
video_28945,7
video_28950,5
video_29010,7
video_29032,10
video_29035,14
video_2905,8
video_29058,28
video_29090,18
video_29147,31
video_29158,9
video_29168,16
video_29203,14
video_29207,6
video_29248,24
video_29271,6
video_2928,26
video_29286,5
video_29388,8
video_29436,5
video_2964,3
video_29669,25
video_29685,26
video_29688,9
video_29706,15
video_29723,28
video_2973,29
video_29733,30
video_2976,10
video_29772,14
video_29786,9
video_29817,5
video_29844,7
video_29868,1
video_29877,5
video_29880,8
video_29901,1
video_29935,30
video_29940,13
video_29946,23
video_29965,0
video_30043,18
video_30044,8
video_30076,19
video_30088,7
video_30093,22
video_30101,5
video_30139,31
video_30142,14
video_30158,3
video_30164,11
video_30184,7
video_3019,10
video_30204,15
video_30232,17
video_30255,32
video_30326,6
video_30338,0
video_30342,21
video_30343,5
video_30374,25
video_30408,0
video_30425,4
video_30466,11
video_30523,8
video_30527,31
video_30528,29
video_30541,6
video_30551,29
video_30598,12
video_30643,1
video_30679,12
video_3068,8
video_3069,20
video_30732,29
video_30857,14
video_30863,21
video_30864,10
video_30865,18
video_30870,9
video_30879,18
video_30888,7
video_30924,9
video_30958,6
video_30980,30
video_30982,16
video_30996,23
video_31046,6
video_31096,28
video_31102,9
video_3117,12
video_31217,29
video_31240,30
video_31253,19
video_31283,29
video_31334,2
video_31336,18
video_31396,16
video_31446,18
video_31465,17
video_31466,28
video_31490,22
video_31505,12
video_31507,7
video_31549,16
video_31564,4
video_31611,32
video_31670,10
video_31675,5
video_31699,29
video_31743,5
video_31802,22
video_31876,5
video_31881,30
video_3189,1
video_31925,30
video_31975,13
video_32007,11
video_32150,0
video_32177,9
video_3222,18
video_32238,12
video_32255,18
video_32276,28
video_32285,28
video_32322,28
video_32393,3
video_32411,1
video_32440,8
video_32462,31
video_32473,12
video_32485,8
video_32495,5
video_32530,5
video_32535,12
video_32669,32
video_3273,7
video_32748,18
video_32798,2
video_3288,10
video_32905,14
video_32935,31
video_32936,19
video_32997,23
video_32999,14
video_33027,8
video_33077,2
video_33125,29
video_33165,21
video_33179,18
video_33214,3
video_3325,22
video_33268,8
video_33275,1
video_33318,31
video_33336,4
video_33376,30
video_33403,0
video_33410,22
video_3342,24
video_33424,19
video_33428,30
video_33460,4
video_33510,14
video_33524,30
video_33589,19
video_33596,1
video_33673,14
video_33716,29
video_33840,14
video_33850,5
video_33874,28
video_33907,5
video_3391,8
video_33912,14
video_33920,3
video_33947,9
video_33970,9
video_33979,3
video_34021,6
video_34025,31
video_3410,30
video_34115,32
video_34160,16
video_34167,30
video_34226,6
video_34227,30
video_34237,4
video_34239,9
video_34259,11
video_34321,2
video_3434,12
video_34353,19
video_34390,0
video_34397,7
video_34407,12
video_34474,5
video_34476,17
video_34513,15
video_34519,8
video_34588,21
video_3459,5
video_34591,30
video_34595,22
video_34644,14
video_34696,1
video_34711,21
video_34721,13
video_34723,18
video_3473,18
video_34734,18
video_34823,30
video_34834,3
video_34883,3
video_34964,28
video_34981,1
video_34991,3
video_35000,12
video_35045,21
video_35082,9
video_35141,16
video_35166,29
video_35182,9
video_3519,6
video_35195,29
video_35275,29
video_35358,4
video_35361,5
video_35447,20
video_35452,25
video_35460,1
video_35461,17
video_35495,17
video_355,30
video_35524,31
video_35546,30
video_35590,5
video_35647,5
video_35658,10
video_35705,4
video_35753,1
video_35854,6
video_35918,22
video_35928,21
video_35932,19
video_35942,9
video_35969,8
video_35972,12
video_35973,30
video_35984,21
video_36050,26
video_36115,28
video_36171,18
video_36313,31
video_3639,18
video_36447,30
video_36463,20
video_36472,19
video_36489,28
video_36531,0
video_36624,2
video_36638,23
video_36666,8
video_36707,28
video_36740,1
video_36756,5
video_36757,5
video_36780,6
video_36811,30
video_36817,3
video_36821,18
video_36853,12
video_36884,13
video_36902,22
video_36959,6
video_36969,19
video_37034,6
video_37041,5
video_37298,23
video_37310,3
video_37343,15
video_37384,20
video_37409,18
video_37482,24
video_3753,30
video_37547,29
video_3756,5
video_37600,6
video_37614,5
video_37628,3
video_37671,17
video_37695,22
video_37699,5
video_37711,12
video_37758,8
video_37760,31
video_37840,18
video_37852,9
video_37866,22
video_37874,20
video_37877,4
video_37961,19
video_3798,5
video_37993,2
video_37999,22
video_38067,14
video_38077,7
video_38078,8
video_38107,5
video_38126,14
video_38129,3
video_38132,5
video_38227,9
video_3824,1
video_38268,22
video_38294,0
video_38319,19
video_38320,31
video_38330,13
video_38334,11
video_38354,12
video_38360,30
video_3841,29
video_38468,12
video_38478,0
video_38480,29
video_38492,28
video_38536,21
video_38544,14
video_38582,25
video_38618,3
video_3864,5
video_38647,21
video_38652,6
video_38663,1
video_38670,25
video_38706,20
video_38739,29
video_38773,13
video_38790,8
video_38809,15
video_38812,7
video_38818,7
video_38858,32
video_38938,19
video_39058,15
video_39059,21
video_39069,8
video_39072,6
video_39114,31
video_39115,22
video_39116,18
video_39121,15
video_39149,3
video_39188,19
video_39226,30
video_39253,19
video_3926,4
video_39272,30
video_39279,8
video_39304,31
video_39340,0
video_39341,20
video_39373,0
video_39419,6
video_39428,6
video_39442,21
video_39545,23
video_3956,7
video_39571,4
video_39582,11
video_39609,4
video_39633,28
video_39649,3
video_39677,20
video_3975,5
video_3980,18
video_3981,22
video_39821,25
video_39953,6
video_400,6
video_4000,5
video_40017,31
video_40060,5
video_401,6
video_40100,29
video_40160,32
video_40188,28
video_4022,5
video_40248,4
video_40289,28
video_40300,2
video_40325,12
video_40362,5
video_40364,13
video_40429,0
video_40436,30
video_40490,20
video_40497,5
video_40508,29
video_40546,30
video_40552,9
video_40572,19
video_40687,19
video_40692,19
video_407,30
video_40762,16
video_40763,29
video_40765,18
video_40829,23
video_4085,5
video_40866,8
video_40892,13
video_40900,25
video_40943,29
video_40975,22
video_40988,9
video_41018,18
video_41092,5
video_41122,4
video_41146,5
video_41152,4
video_41164,31
video_41249,13
video_41251,12
video_41258,20
video_4127,29
video_41281,5
video_41283,5
video_41317,18
video_41451,19
video_41461,19
video_4148,29
video_41484,5
video_4149,32
video_41525,9
video_41532,29
video_41533,15
video_41562,9
video_4157,17
video_41589,18
video_41606,30
video_41751,4
video_41763,13
video_41770,2
video_41808,32
video_41905,13
video_41976,10
video_4200,10
video_42023,6
video_42099,14
video_42177,5
video_42221,12
video_42261,6
video_42270,4
video_42288,4
video_4229,30
video_42307,28
video_42364,8
video_42386,9
video_42460,29
video_42476,30
video_42525,22
video_42622,6
video_42646,17
video_42703,31
video_42711,28
video_42719,30
video_42724,12
video_42726,5
video_42757,16
video_42779,17
video_43,7
video_43003,9
video_43028,1
video_43029,15
video_43030,20
video_4304,7
video_4306,7
video_4307,23
video_43114,14
video_4315,7
video_43242,3
video_43244,6
video_43250,13
video_43339,24
video_43388,6
video_43394,6
video_43399,30
video_43402,30
video_43427,20
video_43452,29
video_43457,22
video_43485,2
video_4350,9
video_43622,29
video_43649,0
video_43667,30
video_43670,29
video_43746,18
video_43753,29
video_43762,25
video_43789,13
video_438,6
video_43897,10
video_4390,9
video_43903,20
video_43921,8
video_43947,32
video_43974,6
video_43997,3
video_43998,8
video_44001,15
video_44011,4
video_44013,5
video_44030,21
video_44062,31
video_4408,5
video_44120,15
video_44124,21
video_44178,0
video_44216,13
video_44272,5
video_4428,16
video_44384,11
video_44406,30
video_44417,23
video_4449,24
video_44490,10
video_4450,6
video_44535,5
video_44541,5
video_44569,23
video_44584,19
video_44642,18
video_44646,0
video_44654,14
video_44678,30
video_44761,30
video_44764,15
video_44779,22
video_44783,14
video_44790,18
video_44791,7
video_44805,9
video_44874,11
video_4489,7
video_44920,20
video_44944,16
video_45003,5
video_45029,15
video_45071,31
video_45101,28
video_45117,24
video_45173,5
video_45218,10
video_45245,30
video_45271,26
video_45280,22
video_45289,6
video_45296,9
video_45359,3
video_45360,5
video_45380,18
video_45407,5
video_45439,2
video_45498,11
video_45555,30
video_45576,5
video_45591,14
video_45601,28
video_4568,29
video_45798,1
video_45804,12
video_45810,12
video_45831,23
video_45832,3
video_45875,8
video_4588,21
video_45881,2
video_45924,14
video_46019,14
video_46023,14
video_46024,5
video_46047,32
video_46070,9
video_46093,20
video_46133,18
video_46152,32
video_46198,30
video_4626,7
video_46286,7
video_46340,30
video_46347,10
video_46393,29
video_46495,24
video_46499,0
video_46502,23
video_46503,23
video_46565,12
video_46570,12
video_46615,31
video_46635,5
video_46652,12
video_46656,6
video_46664,29
video_4671,20
video_46758,11
video_46759,30
video_46773,3
video_46821,5
video_46857,4
video_4688,24
video_46896,23
video_46931,1
video_46956,5
video_46959,23
video_46981,10
video_47012,32
video_47020,19
video_47048,12
video_47053,10
video_47084,29
video_47103,7
video_47178,18
video_47201,5
video_47202,6
video_47213,16
video_47228,16
video_47231,3
video_47250,0
video_47275,30
video_47287,1
video_47334,11
video_4735,5
video_47418,11
video_47448,11
video_47449,31
video_47516,10
video_47525,6
video_47543,10
video_47591,11
video_47617,4
video_47705,30
video_47719,25
video_47745,5
video_47790,21
video_47807,31
video_47874,30
video_47876,0
video_47933,25
video_47948,30
video_47967,2
video_47968,24
video_47970,6
video_47974,1
video_48000,31
video_48043,15
video_48054,7
video_48079,10
video_48116,15
video_48124,18
video_48139,26
video_48174,2
video_48232,7
video_48245,21
video_48247,16
video_48260,12
video_48285,10
video_48287,1
video_48330,7
video_48338,31
video_48365,20
video_48374,9
video_4842,30
video_48447,8
video_48463,5
video_48471,28
video_48496,6
video_48529,6
video_48543,19
video_48546,30
video_48557,7
video_48571,24
video_48576,5
video_48616,5
video_48683,12
video_48719,31
video_48729,9
video_4873,8
video_48804,7
video_48834,6
video_48925,1
video_49011,4
video_4905,29
video_49067,6
video_4915,7
video_49218,8
video_4928,18
video_49296,29
video_49328,4
video_49361,30
video_4950,7
video_49512,30
video_49513,5
video_49531,5
video_49535,10
video_49575,1
video_49618,9
video_49621,6
video_49628,30
video_49685,31
video_49732,21
video_49736,4
video_498,22
video_4988,21
video_49928,12
video_50049,5
video_50057,3
video_50058,24
video_50060,6
video_50062,28
video_50101,3
video_5011,7
video_50119,30
video_50130,14
video_50145,18
video_50161,20
video_50176,31
video_50209,12
video_50248,8
video_50255,29
video_50287,10
video_50314,2
video_50357,5
video_50407,29
video_50442,6
video_5061,1
video_50611,1
video_50622,24
video_50684,19
video_50685,24
video_50687,19
video_50714,0
video_50761,20
video_50768,14
video_50778,12
video_50801,5
video_50809,12
video_50813,14
video_50819,10
video_50827,2
video_50861,32
video_50898,31
video_50948,31
video_50960,10
video_50979,28
video_51001,9
video_51006,6
video_51086,32
video_51154,0
video_51161,18
video_51182,1
video_51235,17
video_51293,4
video_51326,21
video_51341,30
video_51344,20
video_51377,6
video_51447,13
video_51471,8
video_51603,6
video_51612,11
video_51643,31
video_51665,6
video_51667,24
video_51680,14
video_51699,6
video_51735,18
video_51827,14
video_51840,5
video_5185,5
video_51878,5
video_51887,29
video_51894,1
video_51964,14
video_51980,22
video_51987,5
video_52006,19
video_52011,19
video_52012,5
video_52021,30
video_52030,21
video_52033,1
video_5204,1
video_52045,21
video_52110,1
video_52116,0
video_52123,18
video_52126,31
video_52177,3
video_52227,20
video_52282,30
video_52291,30
video_52389,0
video_52429,31
video_52434,23
video_52459,21
video_52471,1
video_52473,25
video_52476,17
video_52588,18
video_5274,23
video_5290,23
video_52959,18
video_52964,9
video_52988,28
video_53118,19
video_5312,0
video_53228,12
video_53265,32
video_5329,31
video_5332,30
video_53328,23
video_53383,20
video_53389,28
video_53400,10
video_53428,28
video_53439,15
video_53449,4
video_53450,22
video_53486,22
video_53513,12
video_53516,28
video_53517,32
video_53563,18
video_5359,28
video_53632,15
video_53669,4
video_53704,1
video_53732,12
video_53767,9
video_53831,12
video_5386,6
video_53876,20
video_53892,19
video_53894,8
video_53910,24
video_53914,11
video_53991,10
video_54035,9
video_54055,30
video_54151,8
video_5418,9
video_54197,17
video_54255,9
video_54317,28
video_54345,21
video_54369,22
video_54381,31
video_54395,21
video_54408,2
video_54411,20
video_54448,21
video_54498,14
video_54532,9
video_54760,10
video_54774,8
video_54902,12
video_54910,0
video_54927,6
video_54948,12
video_5496,24
video_550,11
video_55005,7
video_55021,9
video_5506,2
video_55215,21
video_55223,5
video_55237,12
video_55249,8
video_55277,24
video_55279,20
video_55298,10
video_55312,31
video_55324,13
video_55327,22
video_55344,1
video_55514,12
video_55517,22
video_55547,32
video_5557,14
video_55593,30
video_55630,7
video_55692,24
video_55746,2
video_55751,22
video_55772,20
video_55785,9
video_55816,9
video_55822,12
video_5583,8
video_55830,32
video_5584,16
video_55843,16
video_55845,0
video_55853,24
video_5586,23
video_55876,32
video_55887,2
video_55892,14
video_5592,24
video_56009,13
video_5601,16
video_56016,23
video_5607,16
video_56082,7
video_56096,5
video_56139,1
video_56153,31
video_56172,17
video_56174,12
video_56176,20
video_5619,31
video_56198,0
video_56209,4
video_56217,32
video_56218,17
video_56242,9
video_56246,22
video_56253,5
video_56338,28
video_56358,30
video_56365,9
video_56375,28
video_56377,5
video_56390,24
video_56416,20
video_56448,18
video_56450,22
video_56459,8
video_56460,18
video_56474,11
video_56556,6
video_56574,18
video_56600,6
video_56662,25
video_56665,17
video_56745,24
video_56746,5
video_56753,5
video_56756,12
video_5683,31
video_56878,13
video_56921,18
video_56998,19
video_57008,17
video_57058,18
video_57064,5
video_57101,9
video_57117,32
video_57166,5
video_57168,1
video_57171,3
video_57187,14
video_57253,9
video_57275,30
video_57308,13
video_5731,0
video_57349,12
video_57361,24
video_57376,2
video_57416,3
video_57422,30
video_57443,9
video_57538,31
video_57568,30
video_57584,5
video_57591,12
video_57616,31
video_57623,1
video_5763,18
video_57632,8
video_57648,12
video_5768,0
video_57700,30
video_57769,30
video_57789,9
video_57817,3
video_57839,7
video_5784,5
video_57893,12
video_57954,31
video_57968,30
video_57987,12
video_58087,2
video_5809,7
video_58103,5
video_58117,29
video_58153,13
video_58219,22
video_58318,19
video_58333,19
video_58334,25
video_58364,6
video_58421,5
video_58454,12
video_58516,5
video_58518,32
video_58529,31
video_58534,5
video_58670,3
video_58701,9
video_58719,21
video_58731,14
video_58743,1
video_58746,4
video_58798,31
video_58799,4
video_588,18
video_58882,17
video_58885,2
video_58998,0
video_59000,9
video_59016,5
video_59025,9
video_59032,19
video_59118,17
video_59119,32
video_59155,9
video_59157,4
video_5917,30
video_59178,30
video_59196,8
video_59228,20
video_59251,28
video_59265,2
video_59292,30
video_59314,25
video_59317,12
video_59346,31
video_59394,21
video_59402,26
video_59463,8
video_59496,12
video_59518,30
video_59519,16
video_59561,31
video_596,29
video_59604,1
video_59608,15
video_59609,1
video_59653,21
video_59677,8
video_59747,22
video_59877,30
video_59914,9
video_59928,13
video_59963,12
video_59980,9
video_59997,2
video_60054,12
video_60061,16
video_60080,6
video_60146,9
video_60161,26
video_60190,0
video_60211,26
video_6027,8
video_60319,18
video_60369,11
video_60390,30
video_604,1
video_60405,1
video_60427,4
video_60429,18
video_607,14
video_60773,23
video_60783,5
video_60840,28
video_60858,10
video_60876,4
video_60926,0
video_61026,1
video_61035,23
video_61048,6
video_61049,8
video_61066,30
video_61100,18
video_61120,29
video_61161,18
video_61197,4
video_61200,5
video_61209,4
video_61249,30
video_61280,5
video_61302,7
video_61332,5
video_61340,1
video_61350,1
video_61368,5
video_61376,12
video_61432,9
video_61555,21
video_61556,20
video_61571,3
video_6158,28
video_61581,9
video_61582,12
video_6160,11
video_61663,2
video_61689,29
video_61732,7
video_61793,10
video_61848,12
video_61872,5
video_61971,1
video_62014,12
video_62020,21
video_62034,30
video_6204,18
video_62040,9
video_62046,2
video_62139,21
video_62172,32
video_62342,29
video_6235,14
video_62363,14
video_62390,9
video_62400,4
video_62405,29
video_6250,7
video_62520,19
video_62574,20
video_62585,1
video_62635,3
video_62749,7
video_62847,16
video_62851,23
video_62876,2
video_6289,14
video_62917,10
video_62975,1
video_62988,4
video_62997,1
video_63028,17
video_63052,23
video_63066,17
video_63074,23
video_63075,30
video_63079,1
video_63144,28
video_63149,23
video_63169,0
video_6324,11
video_63329,32
video_63339,18
video_63505,6
video_63507,7
video_63511,9
video_63513,1
video_63574,13
video_63576,18
video_63583,5
video_63592,20
video_63601,19
video_63602,19
video_63603,30
video_63627,17
video_63649,24
video_63690,20
video_63701,18
video_6372,30
video_63727,14
video_63748,9
video_63768,30
video_63799,22
video_63835,29
video_63845,18
video_63856,12
video_63865,30
video_63868,30
video_63958,30
video_63968,4
video_63994,9
video_64000,14
video_64004,0
video_64010,1
video_64093,3
video_64183,28
video_64200,30
video_64242,26
video_64247,1
video_64275,4
video_64283,32
video_64318,5
video_64354,30
video_64364,17
video_64468,9
video_64536,28
video_64579,20
video_64653,12
video_64659,30
video_64670,19
video_64676,24
video_64698,4
video_64772,12
video_64782,13
video_64844,14
video_64866,15
video_6487,19
video_64891,5
video_64896,18
video_64936,11
video_64939,32
video_64946,3
video_64954,14
video_64984,7
video_65057,8
video_65079,18
video_65103,25
video_65136,13
video_65190,31
video_65236,21
video_65242,1
video_65243,6
video_65246,28
video_6528,14
video_65288,1
video_65305,4
video_65332,22
video_65353,22
video_65392,19
video_65427,29
video_65438,8
video_65447,15
video_65451,1
video_65452,6
video_65474,6
video_65528,31
video_6558,29
video_65587,32
video_656,1
video_65624,1
video_65686,12
video_65750,8
video_65773,4
video_65774,17
video_65782,29
video_65786,1
video_65791,0
video_65795,8
video_65840,14
video_65938,7
video_6595,29
video_66001,30
video_66023,7
video_66053,31
video_66075,31
video_66133,19
video_66148,4
video_6615,5
video_66151,5
video_66177,21
video_66210,3
video_66249,8
video_66265,21
video_66275,19
video_66330,32
video_66350,0
video_66375,5
video_66441,13
video_66483,29
video_66515,31
video_66537,22
video_66553,9
video_66567,22
video_66697,0
video_66709,1
video_66718,22
video_6672,18
video_66762,9
video_66805,30
video_66830,7
video_66862,12
video_66910,5
video_66933,6
video_66959,10
video_66980,23
video_66984,20
video_67027,13
video_67086,8
video_67105,3
video_67172,21
video_67204,30
video_67256,2
video_67258,20
video_6727,22
video_67290,8
video_67330,30
video_67364,23
video_67374,5
video_67383,6
video_67429,3
video_67473,19
video_67484,25
video_67497,18
video_675,21
video_67509,8
video_67518,25
video_67568,30
video_67614,2
video_67625,10
video_67686,5
video_67690,28
video_67701,14
video_67705,23
video_67713,5
video_67731,31
video_67765,5
video_67773,20
video_67803,0
video_6783,32
video_67857,12
video_6786,12
video_67861,30
video_67892,16
video_67998,32
video_68002,5
video_68018,1
video_68052,12
video_68055,29
video_68092,1
video_68104,8
video_6811,16
video_68113,1
video_68141,5
video_68190,28
video_68286,13
video_68320,25
video_68337,31
video_68347,5
video_6843,23
video_6850,23
video_68532,2
video_68535,5
video_6859,32
video_68590,8
video_68596,0
video_68603,23
video_68651,10
video_68675,29
video_68813,14
video_68875,12
video_68998,30
video_69014,2
video_69017,5
video_69030,6
video_69100,22
video_69124,19
video_69134,12
video_69200,7
video_69278,13
video_6931,9
video_69341,31
video_69343,10
video_69382,28
video_69447,18
video_69509,31
video_69511,20
video_69540,2
video_69549,6
video_69576,0
video_69585,8
video_69588,30
video_6963,21
video_69632,28
video_69640,2
video_69651,23
video_69658,12
video_69670,17
video_69684,21
video_69691,11
video_69724,29
video_69738,19
video_69764,0
video_69788,29
video_69842,6
video_69855,2
video_69922,32
video_70012,2
video_70035,3
video_70109,20
video_70113,22
video_70152,17
video_70182,20
video_70197,8
video_7022,9
video_70224,6
video_70237,25
video_70293,0
video_70295,12
video_70319,5
video_70322,28
video_7033,7
video_7035,5
video_70353,6
video_70399,7
video_704,22
video_70460,13
video_70490,19
video_70526,3
video_70605,3
video_70623,19
video_70640,25
video_70698,7
video_70705,9
video_7071,4
video_70715,10
video_70748,4
video_70866,11
video_70893,1
video_70895,12
video_70914,7
video_70933,5
video_70939,2
video_70958,23
video_7102,28
video_71056,12
video_71084,3
video_71123,8
video_7115,24
video_71197,11
video_71258,1
video_71276,8
video_71294,23
video_71310,0
video_71331,30
video_71349,28
video_71367,7
video_71401,26
video_71404,17
video_7141,15
video_71414,5
video_71459,3
video_71569,5
video_71628,8
video_71638,7
video_71663,13
video_71673,24
video_71825,1
video_71828,5
video_71866,7
video_71946,11
video_72000,4
video_72017,30
video_72039,5
video_72071,0
video_72090,21
video_72111,30
video_72133,17
video_72161,12
video_72191,30
video_7235,29
video_72405,1
video_72578,7
video_72591,3
video_72597,20
video_72621,24
video_72650,30
video_72683,2
video_72713,9
video_72732,18
video_72740,7
video_72752,28
video_72762,25
video_72771,16
video_72781,30
video_72881,0
video_72933,24
video_7294,4
video_72984,13
video_730,0
video_73004,10
video_73013,20
video_73015,18
video_73041,4
video_73050,3
video_73077,23
video_73079,15
video_73084,8
video_73162,8
video_73178,29
video_73203,5
video_73230,10
video_73251,3
video_73254,6
video_7328,9
video_73280,14
video_73304,30
video_73389,6
video_73400,9
video_73443,23
video_7346,5
video_73533,7
video_73562,19
video_7357,19
video_73614,13
video_73626,3
video_73645,9
video_73648,26
video_73659,5
video_73694,13
video_73704,0
video_73731,22
video_73748,9
video_73768,6
video_73772,3
video_73783,19
video_73910,28
video_73956,1
video_7397,26
video_7400,14
video_74011,6
video_74030,1
video_74040,29
video_74043,28
video_7409,5
video_74093,8
video_74159,1
video_74161,23
video_74174,5
video_74212,18
video_74215,7
video_74223,30
video_74244,11
video_74361,17
video_74368,14
video_74373,18
video_74410,28
video_74417,0
video_74490,3
video_74501,5
video_74502,5
video_74553,6
video_74597,7
video_74609,31
video_74622,2
video_74646,19
video_74677,23
video_7468,13
video_74693,6
video_74700,24
video_74722,28
video_74780,26
video_74781,4
video_74784,10
video_74806,30
video_74867,29
video_74903,20
video_74958,5
video_74974,24
video_75041,2
video_75059,29
video_75070,6
video_7511,6
video_75128,11
video_75133,8
video_75144,0
video_75182,5
video_75222,16
video_7524,3
video_75286,6
video_75300,31
video_75329,32
video_75363,25
video_75365,29
video_75406,31
video_75427,24
video_75448,20
video_75507,0
video_75534,13
video_75616,2
video_75694,31
video_75711,22
video_75726,21
video_75729,30
video_75765,24
video_75799,21
video_75813,20
video_75853,30
video_75862,30
video_75956,4
video_75968,30
video_76001,14
video_76018,4
video_76052,12
video_76067,18
video_76085,29
video_76092,30
video_76205,6
video_76236,18
video_76248,7
video_76251,29
video_76279,16
video_76348,28
video_76350,31
video_7641,5
video_76481,23
video_76486,3
video_76539,31
video_7656,31
video_76586,14
video_7666,6
video_76674,4
video_76717,1
video_76778,14
video_76783,31
video_76826,30
video_7684,30
video_76898,7
video_76909,14
video_76927,23
video_76947,14
video_76958,1
video_76960,30
video_76997,0
video_77034,9
video_77040,31
video_77102,2
video_77156,18
video_77160,18
video_77189,8
video_77232,28
video_77251,10
video_7735,6
video_77352,10
video_77372,8
video_77385,18
video_774,9
video_77411,28
video_77423,1
video_77430,24
video_77448,3
video_7745,10
video_77464,32
video_77498,20
video_77504,1
video_77540,22
video_77613,2
video_77645,3
video_77658,32
video_77663,23
video_7768,8
video_77747,30
video_77776,28
video_77830,7
video_77836,28
video_77837,23
video_77838,5
video_77845,3
video_77910,28
video_77920,30
video_77952,1
video_77969,14
video_77985,30
video_77996,13
video_78005,1
video_78016,29
video_78033,23
video_78079,7
video_78130,3
video_78163,6
video_78182,9
video_78186,30
video_78210,7
video_78228,5
video_78349,5
video_78366,20
video_78411,15
video_78412,1
video_78440,7
video_78442,10
video_78514,9
video_78525,20
video_78547,9
video_78562,18
video_78653,3
video_78668,30
video_78686,13
video_78702,22
video_78703,5
video_78715,19
video_78785,1
video_78824,18
video_78832,30
video_78860,28
video_78920,8
video_78923,30
video_78924,26
video_78962,13
video_78965,2
video_78972,12
video_78976,13
video_79009,1
video_79046,17
video_79081,18
video_79095,20
video_79142,13
video_79176,5
video_79183,12
video_79238,32
video_79245,2
video_79278,15
video_7930,1
video_79326,32
video_79346,8
video_79348,18
video_79359,5
video_79360,28
video_79367,6
video_79391,28
video_79394,25
video_79409,13
video_79450,2
video_79461,29
video_79475,23
video_7948,18
video_79494,14
video_79527,6
video_79568,2
video_79573,0
video_79580,5
video_79622,12
video_79657,23
video_79691,29
video_79722,6
video_79727,31
video_79745,25
video_79756,30
video_79772,19
video_79853,28
video_79881,17
video_79929,21
video_7995,24
video_80017,5
video_80018,22
video_80056,8
video_80137,22
video_80164,30
video_80192,20
video_80314,30
video_80355,9
video_80381,32
video_80467,6
video_80493,5
video_80499,4
video_80516,14
video_80541,11
video_80546,1
video_80616,17
video_80682,14
video_80719,16
video_80809,30
video_8081,16
video_80827,19
video_80830,17
video_80832,22
video_80887,3
video_80903,4
video_80914,17
video_8093,5
video_80942,12
video_80949,30
video_81015,30
video_81077,1
video_81125,1
video_81174,17
video_81178,8
video_81197,13
video_8125,30
video_81288,0
video_81302,30
video_81331,21
video_81344,29
video_81349,24
video_81362,14
video_81364,10
video_81451,7
video_81458,26
video_81491,3
video_8150,29
video_81504,5
video_81535,12
video_81557,30
video_81560,14
video_81581,8
video_81663,15
video_81768,1
video_81770,8
video_81779,4
video_81808,19
video_81831,12
video_81903,13
video_81917,0
video_81936,30
video_81963,8
video_81995,21
video_81997,20
video_82044,31
video_82084,23
video_82127,2
video_82232,18
video_82233,2
video_82254,5
video_82258,29
video_8226,16
video_82315,5
video_8241,0
video_8243,28
video_82462,8
video_82473,8
video_82490,29
video_82495,30
video_82565,6
video_82569,2
video_82600,2
video_82629,6
video_82716,9
video_82728,26
video_82730,6
video_82731,32
video_82759,18
video_82832,18
video_82857,6
video_82925,8
video_82932,5
video_83062,0
video_8311,0
video_83148,20
video_83173,28
video_83231,13
video_83326,21
video_83328,20
video_83337,17
video_83357,3
video_83408,28
video_83497,1
video_83534,3
video_83575,8
video_83596,9
video_83631,4
video_83643,17
video_83647,14
video_8365,1
video_83670,10
video_83672,32
video_83721,10
video_8373,22
video_83738,30
video_83771,31
video_83782,2
video_83808,2
video_83849,14
video_83889,14
video_83927,19
video_8396,31
video_84010,22
video_84022,5
video_84033,8
video_84084,1
video_84096,29
video_84183,32
video_84193,22
video_8423,30
video_84319,18
video_84411,22
video_84470,30
video_84525,14
video_84566,5
video_84583,31
video_8459,25
video_84591,5
video_84624,2
video_84630,9
video_84648,29
video_84798,10
video_84850,30
video_84852,13
video_84922,28
video_85126,1
video_85183,22
video_85228,19
video_85271,7
video_85272,11
video_85278,5
video_85325,1
video_85343,1
video_85383,8
video_85439,16
video_85449,8
video_85471,17
video_85550,29
video_85552,22
video_85566,22
video_85613,19
video_85627,8
video_85633,0
video_85666,15
video_8567,31
video_85672,10
video_85714,32
video_8573,20
video_85737,1
video_8574,30
video_85751,8
video_85824,28
video_85849,17
video_85850,7
video_85904,20
video_85933,23
video_85987,18
video_86020,7
video_86023,12
video_86034,11
video_86077,29
video_86123,19
video_86151,32
video_86160,6
video_86176,32
video_86254,2
video_86262,30
video_86349,10
video_86386,30
video_8639,6
video_86441,32
video_86478,5
video_86482,22
video_86517,19
video_86552,19
video_866,10
video_86606,9
video_86682,2
video_86712,7
video_86786,19
video_86853,5
video_86865,1
video_86918,32
video_86950,29
video_86973,4
video_86985,7
video_87007,22
video_87046,19
video_87086,29
video_87103,22
video_87113,20
video_87176,32
video_87184,2
video_87277,7
video_87346,19
video_87371,23
video_87391,28
video_87400,32
video_87417,14
video_87431,30
video_87439,31
video_87511,1
video_87573,17
video_87597,28
video_87611,10
video_87614,28
video_87649,9
video_8766,6
video_87667,25
video_87703,25
video_87736,31
video_87780,3
video_87794,9
video_8788,1
video_87908,1
video_87940,12
video_87950,1
video_88016,21
video_8804,16
video_88104,29
video_88136,30
video_88168,30
video_8817,18
video_88176,15
video_88184,29
video_88216,23
video_88224,9
video_88236,8
video_88248,6
video_88391,12
video_88408,3
video_88425,1
video_88455,5
video_88558,30
video_88629,12
video_88674,14
video_88696,5
video_88725,12
video_88727,28
video_88751,21
video_88824,15
video_88831,28
video_88932,2
video_88966,5
video_89029,18
video_89041,4
video_89042,31
video_8907,22
video_89125,5
video_8917,22
video_89186,15
video_89219,31
video_89326,1
video_89345,18
video_89413,28
video_89418,30
video_89441,19
video_89472,3
video_89484,6
video_89516,2
video_89518,20
video_89644,23
video_89664,2
video_89795,24
video_89869,7
video_89885,5
video_89910,28
video_8993,9
video_89941,22
video_89946,29
video_90017,7
video_90020,24
video_9004,16
video_90060,30
video_90072,16
video_90100,25
video_90108,5
video_90176,22
video_90185,1
video_90193,3
video_90245,10
video_90295,4
video_90314,18
video_90343,29
video_90354,28
video_90363,19
video_90389,9
video_90390,12
video_90469,13
video_90499,7
video_90515,4
video_90546,29
video_90606,7
video_9066,8
video_90700,28
video_90716,29
video_90731,30
video_90732,2
video_90750,28
video_90760,13
video_90842,9
video_9089,19
video_90923,9
video_90934,32
video_90950,15
video_91027,5
video_91065,20
video_9112,31
video_91121,12
video_91143,30
video_91167,13
video_91243,7
video_91260,2
video_9146,9
video_91487,10
video_9149,6
video_91493,12
video_91501,0
video_91502,1
video_91525,6
video_91550,10
video_91593,2
video_91598,31
video_91620,17
video_91635,18
video_9164,5
video_91651,30
video_91666,2
video_91679,29
video_91686,6
video_91740,31
video_91813,9
video_91845,11
video_9192,28
video_91925,2
video_91928,17
video_91979,29
video_91982,8
video_92015,17
video_92016,32
video_9204,7
video_92054,5
video_92083,7
video_92084,15
video_92106,7
video_92111,12
video_92138,6
video_92170,22
video_92205,14
video_92218,8
video_9224,10
video_923,5
video_92309,22
video_92323,20
video_92332,28
video_92425,9
video_92445,12
video_92513,20
video_92563,5
video_92564,5
video_92582,6
video_92599,18
video_92761,31
video_92766,31
video_92784,12
video_92815,31
video_92876,7
video_92917,5
video_92954,15
video_93016,22
video_93065,6
video_93106,22
video_93120,30
video_93136,9
video_93148,9
video_93150,9
video_93173,31
video_9324,32
video_93240,13
video_93289,30
video_93336,22
video_93468,29
video_93477,23
video_93479,18
video_93480,10
video_93488,7
video_93516,28
video_93578,23
video_93703,10
video_93729,22
video_93778,5
video_93791,28
video_93841,9
video_93855,5
video_93887,6
video_93928,2
video_93954,6
video_93968,10
video_94012,0
video_94080,8
video_94084,18
video_94086,31
video_94091,1
video_94094,2
video_94130,3
video_94163,11
video_94164,7
video_9420,15
video_94219,5
video_94266,30
video_94270,6
video_943,5
video_94308,3
video_94321,9
video_94379,10
video_9438,29
video_94414,30
video_94440,30
video_94450,28
video_94476,32
video_94489,23
video_94510,5
video_94536,22
video_94564,13
video_9457,11
video_94584,24
video_94593,2
video_94619,10
video_94631,29
video_94680,25
video_94697,21
video_94768,31
video_94772,0
video_94782,14
video_9486,19
video_94864,29
video_94913,21
video_94952,19
video_94973,30
video_95016,17
video_95066,12
video_9507,4
video_95144,7
video_95183,9
video_95207,5
video_95223,12
video_95235,28
video_95247,4
video_95259,23
video_95266,14
video_95292,31
video_95297,29
video_95314,18
video_95316,31
video_9532,5
video_95331,18
video_95373,10
video_95401,9
video_95410,7
video_95417,28
video_9547,4
video_95510,19
video_9562,10
video_95630,15
video_95687,5
video_9573,30
video_95735,1
video_95799,1
video_95806,31
video_95810,28
video_95823,10
video_95832,1
video_95850,32
video_95854,16
video_95871,10
video_95887,20
video_95988,29
video_95994,18
video_96046,21
video_9607,11
video_96121,22
video_96131,30
video_96176,12
video_96194,7
video_96235,31
video_96262,30
video_96264,12
video_96269,28
video_96301,30
video_96304,28
video_96335,5
video_96351,3
video_96352,15
video_96403,30
video_96418,15
video_96432,25
video_96435,13
video_96439,1
video_96470,29
video_965,9
video_96501,8
video_96504,32
video_9651,9
video_96514,23
video_96630,12
video_96631,30
video_96637,20
video_96668,5
video_96673,23
video_96680,18
video_967,7
video_9673,19
video_96757,17
video_96761,31
video_96791,14
video_96896,13
video_97004,5
video_97011,30
video_9702,28
video_97026,12
video_97079,9
video_971,12
video_97107,7
video_97167,23
video_97188,17
video_97212,6
video_9724,22
video_97246,30
video_97249,22
video_97286,4
video_97317,22
video_97319,20
video_97328,28
video_97338,11
video_97404,9
video_97411,30
video_97500,17
video_97508,4
video_97514,5
video_97528,12
video_9755,17
video_97627,9
video_97648,1
video_97664,13
video_97758,14
video_97785,23
video_97787,21
video_97864,32
video_97867,18
video_97890,15
video_97956,5
video_97962,9
video_97989,7
video_97990,1
video_98004,23
video_98006,7
video_98064,29
video_98112,19
video_98115,17
video_98138,30
video_98180,15
video_98189,9
video_98289,10
video_98319,12
video_98372,11
video_98373,32
video_98387,29
video_984,32
video_98406,30
video_98424,31
video_98427,8
video_98461,31
video_98471,31
video_98496,28
video_98502,26
video_98504,18
video_98515,5
video_98556,5
video_98565,7
video_98673,1
video_98693,28
video_98711,1
video_98737,1
video_98752,1
video_98762,7
video_98779,1
video_98798,14
video_98807,9
video_98808,9
video_98826,8
video_98856,31
video_98911,29
video_98921,20
video_98950,22
video_98988,30
video_98990,31
video_99015,23
video_99017,10
video_99044,20
video_99058,18
video_9909,23
video_99121,25
video_99153,7
video_99171,12
video_9918,26
video_99188,28
video_99220,8
video_99228,24
video_99230,12
video_99254,14
video_99305,8
video_99315,5
video_99317,28
video_99328,23
video_99335,23
video_99379,9
video_9941,29
video_99412,1
video_99485,7
video_99503,9
video_99532,24
video_9957,1
video_99570,10
video_99591,16
video_99594,32
video_99595,11
video_99603,9
video_99607,12
video_99619,32
video_99701,21
video_99717,26
video_99789,23
video_99805,13
video_99867,3
video_99870,8
video_99886,7
video_99942,5
video_99953,9
