video_path,pseudo_label,confidence
/Data/florian.guillaumey/val2/test/video_1000,30,0.544301
/Data/florian.guillaumey/val2/test/video_100051,19,0.455648
/Data/florian.guillaumey/val2/test/video_100065,4,0.431791
/Data/florian.guillaumey/val2/test/video_100078,14,0.299078
/Data/florian.guillaumey/val2/test/video_100121,23,0.814806
/Data/florian.guillaumey/val2/test/video_100164,0,0.714644
/Data/florian.guillaumey/val2/test/video_100187,17,0.312807
/Data/florian.guillaumey/val2/test/video_100195,30,0.785931
/Data/florian.guillaumey/val2/test/video_100218,28,0.702154
/Data/florian.guillaumey/val2/test/video_100219,30,0.309321
/Data/florian.guillaumey/val2/test/video_100237,31,0.685287
/Data/florian.guillaumey/val2/test/video_100249,28,0.243387
/Data/florian.guillaumey/val2/test/video_100288,4,0.878171
/Data/florian.guillaumey/val2/test/video_100315,5,0.438236
/Data/florian.guillaumey/val2/test/video_100347,7,0.848345
/Data/florian.guillaumey/val2/test/video_100445,22,0.197204
/Data/florian.guillaumey/val2/test/video_100461,9,0.646055
/Data/florian.guillaumey/val2/test/video_100490,22,0.533759
/Data/florian.guillaumey/val2/test/video_100530,23,0.886668
/Data/florian.guillaumey/val2/test/video_100557,15,0.487593
/Data/florian.guillaumey/val2/test/video_100566,10,0.672196
/Data/florian.guillaumey/val2/test/video_100581,14,0.468332
/Data/florian.guillaumey/val2/test/video_100599,23,0.716810
/Data/florian.guillaumey/val2/test/video_10064,30,0.737502
/Data/florian.guillaumey/val2/test/video_100656,29,0.388630
/Data/florian.guillaumey/val2/test/video_100766,5,0.602921
/Data/florian.guillaumey/val2/test/video_10077,10,0.430920
/Data/florian.guillaumey/val2/test/video_100827,1,0.603876
/Data/florian.guillaumey/val2/test/video_100837,31,0.697662
/Data/florian.guillaumey/val2/test/video_100865,16,0.612235
/Data/florian.guillaumey/val2/test/video_100879,10,0.804443
/Data/florian.guillaumey/val2/test/video_100889,18,0.203396
/Data/florian.guillaumey/val2/test/video_10090,28,0.602196
/Data/florian.guillaumey/val2/test/video_100934,2,0.444527
/Data/florian.guillaumey/val2/test/video_101005,29,0.895659
/Data/florian.guillaumey/val2/test/video_101012,30,0.708619
/Data/florian.guillaumey/val2/test/video_101046,5,0.927011
/Data/florian.guillaumey/val2/test/video_101051,9,0.206330
/Data/florian.guillaumey/val2/test/video_101062,16,0.850391
/Data/florian.guillaumey/val2/test/video_101174,32,0.285456
/Data/florian.guillaumey/val2/test/video_101183,14,0.489251
/Data/florian.guillaumey/val2/test/video_101229,28,0.695659
/Data/florian.guillaumey/val2/test/video_101240,22,0.314719
/Data/florian.guillaumey/val2/test/video_10125,8,0.832435
/Data/florian.guillaumey/val2/test/video_101261,29,0.308329
/Data/florian.guillaumey/val2/test/video_101298,1,0.182388
/Data/florian.guillaumey/val2/test/video_101370,17,0.530495
/Data/florian.guillaumey/val2/test/video_101401,28,0.869631
/Data/florian.guillaumey/val2/test/video_101481,22,0.419090
/Data/florian.guillaumey/val2/test/video_101514,12,0.723974
/Data/florian.guillaumey/val2/test/video_101532,24,0.841460
/Data/florian.guillaumey/val2/test/video_101559,28,0.373152
/Data/florian.guillaumey/val2/test/video_101631,8,0.509181
/Data/florian.guillaumey/val2/test/video_101665,12,0.842461
/Data/florian.guillaumey/val2/test/video_101697,5,0.461933
/Data/florian.guillaumey/val2/test/video_101722,5,0.711618
/Data/florian.guillaumey/val2/test/video_101797,7,0.848191
/Data/florian.guillaumey/val2/test/video_101814,14,0.877041
/Data/florian.guillaumey/val2/test/video_101828,0,0.514075
/Data/florian.guillaumey/val2/test/video_101854,22,0.240337
/Data/florian.guillaumey/val2/test/video_101907,6,0.165958
/Data/florian.guillaumey/val2/test/video_101908,31,0.419499
/Data/florian.guillaumey/val2/test/video_101913,0,0.640241
/Data/florian.guillaumey/val2/test/video_101922,32,0.683415
/Data/florian.guillaumey/val2/test/video_101937,0,0.432344
/Data/florian.guillaumey/val2/test/video_101978,10,0.337866
/Data/florian.guillaumey/val2/test/video_101988,12,0.711068
/Data/florian.guillaumey/val2/test/video_102053,1,0.903754
/Data/florian.guillaumey/val2/test/video_102145,5,0.702537
/Data/florian.guillaumey/val2/test/video_102185,30,0.379904
/Data/florian.guillaumey/val2/test/video_10221,17,0.263011
/Data/florian.guillaumey/val2/test/video_102257,14,0.843578
/Data/florian.guillaumey/val2/test/video_102285,13,0.780260
/Data/florian.guillaumey/val2/test/video_102323,5,0.920468
/Data/florian.guillaumey/val2/test/video_102327,19,0.353504
/Data/florian.guillaumey/val2/test/video_102333,16,0.168370
/Data/florian.guillaumey/val2/test/video_102350,12,0.891908
/Data/florian.guillaumey/val2/test/video_102367,7,0.896739
/Data/florian.guillaumey/val2/test/video_102379,5,0.848781
/Data/florian.guillaumey/val2/test/video_102396,31,0.855776
/Data/florian.guillaumey/val2/test/video_102397,31,0.526637
/Data/florian.guillaumey/val2/test/video_102471,4,0.368271
/Data/florian.guillaumey/val2/test/video_102482,30,0.839301
/Data/florian.guillaumey/val2/test/video_102495,23,0.486697
/Data/florian.guillaumey/val2/test/video_10257,12,0.735068
/Data/florian.guillaumey/val2/test/video_102598,28,0.832722
/Data/florian.guillaumey/val2/test/video_102607,3,0.862296
/Data/florian.guillaumey/val2/test/video_102636,5,0.183716
/Data/florian.guillaumey/val2/test/video_102649,31,0.774739
/Data/florian.guillaumey/val2/test/video_102695,29,0.249673
/Data/florian.guillaumey/val2/test/video_102703,28,0.353963
/Data/florian.guillaumey/val2/test/video_102747,1,0.596201
/Data/florian.guillaumey/val2/test/video_10275,5,0.261516
/Data/florian.guillaumey/val2/test/video_102769,29,0.502714
/Data/florian.guillaumey/val2/test/video_102770,3,0.898170
/Data/florian.guillaumey/val2/test/video_102799,1,0.447837
/Data/florian.guillaumey/val2/test/video_102811,10,0.790883
/Data/florian.guillaumey/val2/test/video_102832,30,0.141403
/Data/florian.guillaumey/val2/test/video_102833,3,0.188417
/Data/florian.guillaumey/val2/test/video_102871,8,0.637977
/Data/florian.guillaumey/val2/test/video_102920,30,0.800236
/Data/florian.guillaumey/val2/test/video_10294,28,0.848799
/Data/florian.guillaumey/val2/test/video_102950,14,0.706525
/Data/florian.guillaumey/val2/test/video_102977,24,0.223233
/Data/florian.guillaumey/val2/test/video_102991,6,0.373677
/Data/florian.guillaumey/val2/test/video_102996,32,0.331340
/Data/florian.guillaumey/val2/test/video_103017,21,0.446553
/Data/florian.guillaumey/val2/test/video_103028,13,0.901646
/Data/florian.guillaumey/val2/test/video_103043,9,0.235279
/Data/florian.guillaumey/val2/test/video_103045,7,0.720254
/Data/florian.guillaumey/val2/test/video_103064,18,0.506117
/Data/florian.guillaumey/val2/test/video_103120,6,0.367508
/Data/florian.guillaumey/val2/test/video_103152,5,0.296376
/Data/florian.guillaumey/val2/test/video_103155,2,0.658814
/Data/florian.guillaumey/val2/test/video_103189,30,0.589038
/Data/florian.guillaumey/val2/test/video_103288,29,0.208023
/Data/florian.guillaumey/val2/test/video_103305,31,0.845062
/Data/florian.guillaumey/val2/test/video_10331,15,0.426198
/Data/florian.guillaumey/val2/test/video_103381,10,0.419875
/Data/florian.guillaumey/val2/test/video_103439,4,0.903642
/Data/florian.guillaumey/val2/test/video_103447,22,0.387468
/Data/florian.guillaumey/val2/test/video_103491,14,0.416394
/Data/florian.guillaumey/val2/test/video_103495,1,0.646967
/Data/florian.guillaumey/val2/test/video_103511,23,0.365898
/Data/florian.guillaumey/val2/test/video_103525,1,0.459681
/Data/florian.guillaumey/val2/test/video_103534,12,0.462436
/Data/florian.guillaumey/val2/test/video_103593,6,0.477124
/Data/florian.guillaumey/val2/test/video_103684,1,0.505642
/Data/florian.guillaumey/val2/test/video_103777,15,0.149057
/Data/florian.guillaumey/val2/test/video_103789,6,0.830562
/Data/florian.guillaumey/val2/test/video_10381,2,0.789699
/Data/florian.guillaumey/val2/test/video_103815,3,0.894603
/Data/florian.guillaumey/val2/test/video_103896,31,0.877451
/Data/florian.guillaumey/val2/test/video_103914,9,0.804739
/Data/florian.guillaumey/val2/test/video_103917,23,0.904516
/Data/florian.guillaumey/val2/test/video_103923,17,0.737189
/Data/florian.guillaumey/val2/test/video_103949,3,0.851594
/Data/florian.guillaumey/val2/test/video_103960,11,0.241214
/Data/florian.guillaumey/val2/test/video_103999,22,0.372285
/Data/florian.guillaumey/val2/test/video_104062,14,0.826335
/Data/florian.guillaumey/val2/test/video_104089,1,0.454318
/Data/florian.guillaumey/val2/test/video_104098,14,0.391159
/Data/florian.guillaumey/val2/test/video_104180,10,0.478969
/Data/florian.guillaumey/val2/test/video_104201,29,0.779788
/Data/florian.guillaumey/val2/test/video_104205,12,0.822428
/Data/florian.guillaumey/val2/test/video_104233,14,0.343133
/Data/florian.guillaumey/val2/test/video_104277,3,0.764259
/Data/florian.guillaumey/val2/test/video_104331,1,0.776082
/Data/florian.guillaumey/val2/test/video_104339,28,0.474561
/Data/florian.guillaumey/val2/test/video_104363,23,0.303732
/Data/florian.guillaumey/val2/test/video_10438,18,0.488199
/Data/florian.guillaumey/val2/test/video_104386,24,0.865366
/Data/florian.guillaumey/val2/test/video_104410,18,0.809101
/Data/florian.guillaumey/val2/test/video_104414,8,0.753144
/Data/florian.guillaumey/val2/test/video_104416,18,0.429951
/Data/florian.guillaumey/val2/test/video_104424,3,0.716637
/Data/florian.guillaumey/val2/test/video_10448,16,0.131040
/Data/florian.guillaumey/val2/test/video_104482,30,0.370200
/Data/florian.guillaumey/val2/test/video_104488,13,0.642930
/Data/florian.guillaumey/val2/test/video_104516,29,0.598710
/Data/florian.guillaumey/val2/test/video_104523,22,0.761779
/Data/florian.guillaumey/val2/test/video_10455,0,0.210344
/Data/florian.guillaumey/val2/test/video_104560,31,0.266588
/Data/florian.guillaumey/val2/test/video_104592,28,0.524333
/Data/florian.guillaumey/val2/test/video_104598,31,0.781407
/Data/florian.guillaumey/val2/test/video_104602,28,0.889497
/Data/florian.guillaumey/val2/test/video_104636,30,0.442904
/Data/florian.guillaumey/val2/test/video_10465,1,0.605047
/Data/florian.guillaumey/val2/test/video_104660,30,0.866056
/Data/florian.guillaumey/val2/test/video_104734,23,0.412600
/Data/florian.guillaumey/val2/test/video_104737,14,0.292092
/Data/florian.guillaumey/val2/test/video_104755,22,0.109759
/Data/florian.guillaumey/val2/test/video_104758,30,0.452177
/Data/florian.guillaumey/val2/test/video_104762,4,0.503351
/Data/florian.guillaumey/val2/test/video_104876,0,0.702771
/Data/florian.guillaumey/val2/test/video_104880,31,0.843565
/Data/florian.guillaumey/val2/test/video_104892,28,0.733573
/Data/florian.guillaumey/val2/test/video_1049,12,0.690619
/Data/florian.guillaumey/val2/test/video_104943,28,0.890544
/Data/florian.guillaumey/val2/test/video_105004,32,0.595515
/Data/florian.guillaumey/val2/test/video_105058,31,0.762545
/Data/florian.guillaumey/val2/test/video_105082,1,0.813361
/Data/florian.guillaumey/val2/test/video_105133,1,0.554156
/Data/florian.guillaumey/val2/test/video_105141,30,0.560739
/Data/florian.guillaumey/val2/test/video_105154,31,0.434234
/Data/florian.guillaumey/val2/test/video_105187,24,0.708879
/Data/florian.guillaumey/val2/test/video_105204,11,0.810497
/Data/florian.guillaumey/val2/test/video_105280,31,0.217900
/Data/florian.guillaumey/val2/test/video_105337,29,0.219052
/Data/florian.guillaumey/val2/test/video_105364,15,0.319999
/Data/florian.guillaumey/val2/test/video_105485,6,0.782211
/Data/florian.guillaumey/val2/test/video_105550,4,0.722443
/Data/florian.guillaumey/val2/test/video_105554,31,0.381205
/Data/florian.guillaumey/val2/test/video_105563,5,0.839814
/Data/florian.guillaumey/val2/test/video_10565,28,0.843055
/Data/florian.guillaumey/val2/test/video_105653,2,0.593566
/Data/florian.guillaumey/val2/test/video_105657,15,0.530111
/Data/florian.guillaumey/val2/test/video_105670,10,0.438667
/Data/florian.guillaumey/val2/test/video_105674,29,0.882656
/Data/florian.guillaumey/val2/test/video_105738,16,0.195710
/Data/florian.guillaumey/val2/test/video_10581,4,0.306981
/Data/florian.guillaumey/val2/test/video_105855,22,0.463171
/Data/florian.guillaumey/val2/test/video_105876,0,0.384787
/Data/florian.guillaumey/val2/test/video_105904,4,0.326564
/Data/florian.guillaumey/val2/test/video_105907,5,0.839130
/Data/florian.guillaumey/val2/test/video_105933,28,0.263113
/Data/florian.guillaumey/val2/test/video_105980,6,0.846684
/Data/florian.guillaumey/val2/test/video_106008,1,0.822708
/Data/florian.guillaumey/val2/test/video_10602,10,0.372547
/Data/florian.guillaumey/val2/test/video_106065,5,0.819521
/Data/florian.guillaumey/val2/test/video_106066,4,0.402853
/Data/florian.guillaumey/val2/test/video_106121,17,0.389455
/Data/florian.guillaumey/val2/test/video_106128,31,0.310574
/Data/florian.guillaumey/val2/test/video_106153,10,0.289189
/Data/florian.guillaumey/val2/test/video_106158,9,0.433963
/Data/florian.guillaumey/val2/test/video_106201,14,0.496929
/Data/florian.guillaumey/val2/test/video_106205,31,0.819575
/Data/florian.guillaumey/val2/test/video_106226,13,0.772907
/Data/florian.guillaumey/val2/test/video_106234,30,0.770341
/Data/florian.guillaumey/val2/test/video_106299,10,0.186972
/Data/florian.guillaumey/val2/test/video_106385,1,0.177417
/Data/florian.guillaumey/val2/test/video_106464,6,0.870940
/Data/florian.guillaumey/val2/test/video_106569,1,0.767610
/Data/florian.guillaumey/val2/test/video_106589,15,0.924407
/Data/florian.guillaumey/val2/test/video_106649,5,0.691557
/Data/florian.guillaumey/val2/test/video_106690,6,0.670574
/Data/florian.guillaumey/val2/test/video_106695,3,0.887426
/Data/florian.guillaumey/val2/test/video_106768,14,0.314844
/Data/florian.guillaumey/val2/test/video_106793,30,0.319680
/Data/florian.guillaumey/val2/test/video_106868,30,0.238858
/Data/florian.guillaumey/val2/test/video_106893,12,0.501324
/Data/florian.guillaumey/val2/test/video_106897,21,0.834818
/Data/florian.guillaumey/val2/test/video_106938,4,0.423879
/Data/florian.guillaumey/val2/test/video_106969,1,0.440917
/Data/florian.guillaumey/val2/test/video_106981,22,0.438752
/Data/florian.guillaumey/val2/test/video_106982,4,0.856311
/Data/florian.guillaumey/val2/test/video_10701,31,0.793786
/Data/florian.guillaumey/val2/test/video_107027,14,0.351635
/Data/florian.guillaumey/val2/test/video_107049,4,0.445804
/Data/florian.guillaumey/val2/test/video_10705,24,0.216535
/Data/florian.guillaumey/val2/test/video_107055,8,0.910699
/Data/florian.guillaumey/val2/test/video_107056,1,0.350135
/Data/florian.guillaumey/val2/test/video_107093,8,0.882991
/Data/florian.guillaumey/val2/test/video_107124,23,0.861458
/Data/florian.guillaumey/val2/test/video_107193,12,0.840850
/Data/florian.guillaumey/val2/test/video_107200,32,0.880363
/Data/florian.guillaumey/val2/test/video_107210,31,0.629251
/Data/florian.guillaumey/val2/test/video_107220,7,0.886362
/Data/florian.guillaumey/val2/test/video_107227,28,0.273294
/Data/florian.guillaumey/val2/test/video_107241,10,0.919429
/Data/florian.guillaumey/val2/test/video_107290,8,0.406813
/Data/florian.guillaumey/val2/test/video_107311,6,0.706348
/Data/florian.guillaumey/val2/test/video_10737,9,0.825042
/Data/florian.guillaumey/val2/test/video_107379,18,0.496026
/Data/florian.guillaumey/val2/test/video_10741,4,0.567277
/Data/florian.guillaumey/val2/test/video_107428,32,0.760669
/Data/florian.guillaumey/val2/test/video_107516,1,0.863042
/Data/florian.guillaumey/val2/test/video_107540,12,0.524336
/Data/florian.guillaumey/val2/test/video_107541,14,0.240625
/Data/florian.guillaumey/val2/test/video_107552,6,0.756974
/Data/florian.guillaumey/val2/test/video_107562,18,0.265457
/Data/florian.guillaumey/val2/test/video_107653,29,0.359563
/Data/florian.guillaumey/val2/test/video_107665,15,0.643958
/Data/florian.guillaumey/val2/test/video_107684,14,0.643853
/Data/florian.guillaumey/val2/test/video_107734,6,0.787926
/Data/florian.guillaumey/val2/test/video_107746,1,0.799036
/Data/florian.guillaumey/val2/test/video_107764,3,0.872891
/Data/florian.guillaumey/val2/test/video_107807,1,0.354801
/Data/florian.guillaumey/val2/test/video_107832,14,0.610416
/Data/florian.guillaumey/val2/test/video_107841,14,0.382570
/Data/florian.guillaumey/val2/test/video_107842,30,0.173857
/Data/florian.guillaumey/val2/test/video_107904,24,0.795327
/Data/florian.guillaumey/val2/test/video_107980,30,0.864451
/Data/florian.guillaumey/val2/test/video_107991,14,0.294879
/Data/florian.guillaumey/val2/test/video_107994,15,0.363880
/Data/florian.guillaumey/val2/test/video_108009,9,0.820517
/Data/florian.guillaumey/val2/test/video_108043,4,0.334220
/Data/florian.guillaumey/val2/test/video_108059,16,0.260556
/Data/florian.guillaumey/val2/test/video_108060,9,0.275843
/Data/florian.guillaumey/val2/test/video_108078,19,0.701366
/Data/florian.guillaumey/val2/test/video_108131,28,0.885204
/Data/florian.guillaumey/val2/test/video_108194,23,0.855005
/Data/florian.guillaumey/val2/test/video_108207,24,0.199944
/Data/florian.guillaumey/val2/test/video_108214,24,0.406052
/Data/florian.guillaumey/val2/test/video_108269,30,0.515835
/Data/florian.guillaumey/val2/test/video_108298,12,0.758414
/Data/florian.guillaumey/val2/test/video_108340,10,0.313285
/Data/florian.guillaumey/val2/test/video_108354,1,0.898027
/Data/florian.guillaumey/val2/test/video_108356,29,0.609091
/Data/florian.guillaumey/val2/test/video_108370,0,0.288260
/Data/florian.guillaumey/val2/test/video_108405,26,0.517655
/Data/florian.guillaumey/val2/test/video_108428,31,0.825593
/Data/florian.guillaumey/val2/test/video_10850,2,0.216570
/Data/florian.guillaumey/val2/test/video_108511,6,0.806809
/Data/florian.guillaumey/val2/test/video_10852,31,0.206405
/Data/florian.guillaumey/val2/test/video_108534,23,0.117085
/Data/florian.guillaumey/val2/test/video_108586,14,0.451845
/Data/florian.guillaumey/val2/test/video_108594,16,0.400618
/Data/florian.guillaumey/val2/test/video_1086,8,0.497995
/Data/florian.guillaumey/val2/test/video_108605,0,0.451231
/Data/florian.guillaumey/val2/test/video_108634,11,0.343657
/Data/florian.guillaumey/val2/test/video_108639,20,0.851456
/Data/florian.guillaumey/val2/test/video_108689,14,0.091445
/Data/florian.guillaumey/val2/test/video_108692,24,0.272460
/Data/florian.guillaumey/val2/test/video_10872,31,0.780037
/Data/florian.guillaumey/val2/test/video_108751,14,0.736554
/Data/florian.guillaumey/val2/test/video_108775,6,0.915788
/Data/florian.guillaumey/val2/test/video_10879,14,0.617677
/Data/florian.guillaumey/val2/test/video_108805,6,0.776106
/Data/florian.guillaumey/val2/test/video_10886,31,0.343051
/Data/florian.guillaumey/val2/test/video_108882,3,0.336496
/Data/florian.guillaumey/val2/test/video_108893,1,0.877896
/Data/florian.guillaumey/val2/test/video_108990,3,0.155328
/Data/florian.guillaumey/val2/test/video_109000,23,0.344634
/Data/florian.guillaumey/val2/test/video_109069,30,0.669737
/Data/florian.guillaumey/val2/test/video_10910,16,0.602027
/Data/florian.guillaumey/val2/test/video_109115,16,0.487923
/Data/florian.guillaumey/val2/test/video_109117,8,0.745782
/Data/florian.guillaumey/val2/test/video_109182,32,0.325202
/Data/florian.guillaumey/val2/test/video_109199,31,0.780620
/Data/florian.guillaumey/val2/test/video_10926,23,0.841455
/Data/florian.guillaumey/val2/test/video_109275,17,0.741257
/Data/florian.guillaumey/val2/test/video_109301,6,0.650934
/Data/florian.guillaumey/val2/test/video_109323,23,0.676555
/Data/florian.guillaumey/val2/test/video_10933,31,0.762457
/Data/florian.guillaumey/val2/test/video_109345,8,0.684467
/Data/florian.guillaumey/val2/test/video_109368,31,0.550110
/Data/florian.guillaumey/val2/test/video_109372,1,0.480922
/Data/florian.guillaumey/val2/test/video_109427,14,0.127651
/Data/florian.guillaumey/val2/test/video_109438,10,0.585016
/Data/florian.guillaumey/val2/test/video_109473,1,0.404904
/Data/florian.guillaumey/val2/test/video_109556,3,0.908848
/Data/florian.guillaumey/val2/test/video_109559,5,0.372260
/Data/florian.guillaumey/val2/test/video_109585,9,0.786061
/Data/florian.guillaumey/val2/test/video_109674,31,0.708997
/Data/florian.guillaumey/val2/test/video_109691,12,0.810445
/Data/florian.guillaumey/val2/test/video_109749,28,0.872826
/Data/florian.guillaumey/val2/test/video_109762,23,0.879590
/Data/florian.guillaumey/val2/test/video_109769,24,0.598912
/Data/florian.guillaumey/val2/test/video_109779,23,0.855054
/Data/florian.guillaumey/val2/test/video_109849,7,0.240772
/Data/florian.guillaumey/val2/test/video_109896,15,0.202069
/Data/florian.guillaumey/val2/test/video_109942,22,0.173443
/Data/florian.guillaumey/val2/test/video_109974,22,0.612467
/Data/florian.guillaumey/val2/test/video_109996,1,0.743332
/Data/florian.guillaumey/val2/test/video_11,30,0.446402
/Data/florian.guillaumey/val2/test/video_11000,3,0.778973
/Data/florian.guillaumey/val2/test/video_110045,8,0.736679
/Data/florian.guillaumey/val2/test/video_110088,6,0.903752
/Data/florian.guillaumey/val2/test/video_110097,14,0.314601
/Data/florian.guillaumey/val2/test/video_11014,0,0.472807
/Data/florian.guillaumey/val2/test/video_110144,14,0.856077
/Data/florian.guillaumey/val2/test/video_110227,24,0.581228
/Data/florian.guillaumey/val2/test/video_110265,16,0.806311
/Data/florian.guillaumey/val2/test/video_110277,19,0.486983
/Data/florian.guillaumey/val2/test/video_110306,15,0.862145
/Data/florian.guillaumey/val2/test/video_11033,14,0.211958
/Data/florian.guillaumey/val2/test/video_110357,28,0.369590
/Data/florian.guillaumey/val2/test/video_110415,9,0.524111
/Data/florian.guillaumey/val2/test/video_110429,1,0.878352
/Data/florian.guillaumey/val2/test/video_110466,18,0.589608
/Data/florian.guillaumey/val2/test/video_110538,4,0.835200
/Data/florian.guillaumey/val2/test/video_11062,31,0.705645
/Data/florian.guillaumey/val2/test/video_110636,9,0.633656
/Data/florian.guillaumey/val2/test/video_110644,29,0.921686
/Data/florian.guillaumey/val2/test/video_11065,7,0.917355
/Data/florian.guillaumey/val2/test/video_110652,9,0.571815
/Data/florian.guillaumey/val2/test/video_110729,22,0.639147
/Data/florian.guillaumey/val2/test/video_110739,7,0.896100
/Data/florian.guillaumey/val2/test/video_110771,18,0.426108
/Data/florian.guillaumey/val2/test/video_110787,5,0.716731
/Data/florian.guillaumey/val2/test/video_110810,6,0.828008
/Data/florian.guillaumey/val2/test/video_110831,24,0.452644
/Data/florian.guillaumey/val2/test/video_110834,30,0.272691
/Data/florian.guillaumey/val2/test/video_110914,15,0.307695
/Data/florian.guillaumey/val2/test/video_110960,1,0.554184
/Data/florian.guillaumey/val2/test/video_110981,18,0.596412
/Data/florian.guillaumey/val2/test/video_110984,14,0.501327
/Data/florian.guillaumey/val2/test/video_11102,4,0.652205
/Data/florian.guillaumey/val2/test/video_111051,28,0.439542
/Data/florian.guillaumey/val2/test/video_111096,30,0.681911
/Data/florian.guillaumey/val2/test/video_11110,1,0.435428
/Data/florian.guillaumey/val2/test/video_111126,22,0.378337
/Data/florian.guillaumey/val2/test/video_111133,29,0.100325
/Data/florian.guillaumey/val2/test/video_111136,29,0.718485
/Data/florian.guillaumey/val2/test/video_111139,3,0.414541
/Data/florian.guillaumey/val2/test/video_111399,5,0.095183
/Data/florian.guillaumey/val2/test/video_111462,12,0.604858
/Data/florian.guillaumey/val2/test/video_111481,24,0.445912
/Data/florian.guillaumey/val2/test/video_111485,5,0.788860
/Data/florian.guillaumey/val2/test/video_111498,28,0.134786
/Data/florian.guillaumey/val2/test/video_111571,1,0.276523
/Data/florian.guillaumey/val2/test/video_111572,16,0.779155
/Data/florian.guillaumey/val2/test/video_111577,4,0.852440
/Data/florian.guillaumey/val2/test/video_111611,20,0.231451
/Data/florian.guillaumey/val2/test/video_111617,7,0.838751
/Data/florian.guillaumey/val2/test/video_111622,10,0.420221
/Data/florian.guillaumey/val2/test/video_111669,31,0.591784
/Data/florian.guillaumey/val2/test/video_111685,0,0.870333
/Data/florian.guillaumey/val2/test/video_111715,11,0.703247
/Data/florian.guillaumey/val2/test/video_111734,30,0.891216
/Data/florian.guillaumey/val2/test/video_111760,30,0.878355
/Data/florian.guillaumey/val2/test/video_111776,0,0.308370
/Data/florian.guillaumey/val2/test/video_111779,28,0.878629
/Data/florian.guillaumey/val2/test/video_111782,31,0.294047
/Data/florian.guillaumey/val2/test/video_111865,23,0.804044
/Data/florian.guillaumey/val2/test/video_111916,14,0.458436
/Data/florian.guillaumey/val2/test/video_111917,9,0.679524
/Data/florian.guillaumey/val2/test/video_111951,5,0.927068
/Data/florian.guillaumey/val2/test/video_111956,23,0.764453
/Data/florian.guillaumey/val2/test/video_111980,15,0.673244
/Data/florian.guillaumey/val2/test/video_111982,13,0.225703
/Data/florian.guillaumey/val2/test/video_11202,14,0.548465
/Data/florian.guillaumey/val2/test/video_112036,0,0.369396
/Data/florian.guillaumey/val2/test/video_11205,7,0.601505
/Data/florian.guillaumey/val2/test/video_112062,29,0.482497
/Data/florian.guillaumey/val2/test/video_11207,17,0.337687
/Data/florian.guillaumey/val2/test/video_11208,19,0.531710
/Data/florian.guillaumey/val2/test/video_11211,7,0.827462
/Data/florian.guillaumey/val2/test/video_112115,12,0.794037
/Data/florian.guillaumey/val2/test/video_112127,30,0.398150
/Data/florian.guillaumey/val2/test/video_112138,28,0.580784
/Data/florian.guillaumey/val2/test/video_112145,0,0.226730
/Data/florian.guillaumey/val2/test/video_112190,24,0.214608
/Data/florian.guillaumey/val2/test/video_112203,4,0.335553
/Data/florian.guillaumey/val2/test/video_112219,19,0.510507
/Data/florian.guillaumey/val2/test/video_112242,11,0.403912
/Data/florian.guillaumey/val2/test/video_112249,3,0.760222
/Data/florian.guillaumey/val2/test/video_112323,31,0.886878
/Data/florian.guillaumey/val2/test/video_112355,7,0.871598
/Data/florian.guillaumey/val2/test/video_112359,18,0.822644
/Data/florian.guillaumey/val2/test/video_112384,16,0.694744
/Data/florian.guillaumey/val2/test/video_112398,28,0.550046
/Data/florian.guillaumey/val2/test/video_112439,19,0.513203
/Data/florian.guillaumey/val2/test/video_112446,20,0.858489
/Data/florian.guillaumey/val2/test/video_112473,32,0.879657
/Data/florian.guillaumey/val2/test/video_112520,31,0.787374
/Data/florian.guillaumey/val2/test/video_112526,5,0.247004
/Data/florian.guillaumey/val2/test/video_112562,4,0.923609
/Data/florian.guillaumey/val2/test/video_1126,10,0.652676
/Data/florian.guillaumey/val2/test/video_112623,31,0.322834
/Data/florian.guillaumey/val2/test/video_112625,28,0.624886
/Data/florian.guillaumey/val2/test/video_112634,23,0.321769
/Data/florian.guillaumey/val2/test/video_112652,28,0.392056
/Data/florian.guillaumey/val2/test/video_112693,22,0.520393
/Data/florian.guillaumey/val2/test/video_112700,12,0.863659
/Data/florian.guillaumey/val2/test/video_112729,30,0.766298
/Data/florian.guillaumey/val2/test/video_112875,14,0.613412
/Data/florian.guillaumey/val2/test/video_112887,3,0.899880
/Data/florian.guillaumey/val2/test/video_112888,4,0.931962
/Data/florian.guillaumey/val2/test/video_112914,4,0.883640
/Data/florian.guillaumey/val2/test/video_112950,5,0.533290
/Data/florian.guillaumey/val2/test/video_112960,24,0.212686
/Data/florian.guillaumey/val2/test/video_112973,10,0.750768
/Data/florian.guillaumey/val2/test/video_113032,6,0.826595
/Data/florian.guillaumey/val2/test/video_113037,15,0.523531
/Data/florian.guillaumey/val2/test/video_113039,3,0.133375
/Data/florian.guillaumey/val2/test/video_113118,1,0.530665
/Data/florian.guillaumey/val2/test/video_113150,26,0.559809
/Data/florian.guillaumey/val2/test/video_113183,6,0.787977
/Data/florian.guillaumey/val2/test/video_1132,28,0.324727
/Data/florian.guillaumey/val2/test/video_113218,4,0.786555
/Data/florian.guillaumey/val2/test/video_113255,28,0.562728
/Data/florian.guillaumey/val2/test/video_113256,28,0.864631
/Data/florian.guillaumey/val2/test/video_113299,10,0.631931
/Data/florian.guillaumey/val2/test/video_113310,25,0.485873
/Data/florian.guillaumey/val2/test/video_113400,31,0.419678
/Data/florian.guillaumey/val2/test/video_113452,19,0.501341
/Data/florian.guillaumey/val2/test/video_113518,9,0.720339
/Data/florian.guillaumey/val2/test/video_113546,31,0.315714
/Data/florian.guillaumey/val2/test/video_113560,1,0.907170
/Data/florian.guillaumey/val2/test/video_113605,14,0.466252
/Data/florian.guillaumey/val2/test/video_113665,4,0.728645
/Data/florian.guillaumey/val2/test/video_113671,23,0.851097
/Data/florian.guillaumey/val2/test/video_113754,14,0.874339
/Data/florian.guillaumey/val2/test/video_113819,24,0.902328
/Data/florian.guillaumey/val2/test/video_113835,23,0.420365
/Data/florian.guillaumey/val2/test/video_113841,32,0.622618
/Data/florian.guillaumey/val2/test/video_113891,14,0.406934
/Data/florian.guillaumey/val2/test/video_113900,13,0.497632
/Data/florian.guillaumey/val2/test/video_113956,5,0.182381
/Data/florian.guillaumey/val2/test/video_113967,31,0.681324
/Data/florian.guillaumey/val2/test/video_113985,19,0.659927
/Data/florian.guillaumey/val2/test/video_114021,0,0.578898
/Data/florian.guillaumey/val2/test/video_11403,4,0.295751
/Data/florian.guillaumey/val2/test/video_114051,3,0.751764
/Data/florian.guillaumey/val2/test/video_114167,14,0.812095
/Data/florian.guillaumey/val2/test/video_114189,6,0.903998
/Data/florian.guillaumey/val2/test/video_114197,4,0.605458
/Data/florian.guillaumey/val2/test/video_114208,1,0.597916
/Data/florian.guillaumey/val2/test/video_114223,12,0.421595
/Data/florian.guillaumey/val2/test/video_114259,23,0.458091
/Data/florian.guillaumey/val2/test/video_114288,12,0.746074
/Data/florian.guillaumey/val2/test/video_114292,1,0.152653
/Data/florian.guillaumey/val2/test/video_114302,10,0.895817
/Data/florian.guillaumey/val2/test/video_114353,7,0.292037
/Data/florian.guillaumey/val2/test/video_114369,14,0.591735
/Data/florian.guillaumey/val2/test/video_114388,19,0.203569
/Data/florian.guillaumey/val2/test/video_114391,12,0.794085
/Data/florian.guillaumey/val2/test/video_114395,5,0.743851
/Data/florian.guillaumey/val2/test/video_114420,17,0.232894
/Data/florian.guillaumey/val2/test/video_114464,1,0.849158
/Data/florian.guillaumey/val2/test/video_114483,2,0.848901
/Data/florian.guillaumey/val2/test/video_114498,8,0.417842
/Data/florian.guillaumey/val2/test/video_114519,18,0.785993
/Data/florian.guillaumey/val2/test/video_114531,0,0.789905
/Data/florian.guillaumey/val2/test/video_114559,30,0.254734
/Data/florian.guillaumey/val2/test/video_114587,1,0.569378
/Data/florian.guillaumey/val2/test/video_114598,16,0.441484
/Data/florian.guillaumey/val2/test/video_114604,14,0.449447
/Data/florian.guillaumey/val2/test/video_114623,30,0.377234
/Data/florian.guillaumey/val2/test/video_114643,2,0.351707
/Data/florian.guillaumey/val2/test/video_114684,3,0.451223
/Data/florian.guillaumey/val2/test/video_114713,24,0.278642
/Data/florian.guillaumey/val2/test/video_114801,3,0.433151
/Data/florian.guillaumey/val2/test/video_114831,31,0.124507
/Data/florian.guillaumey/val2/test/video_114882,29,0.183384
/Data/florian.guillaumey/val2/test/video_11489,26,0.175396
/Data/florian.guillaumey/val2/test/video_114919,5,0.888254
/Data/florian.guillaumey/val2/test/video_114936,14,0.523670
/Data/florian.guillaumey/val2/test/video_114952,28,0.870151
/Data/florian.guillaumey/val2/test/video_114963,3,0.896397
/Data/florian.guillaumey/val2/test/video_114970,23,0.800291
/Data/florian.guillaumey/val2/test/video_114984,31,0.261870
/Data/florian.guillaumey/val2/test/video_115029,28,0.897943
/Data/florian.guillaumey/val2/test/video_115065,30,0.910792
/Data/florian.guillaumey/val2/test/video_115077,32,0.863455
/Data/florian.guillaumey/val2/test/video_115179,9,0.513417
/Data/florian.guillaumey/val2/test/video_115199,4,0.469651
/Data/florian.guillaumey/val2/test/video_115298,17,0.439176
/Data/florian.guillaumey/val2/test/video_115317,5,0.297693
/Data/florian.guillaumey/val2/test/video_115318,1,0.511344
/Data/florian.guillaumey/val2/test/video_115328,7,0.787519
/Data/florian.guillaumey/val2/test/video_11534,12,0.788828
/Data/florian.guillaumey/val2/test/video_115340,1,0.472329
/Data/florian.guillaumey/val2/test/video_11535,9,0.849233
/Data/florian.guillaumey/val2/test/video_115363,23,0.376279
/Data/florian.guillaumey/val2/test/video_115366,24,0.209977
/Data/florian.guillaumey/val2/test/video_115388,6,0.877734
/Data/florian.guillaumey/val2/test/video_115415,16,0.625919
/Data/florian.guillaumey/val2/test/video_115442,3,0.674269
/Data/florian.guillaumey/val2/test/video_115466,22,0.340384
/Data/florian.guillaumey/val2/test/video_11547,7,0.665268
/Data/florian.guillaumey/val2/test/video_115476,18,0.455146
/Data/florian.guillaumey/val2/test/video_11549,28,0.631018
/Data/florian.guillaumey/val2/test/video_115537,16,0.417299
/Data/florian.guillaumey/val2/test/video_115558,0,0.187578
/Data/florian.guillaumey/val2/test/video_115598,30,0.719558
/Data/florian.guillaumey/val2/test/video_115603,0,0.810686
/Data/florian.guillaumey/val2/test/video_115695,29,0.487946
/Data/florian.guillaumey/val2/test/video_115696,12,0.871588
/Data/florian.guillaumey/val2/test/video_115760,7,0.905122
/Data/florian.guillaumey/val2/test/video_115769,5,0.761353
/Data/florian.guillaumey/val2/test/video_115785,30,0.322844
/Data/florian.guillaumey/val2/test/video_115787,2,0.456363
/Data/florian.guillaumey/val2/test/video_11579,5,0.368908
/Data/florian.guillaumey/val2/test/video_115798,28,0.468843
/Data/florian.guillaumey/val2/test/video_115801,21,0.317384
/Data/florian.guillaumey/val2/test/video_11583,19,0.406098
/Data/florian.guillaumey/val2/test/video_115838,14,0.834984
/Data/florian.guillaumey/val2/test/video_115941,18,0.379040
/Data/florian.guillaumey/val2/test/video_116039,8,0.867434
/Data/florian.guillaumey/val2/test/video_116089,17,0.723303
/Data/florian.guillaumey/val2/test/video_116101,3,0.890904
/Data/florian.guillaumey/val2/test/video_11611,28,0.629210
/Data/florian.guillaumey/val2/test/video_116187,1,0.760621
/Data/florian.guillaumey/val2/test/video_116215,12,0.457649
/Data/florian.guillaumey/val2/test/video_116225,12,0.698770
/Data/florian.guillaumey/val2/test/video_11630,10,0.221761
/Data/florian.guillaumey/val2/test/video_116408,3,0.906483
/Data/florian.guillaumey/val2/test/video_116409,16,0.555229
/Data/florian.guillaumey/val2/test/video_116426,16,0.648635
/Data/florian.guillaumey/val2/test/video_11645,23,0.521457
/Data/florian.guillaumey/val2/test/video_116505,7,0.825677
/Data/florian.guillaumey/val2/test/video_116542,0,0.854503
/Data/florian.guillaumey/val2/test/video_116556,3,0.900804
/Data/florian.guillaumey/val2/test/video_11656,4,0.595891
/Data/florian.guillaumey/val2/test/video_116577,30,0.853811
/Data/florian.guillaumey/val2/test/video_116587,30,0.355380
/Data/florian.guillaumey/val2/test/video_116599,4,0.263126
/Data/florian.guillaumey/val2/test/video_116628,9,0.488944
/Data/florian.guillaumey/val2/test/video_116649,4,0.287014
/Data/florian.guillaumey/val2/test/video_116678,7,0.309173
/Data/florian.guillaumey/val2/test/video_116703,32,0.711524
/Data/florian.guillaumey/val2/test/video_116752,31,0.205720
/Data/florian.guillaumey/val2/test/video_11685,7,0.823395
/Data/florian.guillaumey/val2/test/video_116890,14,0.709404
/Data/florian.guillaumey/val2/test/video_1169,7,0.662072
/Data/florian.guillaumey/val2/test/video_116908,23,0.897322
/Data/florian.guillaumey/val2/test/video_116937,19,0.223065
/Data/florian.guillaumey/val2/test/video_116994,4,0.174075
/Data/florian.guillaumey/val2/test/video_11701,7,0.409304
/Data/florian.guillaumey/val2/test/video_117122,30,0.316183
/Data/florian.guillaumey/val2/test/video_117176,18,0.386318
/Data/florian.guillaumey/val2/test/video_117181,7,0.133059
/Data/florian.guillaumey/val2/test/video_117259,21,0.858452
/Data/florian.guillaumey/val2/test/video_117275,6,0.859330
/Data/florian.guillaumey/val2/test/video_117365,24,0.407220
/Data/florian.guillaumey/val2/test/video_117405,15,0.592469
/Data/florian.guillaumey/val2/test/video_11743,29,0.878702
/Data/florian.guillaumey/val2/test/video_117476,4,0.823793
/Data/florian.guillaumey/val2/test/video_117496,12,0.915312
/Data/florian.guillaumey/val2/test/video_117503,29,0.444753
/Data/florian.guillaumey/val2/test/video_117522,10,0.255298
/Data/florian.guillaumey/val2/test/video_117529,25,0.209266
/Data/florian.guillaumey/val2/test/video_117542,24,0.214700
/Data/florian.guillaumey/val2/test/video_117545,14,0.256973
/Data/florian.guillaumey/val2/test/video_117580,1,0.156428
/Data/florian.guillaumey/val2/test/video_117607,11,0.648014
/Data/florian.guillaumey/val2/test/video_117632,9,0.468047
/Data/florian.guillaumey/val2/test/video_117657,23,0.421510
/Data/florian.guillaumey/val2/test/video_11767,10,0.301685
/Data/florian.guillaumey/val2/test/video_117709,4,0.230279
/Data/florian.guillaumey/val2/test/video_117737,29,0.167293
/Data/florian.guillaumey/val2/test/video_117783,6,0.852919
/Data/florian.guillaumey/val2/test/video_117795,32,0.386434
/Data/florian.guillaumey/val2/test/video_117812,29,0.886829
/Data/florian.guillaumey/val2/test/video_117834,18,0.832563
/Data/florian.guillaumey/val2/test/video_11784,24,0.571743
/Data/florian.guillaumey/val2/test/video_11803,13,0.592159
/Data/florian.guillaumey/val2/test/video_118034,2,0.778270
/Data/florian.guillaumey/val2/test/video_118050,18,0.427008
/Data/florian.guillaumey/val2/test/video_118060,19,0.506020
/Data/florian.guillaumey/val2/test/video_118063,24,0.251165
/Data/florian.guillaumey/val2/test/video_118081,30,0.895623
/Data/florian.guillaumey/val2/test/video_118098,3,0.429807
/Data/florian.guillaumey/val2/test/video_118127,6,0.439509
/Data/florian.guillaumey/val2/test/video_118147,3,0.423915
/Data/florian.guillaumey/val2/test/video_11815,6,0.850521
/Data/florian.guillaumey/val2/test/video_118157,1,0.433398
/Data/florian.guillaumey/val2/test/video_118198,1,0.184593
/Data/florian.guillaumey/val2/test/video_118200,22,0.369096
/Data/florian.guillaumey/val2/test/video_118215,1,0.515309
/Data/florian.guillaumey/val2/test/video_118226,19,0.549429
/Data/florian.guillaumey/val2/test/video_118249,12,0.897359
/Data/florian.guillaumey/val2/test/video_118263,1,0.136538
/Data/florian.guillaumey/val2/test/video_118330,7,0.741933
/Data/florian.guillaumey/val2/test/video_118334,3,0.850341
/Data/florian.guillaumey/val2/test/video_118337,10,0.620159
/Data/florian.guillaumey/val2/test/video_118351,22,0.417628
/Data/florian.guillaumey/val2/test/video_118390,5,0.780307
/Data/florian.guillaumey/val2/test/video_118453,31,0.826202
/Data/florian.guillaumey/val2/test/video_118513,7,0.864191
/Data/florian.guillaumey/val2/test/video_118519,12,0.594703
/Data/florian.guillaumey/val2/test/video_118522,28,0.249918
/Data/florian.guillaumey/val2/test/video_118534,1,0.176816
/Data/florian.guillaumey/val2/test/video_118548,23,0.894589
/Data/florian.guillaumey/val2/test/video_118599,4,0.938247
/Data/florian.guillaumey/val2/test/video_118630,4,0.784321
/Data/florian.guillaumey/val2/test/video_118659,6,0.858899
/Data/florian.guillaumey/val2/test/video_118665,23,0.310640
/Data/florian.guillaumey/val2/test/video_118669,14,0.293963
/Data/florian.guillaumey/val2/test/video_118683,26,0.144391
/Data/florian.guillaumey/val2/test/video_118754,13,0.545129
/Data/florian.guillaumey/val2/test/video_118765,18,0.714988
/Data/florian.guillaumey/val2/test/video_118823,22,0.610173
/Data/florian.guillaumey/val2/test/video_11886,11,0.392013
/Data/florian.guillaumey/val2/test/video_118866,24,0.371673
/Data/florian.guillaumey/val2/test/video_118883,0,0.344588
/Data/florian.guillaumey/val2/test/video_118916,10,0.642806
/Data/florian.guillaumey/val2/test/video_118928,12,0.850428
/Data/florian.guillaumey/val2/test/video_118951,14,0.392791
/Data/florian.guillaumey/val2/test/video_118952,30,0.472692
/Data/florian.guillaumey/val2/test/video_119006,18,0.515438
/Data/florian.guillaumey/val2/test/video_11901,15,0.675883
/Data/florian.guillaumey/val2/test/video_119011,28,0.860374
/Data/florian.guillaumey/val2/test/video_119036,31,0.692658
/Data/florian.guillaumey/val2/test/video_119093,16,0.701216
/Data/florian.guillaumey/val2/test/video_11912,18,0.643943
/Data/florian.guillaumey/val2/test/video_119127,9,0.919212
/Data/florian.guillaumey/val2/test/video_119150,28,0.769159
/Data/florian.guillaumey/val2/test/video_11919,17,0.871119
/Data/florian.guillaumey/val2/test/video_119202,12,0.558050
/Data/florian.guillaumey/val2/test/video_119221,30,0.768995
/Data/florian.guillaumey/val2/test/video_119226,17,0.532891
/Data/florian.guillaumey/val2/test/video_119248,10,0.635195
/Data/florian.guillaumey/val2/test/video_119290,9,0.813232
/Data/florian.guillaumey/val2/test/video_119299,11,0.509909
/Data/florian.guillaumey/val2/test/video_119309,9,0.595650
/Data/florian.guillaumey/val2/test/video_119315,13,0.573686
/Data/florian.guillaumey/val2/test/video_119363,2,0.410133
/Data/florian.guillaumey/val2/test/video_119385,12,0.559382
/Data/florian.guillaumey/val2/test/video_119389,0,0.748172
/Data/florian.guillaumey/val2/test/video_119393,30,0.907422
/Data/florian.guillaumey/val2/test/video_119399,3,0.886781
/Data/florian.guillaumey/val2/test/video_11941,4,0.480619
/Data/florian.guillaumey/val2/test/video_119490,3,0.808782
/Data/florian.guillaumey/val2/test/video_11950,1,0.389742
/Data/florian.guillaumey/val2/test/video_119574,7,0.359112
/Data/florian.guillaumey/val2/test/video_119577,23,0.258767
/Data/florian.guillaumey/val2/test/video_119583,8,0.399551
/Data/florian.guillaumey/val2/test/video_119586,31,0.450833
/Data/florian.guillaumey/val2/test/video_119591,21,0.875404
/Data/florian.guillaumey/val2/test/video_119618,4,0.910435
/Data/florian.guillaumey/val2/test/video_119665,5,0.260302
/Data/florian.guillaumey/val2/test/video_11972,1,0.712072
/Data/florian.guillaumey/val2/test/video_119725,28,0.883036
/Data/florian.guillaumey/val2/test/video_119738,31,0.301798
/Data/florian.guillaumey/val2/test/video_119741,12,0.550384
/Data/florian.guillaumey/val2/test/video_119788,19,0.433679
/Data/florian.guillaumey/val2/test/video_119804,24,0.259517
/Data/florian.guillaumey/val2/test/video_119876,4,0.313187
/Data/florian.guillaumey/val2/test/video_119893,16,0.175045
/Data/florian.guillaumey/val2/test/video_119967,2,0.371149
/Data/florian.guillaumey/val2/test/video_11997,9,0.148670
/Data/florian.guillaumey/val2/test/video_119996,1,0.888927
/Data/florian.guillaumey/val2/test/video_120039,30,0.408768
/Data/florian.guillaumey/val2/test/video_120075,16,0.717668
/Data/florian.guillaumey/val2/test/video_120104,31,0.523229
/Data/florian.guillaumey/val2/test/video_120118,24,0.227437
/Data/florian.guillaumey/val2/test/video_120170,29,0.146298
/Data/florian.guillaumey/val2/test/video_120194,14,0.784354
/Data/florian.guillaumey/val2/test/video_120234,10,0.321517
/Data/florian.guillaumey/val2/test/video_120236,1,0.595116
/Data/florian.guillaumey/val2/test/video_120251,6,0.287837
/Data/florian.guillaumey/val2/test/video_120257,28,0.878406
/Data/florian.guillaumey/val2/test/video_120281,23,0.830772
/Data/florian.guillaumey/val2/test/video_120304,24,0.126680
/Data/florian.guillaumey/val2/test/video_120325,23,0.856544
/Data/florian.guillaumey/val2/test/video_120326,15,0.808384
/Data/florian.guillaumey/val2/test/video_120327,24,0.566204
/Data/florian.guillaumey/val2/test/video_12036,30,0.455644
/Data/florian.guillaumey/val2/test/video_120390,22,0.297650
/Data/florian.guillaumey/val2/test/video_120428,4,0.499480
/Data/florian.guillaumey/val2/test/video_12044,29,0.527588
/Data/florian.guillaumey/val2/test/video_120449,3,0.737065
/Data/florian.guillaumey/val2/test/video_120451,14,0.723261
/Data/florian.guillaumey/val2/test/video_120513,16,0.404152
/Data/florian.guillaumey/val2/test/video_120634,17,0.274870
/Data/florian.guillaumey/val2/test/video_120717,4,0.358185
/Data/florian.guillaumey/val2/test/video_120732,3,0.872862
/Data/florian.guillaumey/val2/test/video_120746,14,0.328485
/Data/florian.guillaumey/val2/test/video_120778,3,0.739722
/Data/florian.guillaumey/val2/test/video_120792,16,0.301366
/Data/florian.guillaumey/val2/test/video_120814,5,0.878361
/Data/florian.guillaumey/val2/test/video_120836,0,0.802987
/Data/florian.guillaumey/val2/test/video_12091,1,0.805091
/Data/florian.guillaumey/val2/test/video_120958,30,0.699949
/Data/florian.guillaumey/val2/test/video_121018,9,0.890156
/Data/florian.guillaumey/val2/test/video_121019,30,0.893137
/Data/florian.guillaumey/val2/test/video_121050,8,0.723687
/Data/florian.guillaumey/val2/test/video_121082,12,0.872742
/Data/florian.guillaumey/val2/test/video_121102,29,0.749205
/Data/florian.guillaumey/val2/test/video_121182,15,0.744825
/Data/florian.guillaumey/val2/test/video_121186,2,0.465581
/Data/florian.guillaumey/val2/test/video_121207,14,0.311435
/Data/florian.guillaumey/val2/test/video_121219,3,0.753248
/Data/florian.guillaumey/val2/test/video_121250,4,0.405028
/Data/florian.guillaumey/val2/test/video_121275,24,0.425894
/Data/florian.guillaumey/val2/test/video_121278,31,0.376967
/Data/florian.guillaumey/val2/test/video_121292,9,0.357352
/Data/florian.guillaumey/val2/test/video_121296,32,0.807806
/Data/florian.guillaumey/val2/test/video_121298,23,0.874300
/Data/florian.guillaumey/val2/test/video_121307,18,0.470601
/Data/florian.guillaumey/val2/test/video_12131,23,0.881599
/Data/florian.guillaumey/val2/test/video_121325,0,0.622366
/Data/florian.guillaumey/val2/test/video_121326,5,0.157070
/Data/florian.guillaumey/val2/test/video_121380,20,0.458948
/Data/florian.guillaumey/val2/test/video_12141,15,0.206481
/Data/florian.guillaumey/val2/test/video_12142,12,0.743881
/Data/florian.guillaumey/val2/test/video_121493,31,0.465904
/Data/florian.guillaumey/val2/test/video_121514,5,0.640995
/Data/florian.guillaumey/val2/test/video_121522,31,0.850856
/Data/florian.guillaumey/val2/test/video_121532,12,0.697030
/Data/florian.guillaumey/val2/test/video_121539,31,0.334686
/Data/florian.guillaumey/val2/test/video_121550,23,0.873629
/Data/florian.guillaumey/val2/test/video_12157,15,0.541298
/Data/florian.guillaumey/val2/test/video_121635,24,0.126396
/Data/florian.guillaumey/val2/test/video_121695,14,0.740227
/Data/florian.guillaumey/val2/test/video_12170,13,0.425254
/Data/florian.guillaumey/val2/test/video_121702,18,0.724663
/Data/florian.guillaumey/val2/test/video_121720,30,0.848169
/Data/florian.guillaumey/val2/test/video_121758,4,0.271303
/Data/florian.guillaumey/val2/test/video_121771,31,0.529016
/Data/florian.guillaumey/val2/test/video_121777,6,0.862104
/Data/florian.guillaumey/val2/test/video_121788,28,0.267588
/Data/florian.guillaumey/val2/test/video_121789,4,0.924077
/Data/florian.guillaumey/val2/test/video_121820,28,0.174563
/Data/florian.guillaumey/val2/test/video_121900,30,0.755998
/Data/florian.guillaumey/val2/test/video_121901,22,0.267256
/Data/florian.guillaumey/val2/test/video_122044,29,0.658297
/Data/florian.guillaumey/val2/test/video_122080,4,0.892325
/Data/florian.guillaumey/val2/test/video_122086,31,0.519665
/Data/florian.guillaumey/val2/test/video_122105,7,0.831043
/Data/florian.guillaumey/val2/test/video_122168,4,0.465193
/Data/florian.guillaumey/val2/test/video_12217,14,0.530304
/Data/florian.guillaumey/val2/test/video_12218,1,0.898474
/Data/florian.guillaumey/val2/test/video_122204,29,0.350617
/Data/florian.guillaumey/val2/test/video_122209,23,0.865305
/Data/florian.guillaumey/val2/test/video_122217,0,0.288112
/Data/florian.guillaumey/val2/test/video_12234,23,0.249447
/Data/florian.guillaumey/val2/test/video_12236,12,0.457649
/Data/florian.guillaumey/val2/test/video_122415,25,0.620682
/Data/florian.guillaumey/val2/test/video_122422,31,0.870948
/Data/florian.guillaumey/val2/test/video_122504,12,0.853056
/Data/florian.guillaumey/val2/test/video_122516,2,0.868736
/Data/florian.guillaumey/val2/test/video_12256,10,0.680370
/Data/florian.guillaumey/val2/test/video_122572,8,0.893808
/Data/florian.guillaumey/val2/test/video_122574,21,0.719644
/Data/florian.guillaumey/val2/test/video_122599,29,0.795935
/Data/florian.guillaumey/val2/test/video_12262,12,0.883355
/Data/florian.guillaumey/val2/test/video_122649,24,0.204968
/Data/florian.guillaumey/val2/test/video_122651,32,0.851637
/Data/florian.guillaumey/val2/test/video_122662,20,0.396645
/Data/florian.guillaumey/val2/test/video_122688,3,0.894300
/Data/florian.guillaumey/val2/test/video_122710,12,0.757366
/Data/florian.guillaumey/val2/test/video_122797,32,0.799295
/Data/florian.guillaumey/val2/test/video_12283,9,0.914906
/Data/florian.guillaumey/val2/test/video_122845,4,0.622906
/Data/florian.guillaumey/val2/test/video_122846,23,0.291213
/Data/florian.guillaumey/val2/test/video_122860,30,0.842683
/Data/florian.guillaumey/val2/test/video_122917,4,0.444057
/Data/florian.guillaumey/val2/test/video_123008,14,0.188862
/Data/florian.guillaumey/val2/test/video_12302,30,0.663464
/Data/florian.guillaumey/val2/test/video_123077,24,0.429986
/Data/florian.guillaumey/val2/test/video_12308,5,0.361830
/Data/florian.guillaumey/val2/test/video_123082,5,0.859356
/Data/florian.guillaumey/val2/test/video_123090,5,0.342724
/Data/florian.guillaumey/val2/test/video_123093,2,0.603823
/Data/florian.guillaumey/val2/test/video_123123,22,0.406068
/Data/florian.guillaumey/val2/test/video_123128,6,0.686599
/Data/florian.guillaumey/val2/test/video_123138,21,0.814228
/Data/florian.guillaumey/val2/test/video_123222,9,0.610051
/Data/florian.guillaumey/val2/test/video_123223,12,0.804422
/Data/florian.guillaumey/val2/test/video_123234,30,0.538653
/Data/florian.guillaumey/val2/test/video_123242,5,0.470583
/Data/florian.guillaumey/val2/test/video_123244,4,0.773063
/Data/florian.guillaumey/val2/test/video_123256,32,0.844011
/Data/florian.guillaumey/val2/test/video_12328,32,0.832907
/Data/florian.guillaumey/val2/test/video_123313,30,0.690952
/Data/florian.guillaumey/val2/test/video_123343,16,0.639501
/Data/florian.guillaumey/val2/test/video_123402,3,0.247958
/Data/florian.guillaumey/val2/test/video_123408,18,0.408126
/Data/florian.guillaumey/val2/test/video_123435,15,0.821738
/Data/florian.guillaumey/val2/test/video_123443,20,0.345861
/Data/florian.guillaumey/val2/test/video_123483,10,0.921025
/Data/florian.guillaumey/val2/test/video_123495,3,0.326674
/Data/florian.guillaumey/val2/test/video_123545,23,0.291798
/Data/florian.guillaumey/val2/test/video_123561,18,0.350347
/Data/florian.guillaumey/val2/test/video_123599,2,0.537793
/Data/florian.guillaumey/val2/test/video_12360,32,0.853294
/Data/florian.guillaumey/val2/test/video_123643,15,0.438965
/Data/florian.guillaumey/val2/test/video_123707,28,0.510054
/Data/florian.guillaumey/val2/test/video_123717,13,0.833602
/Data/florian.guillaumey/val2/test/video_123726,10,0.597206
/Data/florian.guillaumey/val2/test/video_123732,3,0.459824
/Data/florian.guillaumey/val2/test/video_123788,28,0.821905
/Data/florian.guillaumey/val2/test/video_12381,17,0.390748
/Data/florian.guillaumey/val2/test/video_123857,30,0.836699
/Data/florian.guillaumey/val2/test/video_12393,5,0.640690
/Data/florian.guillaumey/val2/test/video_123963,2,0.514160
/Data/florian.guillaumey/val2/test/video_123971,32,0.468021
/Data/florian.guillaumey/val2/test/video_124002,21,0.891308
/Data/florian.guillaumey/val2/test/video_124018,23,0.923583
/Data/florian.guillaumey/val2/test/video_124021,7,0.198085
/Data/florian.guillaumey/val2/test/video_124033,12,0.507017
/Data/florian.guillaumey/val2/test/video_124034,9,0.834243
/Data/florian.guillaumey/val2/test/video_124077,3,0.217446
/Data/florian.guillaumey/val2/test/video_124091,11,0.213425
/Data/florian.guillaumey/val2/test/video_12411,17,0.443129
/Data/florian.guillaumey/val2/test/video_124190,13,0.530511
/Data/florian.guillaumey/val2/test/video_124252,3,0.862907
/Data/florian.guillaumey/val2/test/video_124281,28,0.286719
/Data/florian.guillaumey/val2/test/video_124313,4,0.413632
/Data/florian.guillaumey/val2/test/video_124345,18,0.189908
/Data/florian.guillaumey/val2/test/video_124366,8,0.808996
/Data/florian.guillaumey/val2/test/video_124375,30,0.566390
/Data/florian.guillaumey/val2/test/video_124380,15,0.538626
/Data/florian.guillaumey/val2/test/video_12446,20,0.484251
/Data/florian.guillaumey/val2/test/video_124469,28,0.892053
/Data/florian.guillaumey/val2/test/video_124481,0,0.344751
/Data/florian.guillaumey/val2/test/video_124482,22,0.766294
/Data/florian.guillaumey/val2/test/video_124589,9,0.424626
/Data/florian.guillaumey/val2/test/video_124592,31,0.415553
/Data/florian.guillaumey/val2/test/video_1246,31,0.426827
/Data/florian.guillaumey/val2/test/video_124612,17,0.373160
/Data/florian.guillaumey/val2/test/video_12466,14,0.861465
/Data/florian.guillaumey/val2/test/video_124723,12,0.746818
/Data/florian.guillaumey/val2/test/video_124724,19,0.732873
/Data/florian.guillaumey/val2/test/video_124736,4,0.441465
/Data/florian.guillaumey/val2/test/video_124751,15,0.261221
/Data/florian.guillaumey/val2/test/video_124818,3,0.864959
/Data/florian.guillaumey/val2/test/video_124826,12,0.708739
/Data/florian.guillaumey/val2/test/video_124923,13,0.428197
/Data/florian.guillaumey/val2/test/video_124933,14,0.333162
/Data/florian.guillaumey/val2/test/video_124980,14,0.369325
/Data/florian.guillaumey/val2/test/video_124999,12,0.604368
/Data/florian.guillaumey/val2/test/video_125008,18,0.457257
/Data/florian.guillaumey/val2/test/video_125019,12,0.777902
/Data/florian.guillaumey/val2/test/video_125028,30,0.834163
/Data/florian.guillaumey/val2/test/video_125094,8,0.716485
/Data/florian.guillaumey/val2/test/video_125164,15,0.395062
/Data/florian.guillaumey/val2/test/video_125179,19,0.635448
/Data/florian.guillaumey/val2/test/video_125203,24,0.392897
/Data/florian.guillaumey/val2/test/video_125275,12,0.927697
/Data/florian.guillaumey/val2/test/video_125362,10,0.467936
/Data/florian.guillaumey/val2/test/video_125460,23,0.848001
/Data/florian.guillaumey/val2/test/video_125492,7,0.899771
/Data/florian.guillaumey/val2/test/video_125504,30,0.546858
/Data/florian.guillaumey/val2/test/video_125539,0,0.712485
/Data/florian.guillaumey/val2/test/video_125554,3,0.890189
/Data/florian.guillaumey/val2/test/video_125561,31,0.392499
/Data/florian.guillaumey/val2/test/video_125596,14,0.269236
/Data/florian.guillaumey/val2/test/video_125612,14,0.275630
/Data/florian.guillaumey/val2/test/video_125613,30,0.715707
/Data/florian.guillaumey/val2/test/video_125665,3,0.878457
/Data/florian.guillaumey/val2/test/video_125666,30,0.705308
/Data/florian.guillaumey/val2/test/video_125759,20,0.247562
/Data/florian.guillaumey/val2/test/video_125843,28,0.164368
/Data/florian.guillaumey/val2/test/video_125876,23,0.797463
/Data/florian.guillaumey/val2/test/video_12590,5,0.803617
/Data/florian.guillaumey/val2/test/video_125917,6,0.810635
/Data/florian.guillaumey/val2/test/video_126002,14,0.340644
/Data/florian.guillaumey/val2/test/video_126005,16,0.461580
/Data/florian.guillaumey/val2/test/video_126016,22,0.597830
/Data/florian.guillaumey/val2/test/video_126037,12,0.680158
/Data/florian.guillaumey/val2/test/video_126088,3,0.704778
/Data/florian.guillaumey/val2/test/video_126118,28,0.804110
/Data/florian.guillaumey/val2/test/video_126190,32,0.832610
/Data/florian.guillaumey/val2/test/video_126192,21,0.846014
/Data/florian.guillaumey/val2/test/video_126275,23,0.297832
/Data/florian.guillaumey/val2/test/video_126354,7,0.809510
/Data/florian.guillaumey/val2/test/video_126366,18,0.662909
/Data/florian.guillaumey/val2/test/video_126372,23,0.472737
/Data/florian.guillaumey/val2/test/video_126388,23,0.899061
/Data/florian.guillaumey/val2/test/video_126391,10,0.864525
/Data/florian.guillaumey/val2/test/video_12641,28,0.311912
/Data/florian.guillaumey/val2/test/video_126422,10,0.414686
/Data/florian.guillaumey/val2/test/video_126493,2,0.456969
/Data/florian.guillaumey/val2/test/video_126527,4,0.576296
/Data/florian.guillaumey/val2/test/video_126536,3,0.898664
/Data/florian.guillaumey/val2/test/video_126544,30,0.878321
/Data/florian.guillaumey/val2/test/video_126568,12,0.721375
/Data/florian.guillaumey/val2/test/video_126579,7,0.477705
/Data/florian.guillaumey/val2/test/video_126636,9,0.610979
/Data/florian.guillaumey/val2/test/video_12664,8,0.455676
/Data/florian.guillaumey/val2/test/video_126651,5,0.394339
/Data/florian.guillaumey/val2/test/video_126714,16,0.254777
/Data/florian.guillaumey/val2/test/video_126778,4,0.363659
/Data/florian.guillaumey/val2/test/video_126785,12,0.870908
/Data/florian.guillaumey/val2/test/video_126802,7,0.744167
/Data/florian.guillaumey/val2/test/video_12683,0,0.482143
/Data/florian.guillaumey/val2/test/video_126869,3,0.908496
/Data/florian.guillaumey/val2/test/video_126888,0,0.382817
/Data/florian.guillaumey/val2/test/video_126911,8,0.836083
/Data/florian.guillaumey/val2/test/video_12694,18,0.445960
/Data/florian.guillaumey/val2/test/video_126969,14,0.356744
/Data/florian.guillaumey/val2/test/video_126976,30,0.183538
/Data/florian.guillaumey/val2/test/video_126984,32,0.127605
/Data/florian.guillaumey/val2/test/video_127095,12,0.713434
/Data/florian.guillaumey/val2/test/video_12712,15,0.644565
/Data/florian.guillaumey/val2/test/video_127127,5,0.242949
/Data/florian.guillaumey/val2/test/video_127130,18,0.699601
/Data/florian.guillaumey/val2/test/video_127302,32,0.133547
/Data/florian.guillaumey/val2/test/video_127355,0,0.852404
/Data/florian.guillaumey/val2/test/video_127445,30,0.890627
/Data/florian.guillaumey/val2/test/video_127502,16,0.593366
/Data/florian.guillaumey/val2/test/video_127541,22,0.363567
/Data/florian.guillaumey/val2/test/video_127547,4,0.298678
/Data/florian.guillaumey/val2/test/video_127558,8,0.746626
/Data/florian.guillaumey/val2/test/video_1276,0,0.654405
/Data/florian.guillaumey/val2/test/video_127614,30,0.311829
/Data/florian.guillaumey/val2/test/video_127731,8,0.556749
/Data/florian.guillaumey/val2/test/video_127735,31,0.788845
/Data/florian.guillaumey/val2/test/video_127745,31,0.694009
/Data/florian.guillaumey/val2/test/video_127808,30,0.833928
/Data/florian.guillaumey/val2/test/video_127820,14,0.541894
/Data/florian.guillaumey/val2/test/video_127845,14,0.501137
/Data/florian.guillaumey/val2/test/video_127892,24,0.830163
/Data/florian.guillaumey/val2/test/video_127898,12,0.620466
/Data/florian.guillaumey/val2/test/video_127922,32,0.851687
/Data/florian.guillaumey/val2/test/video_12797,12,0.288499
/Data/florian.guillaumey/val2/test/video_127979,32,0.651582
/Data/florian.guillaumey/val2/test/video_128000,14,0.715524
/Data/florian.guillaumey/val2/test/video_128010,12,0.802506
/Data/florian.guillaumey/val2/test/video_128040,4,0.595003
/Data/florian.guillaumey/val2/test/video_128111,4,0.913620
/Data/florian.guillaumey/val2/test/video_128134,28,0.489352
/Data/florian.guillaumey/val2/test/video_128190,31,0.743046
/Data/florian.guillaumey/val2/test/video_128195,32,0.890256
/Data/florian.guillaumey/val2/test/video_128244,18,0.338511
/Data/florian.guillaumey/val2/test/video_128274,2,0.776362
/Data/florian.guillaumey/val2/test/video_128329,5,0.115376
/Data/florian.guillaumey/val2/test/video_128331,12,0.447699
/Data/florian.guillaumey/val2/test/video_128358,6,0.731947
/Data/florian.guillaumey/val2/test/video_128366,12,0.847732
/Data/florian.guillaumey/val2/test/video_128370,28,0.662735
/Data/florian.guillaumey/val2/test/video_128392,30,0.284451
/Data/florian.guillaumey/val2/test/video_128409,25,0.316779
/Data/florian.guillaumey/val2/test/video_128414,16,0.946739
/Data/florian.guillaumey/val2/test/video_128459,2,0.203346
/Data/florian.guillaumey/val2/test/video_128484,31,0.334677
/Data/florian.guillaumey/val2/test/video_128580,3,0.838050
/Data/florian.guillaumey/val2/test/video_128590,4,0.271241
/Data/florian.guillaumey/val2/test/video_128605,29,0.260578
/Data/florian.guillaumey/val2/test/video_128668,16,0.199276
/Data/florian.guillaumey/val2/test/video_128686,1,0.893282
/Data/florian.guillaumey/val2/test/video_128689,0,0.693719
/Data/florian.guillaumey/val2/test/video_128705,28,0.597991
/Data/florian.guillaumey/val2/test/video_128711,28,0.470130
/Data/florian.guillaumey/val2/test/video_128716,1,0.708211
/Data/florian.guillaumey/val2/test/video_128723,7,0.660184
/Data/florian.guillaumey/val2/test/video_128729,31,0.716396
/Data/florian.guillaumey/val2/test/video_128730,3,0.303294
/Data/florian.guillaumey/val2/test/video_128761,4,0.508814
/Data/florian.guillaumey/val2/test/video_128770,3,0.829554
/Data/florian.guillaumey/val2/test/video_128799,12,0.566029
/Data/florian.guillaumey/val2/test/video_128826,28,0.910876
/Data/florian.guillaumey/val2/test/video_128895,5,0.411144
/Data/florian.guillaumey/val2/test/video_128901,30,0.878625
/Data/florian.guillaumey/val2/test/video_128911,2,0.782672
/Data/florian.guillaumey/val2/test/video_128961,10,0.608358
/Data/florian.guillaumey/val2/test/video_128964,23,0.481112
/Data/florian.guillaumey/val2/test/video_128973,20,0.876681
/Data/florian.guillaumey/val2/test/video_128977,12,0.791859
/Data/florian.guillaumey/val2/test/video_129001,5,0.752110
/Data/florian.guillaumey/val2/test/video_12901,6,0.875995
/Data/florian.guillaumey/val2/test/video_129059,23,0.890758
/Data/florian.guillaumey/val2/test/video_12908,16,0.329176
/Data/florian.guillaumey/val2/test/video_12909,7,0.874671
/Data/florian.guillaumey/val2/test/video_129096,28,0.446185
/Data/florian.guillaumey/val2/test/video_129128,23,0.770434
/Data/florian.guillaumey/val2/test/video_129136,1,0.377890
/Data/florian.guillaumey/val2/test/video_129148,2,0.806029
/Data/florian.guillaumey/val2/test/video_129171,28,0.468121
/Data/florian.guillaumey/val2/test/video_12918,12,0.870156
/Data/florian.guillaumey/val2/test/video_129283,30,0.295416
/Data/florian.guillaumey/val2/test/video_129297,28,0.654648
/Data/florian.guillaumey/val2/test/video_1293,18,0.602609
/Data/florian.guillaumey/val2/test/video_129370,10,0.912154
/Data/florian.guillaumey/val2/test/video_129377,2,0.718826
/Data/florian.guillaumey/val2/test/video_12939,5,0.439187
/Data/florian.guillaumey/val2/test/video_129400,18,0.807972
/Data/florian.guillaumey/val2/test/video_129401,31,0.648454
/Data/florian.guillaumey/val2/test/video_12941,4,0.729774
/Data/florian.guillaumey/val2/test/video_129420,30,0.527978
/Data/florian.guillaumey/val2/test/video_129423,15,0.313904
/Data/florian.guillaumey/val2/test/video_129451,14,0.336307
/Data/florian.guillaumey/val2/test/video_129493,32,0.307542
/Data/florian.guillaumey/val2/test/video_129513,14,0.466559
/Data/florian.guillaumey/val2/test/video_129536,10,0.323367
/Data/florian.guillaumey/val2/test/video_129546,5,0.599573
/Data/florian.guillaumey/val2/test/video_129553,6,0.669213
/Data/florian.guillaumey/val2/test/video_12957,30,0.332730
/Data/florian.guillaumey/val2/test/video_129595,29,0.821356
/Data/florian.guillaumey/val2/test/video_129597,7,0.891477
/Data/florian.guillaumey/val2/test/video_129662,24,0.857872
/Data/florian.guillaumey/val2/test/video_129666,5,0.464381
/Data/florian.guillaumey/val2/test/video_12970,30,0.441629
/Data/florian.guillaumey/val2/test/video_129708,10,0.780486
/Data/florian.guillaumey/val2/test/video_129748,16,0.279308
/Data/florian.guillaumey/val2/test/video_129750,30,0.769820
/Data/florian.guillaumey/val2/test/video_129761,15,0.855239
/Data/florian.guillaumey/val2/test/video_129772,28,0.868108
/Data/florian.guillaumey/val2/test/video_129810,30,0.855493
/Data/florian.guillaumey/val2/test/video_12982,12,0.302274
/Data/florian.guillaumey/val2/test/video_129896,23,0.275749
/Data/florian.guillaumey/val2/test/video_12991,12,0.603302
/Data/florian.guillaumey/val2/test/video_129936,10,0.743183
/Data/florian.guillaumey/val2/test/video_129973,23,0.895540
/Data/florian.guillaumey/val2/test/video_13,16,0.572115
/Data/florian.guillaumey/val2/test/video_13002,4,0.523431
/Data/florian.guillaumey/val2/test/video_130035,29,0.285773
/Data/florian.guillaumey/val2/test/video_13009,6,0.861253
/Data/florian.guillaumey/val2/test/video_130148,14,0.286161
/Data/florian.guillaumey/val2/test/video_130160,5,0.774855
/Data/florian.guillaumey/val2/test/video_130219,24,0.452295
/Data/florian.guillaumey/val2/test/video_130253,15,0.928294
/Data/florian.guillaumey/val2/test/video_130265,5,0.478355
/Data/florian.guillaumey/val2/test/video_130276,8,0.460628
/Data/florian.guillaumey/val2/test/video_130280,24,0.329109
/Data/florian.guillaumey/val2/test/video_130297,8,0.445285
/Data/florian.guillaumey/val2/test/video_130314,8,0.715308
/Data/florian.guillaumey/val2/test/video_130324,3,0.834802
/Data/florian.guillaumey/val2/test/video_13035,5,0.394948
/Data/florian.guillaumey/val2/test/video_130358,7,0.894484
/Data/florian.guillaumey/val2/test/video_130360,28,0.295483
/Data/florian.guillaumey/val2/test/video_130403,7,0.201217
/Data/florian.guillaumey/val2/test/video_130410,28,0.264886
/Data/florian.guillaumey/val2/test/video_130415,5,0.788912
/Data/florian.guillaumey/val2/test/video_130447,3,0.440359
/Data/florian.guillaumey/val2/test/video_130459,31,0.837947
/Data/florian.guillaumey/val2/test/video_130489,14,0.808498
/Data/florian.guillaumey/val2/test/video_13049,9,0.886024
/Data/florian.guillaumey/val2/test/video_130495,4,0.493651
/Data/florian.guillaumey/val2/test/video_130513,5,0.541649
/Data/florian.guillaumey/val2/test/video_13052,7,0.722937
/Data/florian.guillaumey/val2/test/video_130558,24,0.184176
/Data/florian.guillaumey/val2/test/video_130565,2,0.922695
/Data/florian.guillaumey/val2/test/video_130675,4,0.487961
/Data/florian.guillaumey/val2/test/video_130716,25,0.619497
/Data/florian.guillaumey/val2/test/video_130723,24,0.519167
/Data/florian.guillaumey/val2/test/video_130766,5,0.208547
/Data/florian.guillaumey/val2/test/video_130796,14,0.913096
/Data/florian.guillaumey/val2/test/video_130806,12,0.740493
/Data/florian.guillaumey/val2/test/video_130847,1,0.815828
/Data/florian.guillaumey/val2/test/video_130864,13,0.307926
/Data/florian.guillaumey/val2/test/video_130894,28,0.514906
/Data/florian.guillaumey/val2/test/video_130938,18,0.363921
/Data/florian.guillaumey/val2/test/video_130940,29,0.615885
/Data/florian.guillaumey/val2/test/video_13104,28,0.806626
/Data/florian.guillaumey/val2/test/video_131067,3,0.419259
/Data/florian.guillaumey/val2/test/video_131070,12,0.807244
/Data/florian.guillaumey/val2/test/video_131191,20,0.801366
/Data/florian.guillaumey/val2/test/video_131201,4,0.901884
/Data/florian.guillaumey/val2/test/video_131204,30,0.470795
/Data/florian.guillaumey/val2/test/video_131238,23,0.741182
/Data/florian.guillaumey/val2/test/video_131274,31,0.854089
/Data/florian.guillaumey/val2/test/video_131286,24,0.555416
/Data/florian.guillaumey/val2/test/video_131323,17,0.478794
/Data/florian.guillaumey/val2/test/video_131334,14,0.623916
/Data/florian.guillaumey/val2/test/video_131357,22,0.495581
/Data/florian.guillaumey/val2/test/video_131364,10,0.578619
/Data/florian.guillaumey/val2/test/video_131380,32,0.879722
/Data/florian.guillaumey/val2/test/video_131395,5,0.503033
/Data/florian.guillaumey/val2/test/video_13146,22,0.527978
/Data/florian.guillaumey/val2/test/video_131463,3,0.558431
/Data/florian.guillaumey/val2/test/video_131524,28,0.892149
/Data/florian.guillaumey/val2/test/video_131560,6,0.772477
/Data/florian.guillaumey/val2/test/video_131588,9,0.896023
/Data/florian.guillaumey/val2/test/video_131680,8,0.333335
/Data/florian.guillaumey/val2/test/video_131698,24,0.240180
/Data/florian.guillaumey/val2/test/video_131758,12,0.608011
/Data/florian.guillaumey/val2/test/video_131794,29,0.164770
/Data/florian.guillaumey/val2/test/video_131814,0,0.346804
/Data/florian.guillaumey/val2/test/video_131832,21,0.207655
/Data/florian.guillaumey/val2/test/video_131899,32,0.877818
/Data/florian.guillaumey/val2/test/video_131906,22,0.371081
/Data/florian.guillaumey/val2/test/video_13193,5,0.196508
/Data/florian.guillaumey/val2/test/video_13195,29,0.764372
/Data/florian.guillaumey/val2/test/video_131971,4,0.869172
/Data/florian.guillaumey/val2/test/video_132052,12,0.574591
/Data/florian.guillaumey/val2/test/video_132056,28,0.346636
/Data/florian.guillaumey/val2/test/video_132090,14,0.678869
/Data/florian.guillaumey/val2/test/video_132163,30,0.487823
/Data/florian.guillaumey/val2/test/video_132201,8,0.834280
/Data/florian.guillaumey/val2/test/video_132228,2,0.455055
/Data/florian.guillaumey/val2/test/video_132256,17,0.313032
/Data/florian.guillaumey/val2/test/video_132291,30,0.446019
/Data/florian.guillaumey/val2/test/video_132295,14,0.600512
/Data/florian.guillaumey/val2/test/video_132357,3,0.740036
/Data/florian.guillaumey/val2/test/video_132368,11,0.344311
/Data/florian.guillaumey/val2/test/video_132386,5,0.140324
/Data/florian.guillaumey/val2/test/video_132439,13,0.694662
/Data/florian.guillaumey/val2/test/video_132445,2,0.897804
/Data/florian.guillaumey/val2/test/video_132446,9,0.367439
/Data/florian.guillaumey/val2/test/video_132457,11,0.295461
/Data/florian.guillaumey/val2/test/video_132474,12,0.634643
/Data/florian.guillaumey/val2/test/video_132537,21,0.472173
/Data/florian.guillaumey/val2/test/video_132540,8,0.260079
/Data/florian.guillaumey/val2/test/video_132564,18,0.563991
/Data/florian.guillaumey/val2/test/video_132576,15,0.766238
/Data/florian.guillaumey/val2/test/video_132586,30,0.755284
/Data/florian.guillaumey/val2/test/video_132607,28,0.780558
/Data/florian.guillaumey/val2/test/video_132639,24,0.293864
/Data/florian.guillaumey/val2/test/video_132687,3,0.449003
/Data/florian.guillaumey/val2/test/video_132709,23,0.551538
/Data/florian.guillaumey/val2/test/video_132775,29,0.226068
/Data/florian.guillaumey/val2/test/video_132797,14,0.614204
/Data/florian.guillaumey/val2/test/video_132809,1,0.129592
/Data/florian.guillaumey/val2/test/video_132831,14,0.590342
/Data/florian.guillaumey/val2/test/video_132849,17,0.717800
/Data/florian.guillaumey/val2/test/video_132867,12,0.830755
/Data/florian.guillaumey/val2/test/video_13295,24,0.897146
/Data/florian.guillaumey/val2/test/video_132985,23,0.833352
/Data/florian.guillaumey/val2/test/video_132988,16,0.162648
/Data/florian.guillaumey/val2/test/video_133012,10,0.493491
/Data/florian.guillaumey/val2/test/video_133062,23,0.903098
/Data/florian.guillaumey/val2/test/video_133075,30,0.870363
/Data/florian.guillaumey/val2/test/video_133086,9,0.880752
/Data/florian.guillaumey/val2/test/video_133100,5,0.786292
/Data/florian.guillaumey/val2/test/video_133122,8,0.210614
/Data/florian.guillaumey/val2/test/video_133128,22,0.400954
/Data/florian.guillaumey/val2/test/video_133135,6,0.856880
/Data/florian.guillaumey/val2/test/video_133213,7,0.792125
/Data/florian.guillaumey/val2/test/video_133221,16,0.313877
/Data/florian.guillaumey/val2/test/video_133228,15,0.136137
/Data/florian.guillaumey/val2/test/video_133233,30,0.372183
/Data/florian.guillaumey/val2/test/video_133237,16,0.236008
/Data/florian.guillaumey/val2/test/video_133247,31,0.801375
/Data/florian.guillaumey/val2/test/video_13330,31,0.366683
/Data/florian.guillaumey/val2/test/video_133309,4,0.900588
/Data/florian.guillaumey/val2/test/video_133357,9,0.184273
/Data/florian.guillaumey/val2/test/video_133374,3,0.155848
/Data/florian.guillaumey/val2/test/video_133379,9,0.691194
/Data/florian.guillaumey/val2/test/video_133398,5,0.705771
/Data/florian.guillaumey/val2/test/video_133412,4,0.874863
/Data/florian.guillaumey/val2/test/video_133446,12,0.658279
/Data/florian.guillaumey/val2/test/video_133464,10,0.319480
/Data/florian.guillaumey/val2/test/video_13347,12,0.382099
/Data/florian.guillaumey/val2/test/video_133584,29,0.521656
/Data/florian.guillaumey/val2/test/video_133594,30,0.801915
/Data/florian.guillaumey/val2/test/video_133633,23,0.714151
/Data/florian.guillaumey/val2/test/video_133645,28,0.133750
/Data/florian.guillaumey/val2/test/video_133647,1,0.553803
/Data/florian.guillaumey/val2/test/video_133658,18,0.576047
/Data/florian.guillaumey/val2/test/video_133685,28,0.876781
/Data/florian.guillaumey/val2/test/video_1337,4,0.649109
/Data/florian.guillaumey/val2/test/video_133705,30,0.757612
/Data/florian.guillaumey/val2/test/video_133786,30,0.721040
/Data/florian.guillaumey/val2/test/video_133818,12,0.847707
/Data/florian.guillaumey/val2/test/video_133855,32,0.743159
/Data/florian.guillaumey/val2/test/video_133889,30,0.901964
/Data/florian.guillaumey/val2/test/video_13389,14,0.803124
/Data/florian.guillaumey/val2/test/video_133895,6,0.773890
/Data/florian.guillaumey/val2/test/video_133896,1,0.159872
/Data/florian.guillaumey/val2/test/video_133922,5,0.338034
/Data/florian.guillaumey/val2/test/video_133926,22,0.440132
/Data/florian.guillaumey/val2/test/video_133956,31,0.602511
/Data/florian.guillaumey/val2/test/video_133974,0,0.240317
/Data/florian.guillaumey/val2/test/video_133987,3,0.731411
/Data/florian.guillaumey/val2/test/video_134103,21,0.834351
/Data/florian.guillaumey/val2/test/video_134112,30,0.665077
/Data/florian.guillaumey/val2/test/video_134135,19,0.200493
/Data/florian.guillaumey/val2/test/video_134160,30,0.894215
/Data/florian.guillaumey/val2/test/video_134163,10,0.663615
/Data/florian.guillaumey/val2/test/video_134202,4,0.773856
/Data/florian.guillaumey/val2/test/video_13422,3,0.915924
/Data/florian.guillaumey/val2/test/video_134302,14,0.234689
/Data/florian.guillaumey/val2/test/video_134315,22,0.282654
/Data/florian.guillaumey/val2/test/video_134327,12,0.436240
/Data/florian.guillaumey/val2/test/video_134359,12,0.684894
/Data/florian.guillaumey/val2/test/video_134382,4,0.799452
/Data/florian.guillaumey/val2/test/video_134384,30,0.505282
/Data/florian.guillaumey/val2/test/video_134395,21,0.635469
/Data/florian.guillaumey/val2/test/video_134411,16,0.667450
/Data/florian.guillaumey/val2/test/video_134412,7,0.867550
/Data/florian.guillaumey/val2/test/video_134455,14,0.461409
/Data/florian.guillaumey/val2/test/video_134495,5,0.318370
/Data/florian.guillaumey/val2/test/video_134502,1,0.774596
/Data/florian.guillaumey/val2/test/video_134542,8,0.851684
/Data/florian.guillaumey/val2/test/video_134616,12,0.836123
/Data/florian.guillaumey/val2/test/video_134619,23,0.818423
/Data/florian.guillaumey/val2/test/video_134623,1,0.604781
/Data/florian.guillaumey/val2/test/video_134634,3,0.463840
/Data/florian.guillaumey/val2/test/video_134636,10,0.835365
/Data/florian.guillaumey/val2/test/video_134643,6,0.842260
/Data/florian.guillaumey/val2/test/video_134674,9,0.161282
/Data/florian.guillaumey/val2/test/video_134693,22,0.655017
/Data/florian.guillaumey/val2/test/video_134696,6,0.776919
/Data/florian.guillaumey/val2/test/video_134705,23,0.292816
/Data/florian.guillaumey/val2/test/video_134725,9,0.859198
/Data/florian.guillaumey/val2/test/video_134743,4,0.223314
/Data/florian.guillaumey/val2/test/video_134745,4,0.399419
/Data/florian.guillaumey/val2/test/video_134771,16,0.593781
/Data/florian.guillaumey/val2/test/video_134788,5,0.356520
/Data/florian.guillaumey/val2/test/video_134850,19,0.399466
/Data/florian.guillaumey/val2/test/video_134857,4,0.883159
/Data/florian.guillaumey/val2/test/video_134858,28,0.795632
/Data/florian.guillaumey/val2/test/video_134882,14,0.500104
/Data/florian.guillaumey/val2/test/video_134902,30,0.255926
/Data/florian.guillaumey/val2/test/video_134910,17,0.670225
/Data/florian.guillaumey/val2/test/video_134912,14,0.324652
/Data/florian.guillaumey/val2/test/video_134923,12,0.631820
/Data/florian.guillaumey/val2/test/video_134933,3,0.879772
/Data/florian.guillaumey/val2/test/video_134943,6,0.842308
/Data/florian.guillaumey/val2/test/video_134965,8,0.899386
/Data/florian.guillaumey/val2/test/video_134995,3,0.905230
/Data/florian.guillaumey/val2/test/video_135013,20,0.098128
/Data/florian.guillaumey/val2/test/video_135018,28,0.272622
/Data/florian.guillaumey/val2/test/video_135037,14,0.264195
/Data/florian.guillaumey/val2/test/video_135079,12,0.471352
/Data/florian.guillaumey/val2/test/video_135110,6,0.821935
/Data/florian.guillaumey/val2/test/video_135129,31,0.755084
/Data/florian.guillaumey/val2/test/video_135189,15,0.592179
/Data/florian.guillaumey/val2/test/video_1352,1,0.566292
/Data/florian.guillaumey/val2/test/video_135216,14,0.735716
/Data/florian.guillaumey/val2/test/video_135218,30,0.790864
/Data/florian.guillaumey/val2/test/video_135220,24,0.330149
/Data/florian.guillaumey/val2/test/video_135231,12,0.620657
/Data/florian.guillaumey/val2/test/video_135251,30,0.628163
/Data/florian.guillaumey/val2/test/video_135345,7,0.332420
/Data/florian.guillaumey/val2/test/video_135366,4,0.327479
/Data/florian.guillaumey/val2/test/video_135371,14,0.323461
/Data/florian.guillaumey/val2/test/video_135378,32,0.883365
/Data/florian.guillaumey/val2/test/video_135397,3,0.911882
/Data/florian.guillaumey/val2/test/video_135408,14,0.343632
/Data/florian.guillaumey/val2/test/video_135471,30,0.779986
/Data/florian.guillaumey/val2/test/video_135505,31,0.858547
/Data/florian.guillaumey/val2/test/video_135560,31,0.604936
/Data/florian.guillaumey/val2/test/video_135576,5,0.300998
/Data/florian.guillaumey/val2/test/video_135592,3,0.896289
/Data/florian.guillaumey/val2/test/video_135599,9,0.214952
/Data/florian.guillaumey/val2/test/video_135640,30,0.659620
/Data/florian.guillaumey/val2/test/video_135681,1,0.890763
/Data/florian.guillaumey/val2/test/video_135752,8,0.637729
/Data/florian.guillaumey/val2/test/video_135793,30,0.293384
/Data/florian.guillaumey/val2/test/video_135797,23,0.594160
/Data/florian.guillaumey/val2/test/video_135804,6,0.256830
/Data/florian.guillaumey/val2/test/video_135834,11,0.332586
/Data/florian.guillaumey/val2/test/video_135872,7,0.873483
/Data/florian.guillaumey/val2/test/video_135892,32,0.672361
/Data/florian.guillaumey/val2/test/video_136013,20,0.616187
/Data/florian.guillaumey/val2/test/video_136033,14,0.611125
/Data/florian.guillaumey/val2/test/video_136038,0,0.865014
/Data/florian.guillaumey/val2/test/video_136075,15,0.657150
/Data/florian.guillaumey/val2/test/video_136083,7,0.742408
/Data/florian.guillaumey/val2/test/video_136099,32,0.261207
/Data/florian.guillaumey/val2/test/video_136105,32,0.647583
/Data/florian.guillaumey/val2/test/video_13611,28,0.362808
/Data/florian.guillaumey/val2/test/video_136117,10,0.425173
/Data/florian.guillaumey/val2/test/video_136119,14,0.880245
/Data/florian.guillaumey/val2/test/video_136124,15,0.708969
/Data/florian.guillaumey/val2/test/video_13615,8,0.438165
/Data/florian.guillaumey/val2/test/video_136203,5,0.678886
/Data/florian.guillaumey/val2/test/video_136217,31,0.499181
/Data/florian.guillaumey/val2/test/video_136234,4,0.687698
/Data/florian.guillaumey/val2/test/video_136299,29,0.252560
/Data/florian.guillaumey/val2/test/video_136316,16,0.645794
/Data/florian.guillaumey/val2/test/video_136333,6,0.904666
/Data/florian.guillaumey/val2/test/video_136373,23,0.788039
/Data/florian.guillaumey/val2/test/video_136388,24,0.817702
/Data/florian.guillaumey/val2/test/video_136430,2,0.297027
/Data/florian.guillaumey/val2/test/video_136450,6,0.573924
/Data/florian.guillaumey/val2/test/video_136496,30,0.897790
/Data/florian.guillaumey/val2/test/video_136512,14,0.882513
/Data/florian.guillaumey/val2/test/video_136525,28,0.364967
/Data/florian.guillaumey/val2/test/video_136544,3,0.905526
/Data/florian.guillaumey/val2/test/video_136587,28,0.858488
/Data/florian.guillaumey/val2/test/video_136588,9,0.767546
/Data/florian.guillaumey/val2/test/video_136674,5,0.846709
/Data/florian.guillaumey/val2/test/video_136703,10,0.319144
/Data/florian.guillaumey/val2/test/video_13673,30,0.297870
/Data/florian.guillaumey/val2/test/video_136751,3,0.801004
/Data/florian.guillaumey/val2/test/video_136752,21,0.797174
/Data/florian.guillaumey/val2/test/video_136754,6,0.800764
/Data/florian.guillaumey/val2/test/video_136786,5,0.731550
/Data/florian.guillaumey/val2/test/video_136792,9,0.737356
/Data/florian.guillaumey/val2/test/video_136796,23,0.403477
/Data/florian.guillaumey/val2/test/video_136801,30,0.344997
/Data/florian.guillaumey/val2/test/video_136806,15,0.601539
/Data/florian.guillaumey/val2/test/video_13682,11,0.178799
/Data/florian.guillaumey/val2/test/video_136847,2,0.210310
/Data/florian.guillaumey/val2/test/video_136889,14,0.425172
/Data/florian.guillaumey/val2/test/video_136912,12,0.890550
/Data/florian.guillaumey/val2/test/video_136913,24,0.570370
/Data/florian.guillaumey/val2/test/video_136915,30,0.838561
/Data/florian.guillaumey/val2/test/video_136956,7,0.774880
/Data/florian.guillaumey/val2/test/video_136979,25,0.734173
/Data/florian.guillaumey/val2/test/video_136980,31,0.568288
/Data/florian.guillaumey/val2/test/video_137036,5,0.815317
/Data/florian.guillaumey/val2/test/video_137097,24,0.408423
/Data/florian.guillaumey/val2/test/video_137106,12,0.690584
/Data/florian.guillaumey/val2/test/video_13713,3,0.275265
/Data/florian.guillaumey/val2/test/video_137158,22,0.575212
/Data/florian.guillaumey/val2/test/video_137167,24,0.682834
/Data/florian.guillaumey/val2/test/video_137196,7,0.858113
/Data/florian.guillaumey/val2/test/video_137226,9,0.278497
/Data/florian.guillaumey/val2/test/video_137289,9,0.245866
/Data/florian.guillaumey/val2/test/video_137300,3,0.450656
/Data/florian.guillaumey/val2/test/video_137332,29,0.456079
/Data/florian.guillaumey/val2/test/video_137355,15,0.263262
/Data/florian.guillaumey/val2/test/video_137366,23,0.855191
/Data/florian.guillaumey/val2/test/video_13737,22,0.441355
/Data/florian.guillaumey/val2/test/video_137419,30,0.526119
/Data/florian.guillaumey/val2/test/video_137420,28,0.872960
/Data/florian.guillaumey/val2/test/video_137463,22,0.157253
/Data/florian.guillaumey/val2/test/video_137466,5,0.729023
/Data/florian.guillaumey/val2/test/video_137485,1,0.453833
/Data/florian.guillaumey/val2/test/video_137493,7,0.559266
/Data/florian.guillaumey/val2/test/video_137524,4,0.637810
/Data/florian.guillaumey/val2/test/video_137532,14,0.249530
/Data/florian.guillaumey/val2/test/video_137566,14,0.347078
/Data/florian.guillaumey/val2/test/video_137605,14,0.156820
/Data/florian.guillaumey/val2/test/video_137615,28,0.841386
/Data/florian.guillaumey/val2/test/video_137628,30,0.757200
/Data/florian.guillaumey/val2/test/video_137691,23,0.471991
/Data/florian.guillaumey/val2/test/video_137694,30,0.777552
/Data/florian.guillaumey/val2/test/video_137738,3,0.824388
/Data/florian.guillaumey/val2/test/video_137774,30,0.293619
/Data/florian.guillaumey/val2/test/video_137903,6,0.901165
/Data/florian.guillaumey/val2/test/video_137975,2,0.459889
/Data/florian.guillaumey/val2/test/video_138039,6,0.184868
/Data/florian.guillaumey/val2/test/video_138040,15,0.688391
/Data/florian.guillaumey/val2/test/video_138111,0,0.716796
/Data/florian.guillaumey/val2/test/video_138172,31,0.719612
/Data/florian.guillaumey/val2/test/video_138234,7,0.876240
/Data/florian.guillaumey/val2/test/video_138328,6,0.472229
/Data/florian.guillaumey/val2/test/video_138334,32,0.768926
/Data/florian.guillaumey/val2/test/video_138349,5,0.881572
/Data/florian.guillaumey/val2/test/video_138401,23,0.736521
/Data/florian.guillaumey/val2/test/video_138402,4,0.269511
/Data/florian.guillaumey/val2/test/video_13846,26,0.303161
/Data/florian.guillaumey/val2/test/video_138503,13,0.578480
/Data/florian.guillaumey/val2/test/video_138511,14,0.273051
/Data/florian.guillaumey/val2/test/video_138556,31,0.403657
/Data/florian.guillaumey/val2/test/video_138632,9,0.885534
/Data/florian.guillaumey/val2/test/video_138635,10,0.293270
/Data/florian.guillaumey/val2/test/video_138641,5,0.229125
/Data/florian.guillaumey/val2/test/video_13865,3,0.407624
/Data/florian.guillaumey/val2/test/video_13866,14,0.452554
/Data/florian.guillaumey/val2/test/video_138708,4,0.600682
/Data/florian.guillaumey/val2/test/video_138776,7,0.909245
/Data/florian.guillaumey/val2/test/video_138779,28,0.681614
/Data/florian.guillaumey/val2/test/video_138812,28,0.382430
/Data/florian.guillaumey/val2/test/video_138846,9,0.855074
/Data/florian.guillaumey/val2/test/video_138851,12,0.631995
/Data/florian.guillaumey/val2/test/video_138898,7,0.595752
/Data/florian.guillaumey/val2/test/video_138900,4,0.927197
/Data/florian.guillaumey/val2/test/video_138930,3,0.370373
/Data/florian.guillaumey/val2/test/video_138940,13,0.494610
/Data/florian.guillaumey/val2/test/video_138943,1,0.470405
/Data/florian.guillaumey/val2/test/video_139022,15,0.232727
/Data/florian.guillaumey/val2/test/video_139071,4,0.264194
/Data/florian.guillaumey/val2/test/video_139078,4,0.265420
/Data/florian.guillaumey/val2/test/video_139234,4,0.186905
/Data/florian.guillaumey/val2/test/video_139347,5,0.633854
/Data/florian.guillaumey/val2/test/video_139399,6,0.898526
/Data/florian.guillaumey/val2/test/video_139403,14,0.817223
/Data/florian.guillaumey/val2/test/video_139418,32,0.725023
/Data/florian.guillaumey/val2/test/video_139469,10,0.942183
/Data/florian.guillaumey/val2/test/video_139526,6,0.658956
/Data/florian.guillaumey/val2/test/video_13957,5,0.450309
/Data/florian.guillaumey/val2/test/video_1396,8,0.767619
/Data/florian.guillaumey/val2/test/video_139616,10,0.440567
/Data/florian.guillaumey/val2/test/video_139667,10,0.556791
/Data/florian.guillaumey/val2/test/video_139668,29,0.684361
/Data/florian.guillaumey/val2/test/video_139792,17,0.659522
/Data/florian.guillaumey/val2/test/video_139809,30,0.705988
/Data/florian.guillaumey/val2/test/video_139839,7,0.606651
/Data/florian.guillaumey/val2/test/video_13987,17,0.114620
/Data/florian.guillaumey/val2/test/video_139894,20,0.276247
/Data/florian.guillaumey/val2/test/video_139973,29,0.687658
/Data/florian.guillaumey/val2/test/video_139982,0,0.387500
/Data/florian.guillaumey/val2/test/video_14000,2,0.891034
/Data/florian.guillaumey/val2/test/video_140010,6,0.810817
/Data/florian.guillaumey/val2/test/video_140029,23,0.695969
/Data/florian.guillaumey/val2/test/video_140090,15,0.404871
/Data/florian.guillaumey/val2/test/video_140107,1,0.363167
/Data/florian.guillaumey/val2/test/video_140126,20,0.447042
/Data/florian.guillaumey/val2/test/video_140127,31,0.276347
/Data/florian.guillaumey/val2/test/video_140149,22,0.295880
/Data/florian.guillaumey/val2/test/video_14015,20,0.862761
/Data/florian.guillaumey/val2/test/video_140160,18,0.527479
/Data/florian.guillaumey/val2/test/video_140168,9,0.835644
/Data/florian.guillaumey/val2/test/video_140176,15,0.455047
/Data/florian.guillaumey/val2/test/video_140182,3,0.660672
/Data/florian.guillaumey/val2/test/video_140188,3,0.856749
/Data/florian.guillaumey/val2/test/video_140195,6,0.816055
/Data/florian.guillaumey/val2/test/video_140226,16,0.617809
/Data/florian.guillaumey/val2/test/video_140251,14,0.241246
/Data/florian.guillaumey/val2/test/video_140257,12,0.468199
/Data/florian.guillaumey/val2/test/video_140277,23,0.468093
/Data/florian.guillaumey/val2/test/video_140382,6,0.582886
/Data/florian.guillaumey/val2/test/video_140457,4,0.344186
/Data/florian.guillaumey/val2/test/video_140475,7,0.924728
/Data/florian.guillaumey/val2/test/video_140519,14,0.413757
/Data/florian.guillaumey/val2/test/video_140551,12,0.460113
/Data/florian.guillaumey/val2/test/video_14058,4,0.603562
/Data/florian.guillaumey/val2/test/video_140595,10,0.663316
/Data/florian.guillaumey/val2/test/video_140601,17,0.344197
/Data/florian.guillaumey/val2/test/video_140624,18,0.514832
/Data/florian.guillaumey/val2/test/video_140676,28,0.161351
/Data/florian.guillaumey/val2/test/video_140693,12,0.472451
/Data/florian.guillaumey/val2/test/video_140708,4,0.590652
/Data/florian.guillaumey/val2/test/video_140714,23,0.375360
/Data/florian.guillaumey/val2/test/video_140764,18,0.551650
/Data/florian.guillaumey/val2/test/video_140839,19,0.569410
/Data/florian.guillaumey/val2/test/video_140852,20,0.170444
/Data/florian.guillaumey/val2/test/video_140855,19,0.219949
/Data/florian.guillaumey/val2/test/video_140869,6,0.211887
/Data/florian.guillaumey/val2/test/video_140873,7,0.863412
/Data/florian.guillaumey/val2/test/video_140960,10,0.513643
/Data/florian.guillaumey/val2/test/video_14099,21,0.769234
/Data/florian.guillaumey/val2/test/video_141000,15,0.601130
/Data/florian.guillaumey/val2/test/video_141011,8,0.159241
/Data/florian.guillaumey/val2/test/video_141014,2,0.734416
/Data/florian.guillaumey/val2/test/video_141020,14,0.397501
/Data/florian.guillaumey/val2/test/video_141033,28,0.886264
/Data/florian.guillaumey/val2/test/video_141034,5,0.118087
/Data/florian.guillaumey/val2/test/video_14104,0,0.133467
/Data/florian.guillaumey/val2/test/video_141053,29,0.412558
/Data/florian.guillaumey/val2/test/video_141079,12,0.717781
/Data/florian.guillaumey/val2/test/video_14109,3,0.167619
/Data/florian.guillaumey/val2/test/video_141157,10,0.867752
/Data/florian.guillaumey/val2/test/video_141183,6,0.578062
/Data/florian.guillaumey/val2/test/video_141258,2,0.179221
/Data/florian.guillaumey/val2/test/video_141265,19,0.272424
/Data/florian.guillaumey/val2/test/video_141339,18,0.159656
/Data/florian.guillaumey/val2/test/video_141359,1,0.814471
/Data/florian.guillaumey/val2/test/video_141393,3,0.270073
/Data/florian.guillaumey/val2/test/video_141430,30,0.851805
/Data/florian.guillaumey/val2/test/video_141490,1,0.261207
/Data/florian.guillaumey/val2/test/video_141491,1,0.713511
/Data/florian.guillaumey/val2/test/video_141518,5,0.383084
/Data/florian.guillaumey/val2/test/video_141571,15,0.881411
/Data/florian.guillaumey/val2/test/video_141639,9,0.253058
/Data/florian.guillaumey/val2/test/video_14165,14,0.523948
/Data/florian.guillaumey/val2/test/video_141654,31,0.843335
/Data/florian.guillaumey/val2/test/video_14168,21,0.875567
/Data/florian.guillaumey/val2/test/video_141681,30,0.309357
/Data/florian.guillaumey/val2/test/video_141694,5,0.924711
/Data/florian.guillaumey/val2/test/video_14174,14,0.757110
/Data/florian.guillaumey/val2/test/video_141760,14,0.626937
/Data/florian.guillaumey/val2/test/video_141877,6,0.452520
/Data/florian.guillaumey/val2/test/video_141914,5,0.551546
/Data/florian.guillaumey/val2/test/video_141931,6,0.311963
/Data/florian.guillaumey/val2/test/video_141942,14,0.627026
/Data/florian.guillaumey/val2/test/video_141946,16,0.184052
/Data/florian.guillaumey/val2/test/video_141949,29,0.340794
/Data/florian.guillaumey/val2/test/video_141985,5,0.309964
/Data/florian.guillaumey/val2/test/video_1420,17,0.844768
/Data/florian.guillaumey/val2/test/video_142031,30,0.654351
/Data/florian.guillaumey/val2/test/video_142036,10,0.380821
/Data/florian.guillaumey/val2/test/video_142057,15,0.478298
/Data/florian.guillaumey/val2/test/video_142067,7,0.814003
/Data/florian.guillaumey/val2/test/video_142080,18,0.420179
/Data/florian.guillaumey/val2/test/video_142081,24,0.449002
/Data/florian.guillaumey/val2/test/video_1421,14,0.124577
/Data/florian.guillaumey/val2/test/video_142119,22,0.249425
/Data/florian.guillaumey/val2/test/video_142243,14,0.476396
/Data/florian.guillaumey/val2/test/video_142275,10,0.764041
/Data/florian.guillaumey/val2/test/video_142311,10,0.397036
/Data/florian.guillaumey/val2/test/video_142313,13,0.802334
/Data/florian.guillaumey/val2/test/video_142328,18,0.407030
/Data/florian.guillaumey/val2/test/video_142334,4,0.211517
/Data/florian.guillaumey/val2/test/video_14237,7,0.694034
/Data/florian.guillaumey/val2/test/video_142445,19,0.364858
/Data/florian.guillaumey/val2/test/video_142453,10,0.947666
/Data/florian.guillaumey/val2/test/video_142458,14,0.378504
/Data/florian.guillaumey/val2/test/video_14246,5,0.770290
/Data/florian.guillaumey/val2/test/video_142467,10,0.463162
/Data/florian.guillaumey/val2/test/video_14259,4,0.509406
/Data/florian.guillaumey/val2/test/video_142671,9,0.769567
/Data/florian.guillaumey/val2/test/video_142756,6,0.371449
/Data/florian.guillaumey/val2/test/video_142759,16,0.868925
/Data/florian.guillaumey/val2/test/video_142809,31,0.877342
/Data/florian.guillaumey/val2/test/video_142812,23,0.566260
/Data/florian.guillaumey/val2/test/video_14284,5,0.876044
/Data/florian.guillaumey/val2/test/video_142865,7,0.823773
/Data/florian.guillaumey/val2/test/video_142867,6,0.847492
/Data/florian.guillaumey/val2/test/video_142896,5,0.321253
/Data/florian.guillaumey/val2/test/video_142899,3,0.599038
/Data/florian.guillaumey/val2/test/video_142910,12,0.620953
/Data/florian.guillaumey/val2/test/video_142956,29,0.462900
/Data/florian.guillaumey/val2/test/video_14296,1,0.485197
/Data/florian.guillaumey/val2/test/video_142988,3,0.892008
/Data/florian.guillaumey/val2/test/video_143003,32,0.906296
/Data/florian.guillaumey/val2/test/video_143057,5,0.550771
/Data/florian.guillaumey/val2/test/video_143064,6,0.812512
/Data/florian.guillaumey/val2/test/video_143068,24,0.772302
/Data/florian.guillaumey/val2/test/video_143070,29,0.550145
/Data/florian.guillaumey/val2/test/video_143127,23,0.472819
/Data/florian.guillaumey/val2/test/video_143171,1,0.255687
/Data/florian.guillaumey/val2/test/video_143172,5,0.469336
/Data/florian.guillaumey/val2/test/video_143190,10,0.580364
/Data/florian.guillaumey/val2/test/video_143213,23,0.872882
/Data/florian.guillaumey/val2/test/video_143256,30,0.119145
/Data/florian.guillaumey/val2/test/video_143347,23,0.756319
/Data/florian.guillaumey/val2/test/video_143441,31,0.437925
/Data/florian.guillaumey/val2/test/video_143461,24,0.561200
/Data/florian.guillaumey/val2/test/video_143526,6,0.827067
/Data/florian.guillaumey/val2/test/video_143547,14,0.374306
/Data/florian.guillaumey/val2/test/video_143647,4,0.864885
/Data/florian.guillaumey/val2/test/video_1437,7,0.887392
/Data/florian.guillaumey/val2/test/video_143726,16,0.646001
/Data/florian.guillaumey/val2/test/video_143735,17,0.908975
/Data/florian.guillaumey/val2/test/video_143750,28,0.787464
/Data/florian.guillaumey/val2/test/video_143789,16,0.290432
/Data/florian.guillaumey/val2/test/video_143794,31,0.559455
/Data/florian.guillaumey/val2/test/video_143798,32,0.610734
/Data/florian.guillaumey/val2/test/video_143852,5,0.370248
/Data/florian.guillaumey/val2/test/video_143876,7,0.894730
/Data/florian.guillaumey/val2/test/video_143914,12,0.792335
/Data/florian.guillaumey/val2/test/video_14392,16,0.876136
/Data/florian.guillaumey/val2/test/video_143933,3,0.705297
/Data/florian.guillaumey/val2/test/video_143945,18,0.670583
/Data/florian.guillaumey/val2/test/video_143956,1,0.183620
/Data/florian.guillaumey/val2/test/video_143965,25,0.331827
/Data/florian.guillaumey/val2/test/video_143992,3,0.233849
/Data/florian.guillaumey/val2/test/video_144005,12,0.804317
/Data/florian.guillaumey/val2/test/video_144029,22,0.115170
/Data/florian.guillaumey/val2/test/video_144048,14,0.436418
/Data/florian.guillaumey/val2/test/video_144053,29,0.803003
/Data/florian.guillaumey/val2/test/video_144069,9,0.837693
/Data/florian.guillaumey/val2/test/video_144083,29,0.607030
/Data/florian.guillaumey/val2/test/video_14414,24,0.825656
/Data/florian.guillaumey/val2/test/video_144149,23,0.842743
/Data/florian.guillaumey/val2/test/video_144170,23,0.701178
/Data/florian.guillaumey/val2/test/video_144179,28,0.471343
/Data/florian.guillaumey/val2/test/video_144184,32,0.858284
/Data/florian.guillaumey/val2/test/video_144237,14,0.907449
/Data/florian.guillaumey/val2/test/video_144286,1,0.807344
/Data/florian.guillaumey/val2/test/video_144301,12,0.865258
/Data/florian.guillaumey/val2/test/video_144333,1,0.794104
/Data/florian.guillaumey/val2/test/video_144340,23,0.553146
/Data/florian.guillaumey/val2/test/video_144370,23,0.344452
/Data/florian.guillaumey/val2/test/video_144376,4,0.201618
/Data/florian.guillaumey/val2/test/video_144394,4,0.442638
/Data/florian.guillaumey/val2/test/video_144413,24,0.685952
/Data/florian.guillaumey/val2/test/video_144438,18,0.492225
/Data/florian.guillaumey/val2/test/video_144483,4,0.351991
/Data/florian.guillaumey/val2/test/video_144491,12,0.265590
/Data/florian.guillaumey/val2/test/video_144561,14,0.142280
/Data/florian.guillaumey/val2/test/video_144569,28,0.787729
/Data/florian.guillaumey/val2/test/video_14459,14,0.596824
/Data/florian.guillaumey/val2/test/video_144632,12,0.622671
/Data/florian.guillaumey/val2/test/video_144704,2,0.601429
/Data/florian.guillaumey/val2/test/video_144741,30,0.602597
/Data/florian.guillaumey/val2/test/video_144751,3,0.651923
/Data/florian.guillaumey/val2/test/video_144777,15,0.655327
/Data/florian.guillaumey/val2/test/video_144806,2,0.899960
/Data/florian.guillaumey/val2/test/video_144847,4,0.133442
/Data/florian.guillaumey/val2/test/video_14494,5,0.760605
/Data/florian.guillaumey/val2/test/video_14495,31,0.418454
/Data/florian.guillaumey/val2/test/video_144972,8,0.903750
/Data/florian.guillaumey/val2/test/video_144983,1,0.431060
/Data/florian.guillaumey/val2/test/video_145034,7,0.282251
/Data/florian.guillaumey/val2/test/video_145077,14,0.719282
/Data/florian.guillaumey/val2/test/video_145079,23,0.820884
/Data/florian.guillaumey/val2/test/video_145135,10,0.349316
/Data/florian.guillaumey/val2/test/video_145244,7,0.495213
/Data/florian.guillaumey/val2/test/video_145248,5,0.672965
/Data/florian.guillaumey/val2/test/video_145251,5,0.837496
/Data/florian.guillaumey/val2/test/video_145291,16,0.269585
/Data/florian.guillaumey/val2/test/video_1453,28,0.385479
/Data/florian.guillaumey/val2/test/video_145356,22,0.311436
/Data/florian.guillaumey/val2/test/video_145404,32,0.413555
/Data/florian.guillaumey/val2/test/video_145405,23,0.881716
/Data/florian.guillaumey/val2/test/video_145422,5,0.548394
/Data/florian.guillaumey/val2/test/video_145477,6,0.732153
/Data/florian.guillaumey/val2/test/video_145483,10,0.386876
/Data/florian.guillaumey/val2/test/video_145495,3,0.836795
/Data/florian.guillaumey/val2/test/video_1455,1,0.862766
/Data/florian.guillaumey/val2/test/video_145539,3,0.582109
/Data/florian.guillaumey/val2/test/video_145585,10,0.564955
/Data/florian.guillaumey/val2/test/video_145603,5,0.715293
/Data/florian.guillaumey/val2/test/video_145604,23,0.407505
/Data/florian.guillaumey/val2/test/video_145650,31,0.209269
/Data/florian.guillaumey/val2/test/video_145676,22,0.190363
/Data/florian.guillaumey/val2/test/video_145693,5,0.890638
/Data/florian.guillaumey/val2/test/video_145702,31,0.858299
/Data/florian.guillaumey/val2/test/video_145800,9,0.897893
/Data/florian.guillaumey/val2/test/video_145804,19,0.434236
/Data/florian.guillaumey/val2/test/video_145871,6,0.768793
/Data/florian.guillaumey/val2/test/video_145927,23,0.873923
/Data/florian.guillaumey/val2/test/video_145997,3,0.229920
/Data/florian.guillaumey/val2/test/video_146068,14,0.547877
/Data/florian.guillaumey/val2/test/video_14608,1,0.862843
/Data/florian.guillaumey/val2/test/video_146085,30,0.887247
/Data/florian.guillaumey/val2/test/video_146166,18,0.590567
/Data/florian.guillaumey/val2/test/video_146186,14,0.485931
/Data/florian.guillaumey/val2/test/video_146200,24,0.738067
/Data/florian.guillaumey/val2/test/video_14621,32,0.511426
/Data/florian.guillaumey/val2/test/video_146233,14,0.907881
/Data/florian.guillaumey/val2/test/video_146237,10,0.637136
/Data/florian.guillaumey/val2/test/video_146267,16,0.649666
/Data/florian.guillaumey/val2/test/video_14627,18,0.325475
/Data/florian.guillaumey/val2/test/video_146293,30,0.549999
/Data/florian.guillaumey/val2/test/video_146313,32,0.229094
/Data/florian.guillaumey/val2/test/video_146323,3,0.781201
/Data/florian.guillaumey/val2/test/video_146327,32,0.839462
/Data/florian.guillaumey/val2/test/video_146372,29,0.882562
/Data/florian.guillaumey/val2/test/video_146377,2,0.682590
/Data/florian.guillaumey/val2/test/video_146382,1,0.789655
/Data/florian.guillaumey/val2/test/video_146413,4,0.461193
/Data/florian.guillaumey/val2/test/video_14642,28,0.537640
/Data/florian.guillaumey/val2/test/video_146424,17,0.830639
/Data/florian.guillaumey/val2/test/video_146425,6,0.592343
/Data/florian.guillaumey/val2/test/video_146553,32,0.427256
/Data/florian.guillaumey/val2/test/video_146555,8,0.540023
/Data/florian.guillaumey/val2/test/video_146573,24,0.616903
/Data/florian.guillaumey/val2/test/video_146592,9,0.473745
/Data/florian.guillaumey/val2/test/video_146630,7,0.871222
/Data/florian.guillaumey/val2/test/video_146634,30,0.781374
/Data/florian.guillaumey/val2/test/video_1467,22,0.719513
/Data/florian.guillaumey/val2/test/video_146733,4,0.891944
/Data/florian.guillaumey/val2/test/video_146765,10,0.137467
/Data/florian.guillaumey/val2/test/video_146778,4,0.464539
/Data/florian.guillaumey/val2/test/video_14678,4,0.499400
/Data/florian.guillaumey/val2/test/video_146788,29,0.420584
/Data/florian.guillaumey/val2/test/video_146803,17,0.566275
/Data/florian.guillaumey/val2/test/video_146862,4,0.368039
/Data/florian.guillaumey/val2/test/video_146882,2,0.745068
/Data/florian.guillaumey/val2/test/video_146924,0,0.857030
/Data/florian.guillaumey/val2/test/video_146950,14,0.394269
/Data/florian.guillaumey/val2/test/video_147005,14,0.309147
/Data/florian.guillaumey/val2/test/video_147017,31,0.619086
/Data/florian.guillaumey/val2/test/video_147026,23,0.888975
/Data/florian.guillaumey/val2/test/video_1471,21,0.426562
/Data/florian.guillaumey/val2/test/video_147174,20,0.292598
/Data/florian.guillaumey/val2/test/video_147187,31,0.713153
/Data/florian.guillaumey/val2/test/video_147194,23,0.367604
/Data/florian.guillaumey/val2/test/video_147200,0,0.579228
/Data/florian.guillaumey/val2/test/video_147290,24,0.328967
/Data/florian.guillaumey/val2/test/video_147305,14,0.560008
/Data/florian.guillaumey/val2/test/video_147327,31,0.162293
/Data/florian.guillaumey/val2/test/video_147414,30,0.852271
/Data/florian.guillaumey/val2/test/video_147423,13,0.826612
/Data/florian.guillaumey/val2/test/video_147521,6,0.208530
/Data/florian.guillaumey/val2/test/video_147610,12,0.350530
/Data/florian.guillaumey/val2/test/video_147644,14,0.362849
/Data/florian.guillaumey/val2/test/video_147663,23,0.888366
/Data/florian.guillaumey/val2/test/video_147693,12,0.385967
/Data/florian.guillaumey/val2/test/video_147704,17,0.362382
/Data/florian.guillaumey/val2/test/video_147764,4,0.495926
/Data/florian.guillaumey/val2/test/video_147911,14,0.538664
/Data/florian.guillaumey/val2/test/video_147948,30,0.511447
/Data/florian.guillaumey/val2/test/video_147951,18,0.443389
/Data/florian.guillaumey/val2/test/video_147972,4,0.684644
/Data/florian.guillaumey/val2/test/video_147996,5,0.411817
/Data/florian.guillaumey/val2/test/video_148054,22,0.696148
/Data/florian.guillaumey/val2/test/video_148065,0,0.885449
/Data/florian.guillaumey/val2/test/video_148068,14,0.539469
/Data/florian.guillaumey/val2/test/video_148202,6,0.682098
/Data/florian.guillaumey/val2/test/video_148242,30,0.293816
/Data/florian.guillaumey/val2/test/video_148245,14,0.619499
/Data/florian.guillaumey/val2/test/video_148251,21,0.459708
/Data/florian.guillaumey/val2/test/video_148252,3,0.376112
/Data/florian.guillaumey/val2/test/video_148271,29,0.887784
/Data/florian.guillaumey/val2/test/video_148305,18,0.484141
/Data/florian.guillaumey/val2/test/video_148399,12,0.574547
/Data/florian.guillaumey/val2/test/video_148465,5,0.420201
/Data/florian.guillaumey/val2/test/video_148478,3,0.472907
/Data/florian.guillaumey/val2/test/video_148527,32,0.910027
/Data/florian.guillaumey/val2/test/video_148633,30,0.812148
/Data/florian.guillaumey/val2/test/video_14864,29,0.840280
/Data/florian.guillaumey/val2/test/video_148663,1,0.240516
/Data/florian.guillaumey/val2/test/video_148674,5,0.586859
/Data/florian.guillaumey/val2/test/video_148676,7,0.767174
/Data/florian.guillaumey/val2/test/video_148759,32,0.562148
/Data/florian.guillaumey/val2/test/video_148824,14,0.177172
/Data/florian.guillaumey/val2/test/video_148825,12,0.832380
/Data/florian.guillaumey/val2/test/video_148846,7,0.668835
/Data/florian.guillaumey/val2/test/video_148857,12,0.795934
/Data/florian.guillaumey/val2/test/video_148877,12,0.915236
/Data/florian.guillaumey/val2/test/video_148922,6,0.869872
/Data/florian.guillaumey/val2/test/video_148929,5,0.833402
/Data/florian.guillaumey/val2/test/video_148934,2,0.449726
/Data/florian.guillaumey/val2/test/video_148956,19,0.503094
/Data/florian.guillaumey/val2/test/video_148959,28,0.407363
/Data/florian.guillaumey/val2/test/video_149053,32,0.237207
/Data/florian.guillaumey/val2/test/video_14907,24,0.299174
/Data/florian.guillaumey/val2/test/video_149091,5,0.806434
/Data/florian.guillaumey/val2/test/video_149093,1,0.143494
/Data/florian.guillaumey/val2/test/video_149106,30,0.819958
/Data/florian.guillaumey/val2/test/video_149125,20,0.640601
/Data/florian.guillaumey/val2/test/video_149146,9,0.784545
/Data/florian.guillaumey/val2/test/video_14921,16,0.086966
/Data/florian.guillaumey/val2/test/video_149215,1,0.693933
/Data/florian.guillaumey/val2/test/video_149226,30,0.615410
/Data/florian.guillaumey/val2/test/video_149251,23,0.408842
/Data/florian.guillaumey/val2/test/video_149253,12,0.609604
/Data/florian.guillaumey/val2/test/video_149326,12,0.712014
/Data/florian.guillaumey/val2/test/video_149340,14,0.796122
/Data/florian.guillaumey/val2/test/video_149342,8,0.827589
/Data/florian.guillaumey/val2/test/video_149375,5,0.820643
/Data/florian.guillaumey/val2/test/video_149407,10,0.473462
/Data/florian.guillaumey/val2/test/video_14943,14,0.354025
/Data/florian.guillaumey/val2/test/video_149433,12,0.897476
/Data/florian.guillaumey/val2/test/video_14945,30,0.197426
/Data/florian.guillaumey/val2/test/video_149539,12,0.353576
/Data/florian.guillaumey/val2/test/video_149602,12,0.340675
/Data/florian.guillaumey/val2/test/video_149609,8,0.335507
/Data/florian.guillaumey/val2/test/video_149620,1,0.362348
/Data/florian.guillaumey/val2/test/video_149686,30,0.830213
/Data/florian.guillaumey/val2/test/video_149690,29,0.599482
/Data/florian.guillaumey/val2/test/video_149691,11,0.492871
/Data/florian.guillaumey/val2/test/video_149727,20,0.459805
/Data/florian.guillaumey/val2/test/video_149730,17,0.291398
/Data/florian.guillaumey/val2/test/video_149746,32,0.550995
/Data/florian.guillaumey/val2/test/video_149776,11,0.856282
/Data/florian.guillaumey/val2/test/video_149794,14,0.253768
/Data/florian.guillaumey/val2/test/video_149815,0,0.292729
/Data/florian.guillaumey/val2/test/video_149850,9,0.551880
/Data/florian.guillaumey/val2/test/video_149867,22,0.345371
/Data/florian.guillaumey/val2/test/video_149885,28,0.750711
/Data/florian.guillaumey/val2/test/video_149889,12,0.436568
/Data/florian.guillaumey/val2/test/video_149933,6,0.923191
/Data/florian.guillaumey/val2/test/video_149955,18,0.435907
/Data/florian.guillaumey/val2/test/video_149957,31,0.330478
/Data/florian.guillaumey/val2/test/video_149962,4,0.801204
/Data/florian.guillaumey/val2/test/video_149982,12,0.539643
/Data/florian.guillaumey/val2/test/video_15001,14,0.798587
/Data/florian.guillaumey/val2/test/video_150049,16,0.695199
/Data/florian.guillaumey/val2/test/video_150053,17,0.602059
/Data/florian.guillaumey/val2/test/video_150114,14,0.826134
/Data/florian.guillaumey/val2/test/video_150115,24,0.214048
/Data/florian.guillaumey/val2/test/video_15013,10,0.390260
/Data/florian.guillaumey/val2/test/video_150142,3,0.912798
/Data/florian.guillaumey/val2/test/video_150152,12,0.635762
/Data/florian.guillaumey/val2/test/video_150196,4,0.818920
/Data/florian.guillaumey/val2/test/video_150210,22,0.233976
/Data/florian.guillaumey/val2/test/video_150219,6,0.894825
/Data/florian.guillaumey/val2/test/video_150231,31,0.762590
/Data/florian.guillaumey/val2/test/video_150276,29,0.895246
/Data/florian.guillaumey/val2/test/video_150322,3,0.647692
/Data/florian.guillaumey/val2/test/video_150361,19,0.566633
/Data/florian.guillaumey/val2/test/video_150372,31,0.511995
/Data/florian.guillaumey/val2/test/video_150385,1,0.604616
/Data/florian.guillaumey/val2/test/video_150425,1,0.628134
/Data/florian.guillaumey/val2/test/video_150432,5,0.439544
/Data/florian.guillaumey/val2/test/video_150446,30,0.519209
/Data/florian.guillaumey/val2/test/video_150454,22,0.730525
/Data/florian.guillaumey/val2/test/video_150478,0,0.887033
/Data/florian.guillaumey/val2/test/video_150488,21,0.417450
/Data/florian.guillaumey/val2/test/video_150546,6,0.893551
/Data/florian.guillaumey/val2/test/video_150578,5,0.349714
/Data/florian.guillaumey/val2/test/video_150619,30,0.836189
/Data/florian.guillaumey/val2/test/video_150675,28,0.352540
/Data/florian.guillaumey/val2/test/video_150679,30,0.642371
/Data/florian.guillaumey/val2/test/video_150696,10,0.436875
/Data/florian.guillaumey/val2/test/video_150718,1,0.314044
/Data/florian.guillaumey/val2/test/video_150725,30,0.876182
/Data/florian.guillaumey/val2/test/video_150727,31,0.807827
/Data/florian.guillaumey/val2/test/video_150746,6,0.871890
/Data/florian.guillaumey/val2/test/video_150865,4,0.273518
/Data/florian.guillaumey/val2/test/video_150897,4,0.583949
/Data/florian.guillaumey/val2/test/video_150908,6,0.783090
/Data/florian.guillaumey/val2/test/video_150954,14,0.407633
/Data/florian.guillaumey/val2/test/video_151075,0,0.852019
/Data/florian.guillaumey/val2/test/video_151076,2,0.603628
/Data/florian.guillaumey/val2/test/video_15109,30,0.876440
/Data/florian.guillaumey/val2/test/video_151113,1,0.153164
/Data/florian.guillaumey/val2/test/video_151163,3,0.916428
/Data/florian.guillaumey/val2/test/video_151191,4,0.583583
/Data/florian.guillaumey/val2/test/video_151209,7,0.491092
/Data/florian.guillaumey/val2/test/video_151245,0,0.479102
/Data/florian.guillaumey/val2/test/video_151251,4,0.884014
/Data/florian.guillaumey/val2/test/video_151315,4,0.288982
/Data/florian.guillaumey/val2/test/video_151325,18,0.670828
/Data/florian.guillaumey/val2/test/video_151347,3,0.669776
/Data/florian.guillaumey/val2/test/video_151410,29,0.841271
/Data/florian.guillaumey/val2/test/video_151440,24,0.247468
/Data/florian.guillaumey/val2/test/video_151470,20,0.205033
/Data/florian.guillaumey/val2/test/video_151494,29,0.709869
/Data/florian.guillaumey/val2/test/video_151502,1,0.347829
/Data/florian.guillaumey/val2/test/video_151525,28,0.693683
/Data/florian.guillaumey/val2/test/video_151557,10,0.726939
/Data/florian.guillaumey/val2/test/video_151621,10,0.877177
/Data/florian.guillaumey/val2/test/video_15167,5,0.502315
/Data/florian.guillaumey/val2/test/video_151703,1,0.484429
/Data/florian.guillaumey/val2/test/video_15171,24,0.261690
/Data/florian.guillaumey/val2/test/video_151713,14,0.721409
/Data/florian.guillaumey/val2/test/video_151748,7,0.556173
/Data/florian.guillaumey/val2/test/video_151794,10,0.676353
/Data/florian.guillaumey/val2/test/video_151817,10,0.850433
/Data/florian.guillaumey/val2/test/video_151826,24,0.434679
/Data/florian.guillaumey/val2/test/video_151840,30,0.853286
/Data/florian.guillaumey/val2/test/video_151850,17,0.468029
/Data/florian.guillaumey/val2/test/video_151890,21,0.635682
/Data/florian.guillaumey/val2/test/video_151898,22,0.290507
/Data/florian.guillaumey/val2/test/video_151918,20,0.455205
/Data/florian.guillaumey/val2/test/video_151920,31,0.562581
/Data/florian.guillaumey/val2/test/video_151966,16,0.159576
/Data/florian.guillaumey/val2/test/video_151969,31,0.628995
/Data/florian.guillaumey/val2/test/video_151971,30,0.783832
/Data/florian.guillaumey/val2/test/video_151988,24,0.774646
/Data/florian.guillaumey/val2/test/video_152014,29,0.889328
/Data/florian.guillaumey/val2/test/video_152067,12,0.818460
/Data/florian.guillaumey/val2/test/video_152082,18,0.360284
/Data/florian.guillaumey/val2/test/video_152126,10,0.499126
/Data/florian.guillaumey/val2/test/video_15214,28,0.537560
/Data/florian.guillaumey/val2/test/video_152191,3,0.907087
/Data/florian.guillaumey/val2/test/video_152311,10,0.443189
/Data/florian.guillaumey/val2/test/video_152330,20,0.588415
/Data/florian.guillaumey/val2/test/video_152332,5,0.850306
/Data/florian.guillaumey/val2/test/video_152347,16,0.322987
/Data/florian.guillaumey/val2/test/video_152388,16,0.186107
/Data/florian.guillaumey/val2/test/video_152411,9,0.823119
/Data/florian.guillaumey/val2/test/video_152433,22,0.405817
/Data/florian.guillaumey/val2/test/video_152435,30,0.531592
/Data/florian.guillaumey/val2/test/video_152498,3,0.536745
/Data/florian.guillaumey/val2/test/video_152521,6,0.519754
/Data/florian.guillaumey/val2/test/video_152568,18,0.545719
/Data/florian.guillaumey/val2/test/video_152590,11,0.277959
/Data/florian.guillaumey/val2/test/video_15260,3,0.708598
/Data/florian.guillaumey/val2/test/video_152661,10,0.561067
/Data/florian.guillaumey/val2/test/video_152764,24,0.395533
/Data/florian.guillaumey/val2/test/video_152765,29,0.870266
/Data/florian.guillaumey/val2/test/video_152848,7,0.513977
/Data/florian.guillaumey/val2/test/video_152897,14,0.643934
/Data/florian.guillaumey/val2/test/video_152901,6,0.756641
/Data/florian.guillaumey/val2/test/video_152913,31,0.671099
/Data/florian.guillaumey/val2/test/video_152930,31,0.552919
/Data/florian.guillaumey/val2/test/video_15295,10,0.465094
/Data/florian.guillaumey/val2/test/video_152962,15,0.340482
/Data/florian.guillaumey/val2/test/video_153002,2,0.269692
/Data/florian.guillaumey/val2/test/video_153016,0,0.910331
/Data/florian.guillaumey/val2/test/video_153050,14,0.761626
/Data/florian.guillaumey/val2/test/video_153093,24,0.228839
/Data/florian.guillaumey/val2/test/video_153150,17,0.210190
/Data/florian.guillaumey/val2/test/video_153156,3,0.837376
/Data/florian.guillaumey/val2/test/video_153176,22,0.713647
/Data/florian.guillaumey/val2/test/video_153206,14,0.351083
/Data/florian.guillaumey/val2/test/video_153318,2,0.128918
/Data/florian.guillaumey/val2/test/video_153334,15,0.497609
/Data/florian.guillaumey/val2/test/video_153403,14,0.488387
/Data/florian.guillaumey/val2/test/video_153406,23,0.182733
/Data/florian.guillaumey/val2/test/video_153408,21,0.854561
/Data/florian.guillaumey/val2/test/video_153436,1,0.280610
/Data/florian.guillaumey/val2/test/video_153456,12,0.908730
/Data/florian.guillaumey/val2/test/video_153472,30,0.392831
/Data/florian.guillaumey/val2/test/video_153475,18,0.391373
/Data/florian.guillaumey/val2/test/video_153488,7,0.822914
/Data/florian.guillaumey/val2/test/video_15353,7,0.599342
/Data/florian.guillaumey/val2/test/video_153616,28,0.526500
/Data/florian.guillaumey/val2/test/video_15362,14,0.692741
/Data/florian.guillaumey/val2/test/video_153674,1,0.846589
/Data/florian.guillaumey/val2/test/video_153681,16,0.608609
/Data/florian.guillaumey/val2/test/video_153737,6,0.451244
/Data/florian.guillaumey/val2/test/video_153808,30,0.269002
/Data/florian.guillaumey/val2/test/video_153833,32,0.587097
/Data/florian.guillaumey/val2/test/video_153857,11,0.855778
/Data/florian.guillaumey/val2/test/video_153933,8,0.278833
/Data/florian.guillaumey/val2/test/video_153956,30,0.646377
/Data/florian.guillaumey/val2/test/video_153987,24,0.321068
/Data/florian.guillaumey/val2/test/video_153993,10,0.549805
/Data/florian.guillaumey/val2/test/video_154021,16,0.326870
/Data/florian.guillaumey/val2/test/video_15405,17,0.221425
/Data/florian.guillaumey/val2/test/video_154075,20,0.701426
/Data/florian.guillaumey/val2/test/video_154086,7,0.774228
/Data/florian.guillaumey/val2/test/video_154102,16,0.499012
/Data/florian.guillaumey/val2/test/video_154125,18,0.314135
/Data/florian.guillaumey/val2/test/video_154134,14,0.438109
/Data/florian.guillaumey/val2/test/video_154184,7,0.888627
/Data/florian.guillaumey/val2/test/video_154235,14,0.469695
/Data/florian.guillaumey/val2/test/video_154248,22,0.592493
/Data/florian.guillaumey/val2/test/video_154284,5,0.498075
/Data/florian.guillaumey/val2/test/video_15433,30,0.244910
/Data/florian.guillaumey/val2/test/video_154408,31,0.304463
/Data/florian.guillaumey/val2/test/video_154466,10,0.738784
/Data/florian.guillaumey/val2/test/video_154495,5,0.542662
/Data/florian.guillaumey/val2/test/video_154522,5,0.268873
/Data/florian.guillaumey/val2/test/video_154538,4,0.887726
/Data/florian.guillaumey/val2/test/video_154659,31,0.869562
/Data/florian.guillaumey/val2/test/video_15471,11,0.385253
/Data/florian.guillaumey/val2/test/video_154719,9,0.272765
/Data/florian.guillaumey/val2/test/video_154725,4,0.867948
/Data/florian.guillaumey/val2/test/video_154853,5,0.771891
/Data/florian.guillaumey/val2/test/video_154878,24,0.544915
/Data/florian.guillaumey/val2/test/video_154893,5,0.840349
/Data/florian.guillaumey/val2/test/video_154901,24,0.263882
/Data/florian.guillaumey/val2/test/video_155,25,0.356709
/Data/florian.guillaumey/val2/test/video_15501,7,0.841638
/Data/florian.guillaumey/val2/test/video_15502,8,0.194372
/Data/florian.guillaumey/val2/test/video_155035,19,0.269462
/Data/florian.guillaumey/val2/test/video_155036,18,0.654329
/Data/florian.guillaumey/val2/test/video_155047,5,0.266698
/Data/florian.guillaumey/val2/test/video_155074,28,0.596717
/Data/florian.guillaumey/val2/test/video_155107,32,0.804031
/Data/florian.guillaumey/val2/test/video_155115,22,0.431750
/Data/florian.guillaumey/val2/test/video_155122,4,0.173883
/Data/florian.guillaumey/val2/test/video_155219,0,0.753950
/Data/florian.guillaumey/val2/test/video_155253,16,0.528549
/Data/florian.guillaumey/val2/test/video_155263,14,0.238215
/Data/florian.guillaumey/val2/test/video_155281,29,0.862072
/Data/florian.guillaumey/val2/test/video_155318,10,0.741822
/Data/florian.guillaumey/val2/test/video_155320,18,0.233790
/Data/florian.guillaumey/val2/test/video_155349,0,0.175549
/Data/florian.guillaumey/val2/test/video_15536,9,0.456604
/Data/florian.guillaumey/val2/test/video_155393,10,0.212558
/Data/florian.guillaumey/val2/test/video_155428,14,0.486846
/Data/florian.guillaumey/val2/test/video_15548,8,0.869149
/Data/florian.guillaumey/val2/test/video_155484,17,0.279131
/Data/florian.guillaumey/val2/test/video_155507,4,0.642505
/Data/florian.guillaumey/val2/test/video_155630,5,0.239537
/Data/florian.guillaumey/val2/test/video_155662,6,0.195715
/Data/florian.guillaumey/val2/test/video_155667,7,0.804759
/Data/florian.guillaumey/val2/test/video_155698,1,0.449492
/Data/florian.guillaumey/val2/test/video_155799,13,0.340777
/Data/florian.guillaumey/val2/test/video_155800,11,0.293861
/Data/florian.guillaumey/val2/test/video_155865,12,0.641990
/Data/florian.guillaumey/val2/test/video_155867,13,0.603151
/Data/florian.guillaumey/val2/test/video_155871,12,0.293266
/Data/florian.guillaumey/val2/test/video_155888,30,0.711174
/Data/florian.guillaumey/val2/test/video_155912,28,0.777560
/Data/florian.guillaumey/val2/test/video_155944,12,0.690716
/Data/florian.guillaumey/val2/test/video_156014,5,0.284958
/Data/florian.guillaumey/val2/test/video_156049,23,0.779939
/Data/florian.guillaumey/val2/test/video_156081,10,0.868501
/Data/florian.guillaumey/val2/test/video_156111,16,0.411100
/Data/florian.guillaumey/val2/test/video_156128,14,0.740367
/Data/florian.guillaumey/val2/test/video_156143,1,0.172785
/Data/florian.guillaumey/val2/test/video_156179,29,0.907785
/Data/florian.guillaumey/val2/test/video_156215,22,0.226080
/Data/florian.guillaumey/val2/test/video_156237,20,0.444748
/Data/florian.guillaumey/val2/test/video_156263,29,0.611614
/Data/florian.guillaumey/val2/test/video_156277,1,0.885980
/Data/florian.guillaumey/val2/test/video_156314,6,0.621463
/Data/florian.guillaumey/val2/test/video_156328,30,0.884189
/Data/florian.guillaumey/val2/test/video_15638,31,0.211685
/Data/florian.guillaumey/val2/test/video_156388,4,0.871494
/Data/florian.guillaumey/val2/test/video_156389,16,0.742619
/Data/florian.guillaumey/val2/test/video_156399,32,0.508858
/Data/florian.guillaumey/val2/test/video_156416,17,0.637136
/Data/florian.guillaumey/val2/test/video_156442,4,0.680443
/Data/florian.guillaumey/val2/test/video_156448,12,0.673381
/Data/florian.guillaumey/val2/test/video_156452,4,0.313636
/Data/florian.guillaumey/val2/test/video_156467,24,0.520667
/Data/florian.guillaumey/val2/test/video_156510,14,0.263661
/Data/florian.guillaumey/val2/test/video_156513,7,0.808791
/Data/florian.guillaumey/val2/test/video_156551,21,0.697673
/Data/florian.guillaumey/val2/test/video_156667,31,0.764636
/Data/florian.guillaumey/val2/test/video_156700,12,0.148258
/Data/florian.guillaumey/val2/test/video_15671,24,0.788926
/Data/florian.guillaumey/val2/test/video_156787,1,0.192865
/Data/florian.guillaumey/val2/test/video_156811,30,0.916807
/Data/florian.guillaumey/val2/test/video_156848,4,0.342301
/Data/florian.guillaumey/val2/test/video_156861,1,0.882699
/Data/florian.guillaumey/val2/test/video_156878,4,0.149287
/Data/florian.guillaumey/val2/test/video_156932,4,0.842422
/Data/florian.guillaumey/val2/test/video_156961,31,0.851083
/Data/florian.guillaumey/val2/test/video_157007,6,0.598900
/Data/florian.guillaumey/val2/test/video_157079,22,0.285485
/Data/florian.guillaumey/val2/test/video_157103,0,0.889320
/Data/florian.guillaumey/val2/test/video_157135,6,0.546279
/Data/florian.guillaumey/val2/test/video_157153,12,0.907609
/Data/florian.guillaumey/val2/test/video_157163,3,0.787278
/Data/florian.guillaumey/val2/test/video_157189,5,0.735853
/Data/florian.guillaumey/val2/test/video_157194,2,0.245501
/Data/florian.guillaumey/val2/test/video_157295,18,0.474005
/Data/florian.guillaumey/val2/test/video_157383,3,0.728528
/Data/florian.guillaumey/val2/test/video_15740,31,0.532912
/Data/florian.guillaumey/val2/test/video_157485,17,0.292371
/Data/florian.guillaumey/val2/test/video_157558,23,0.899083
/Data/florian.guillaumey/val2/test/video_15756,14,0.415009
/Data/florian.guillaumey/val2/test/video_157612,32,0.164689
/Data/florian.guillaumey/val2/test/video_157624,18,0.501465
/Data/florian.guillaumey/val2/test/video_157677,1,0.535979
/Data/florian.guillaumey/val2/test/video_157688,4,0.853767
/Data/florian.guillaumey/val2/test/video_157727,6,0.894876
/Data/florian.guillaumey/val2/test/video_157776,1,0.298535
/Data/florian.guillaumey/val2/test/video_157791,0,0.791298
/Data/florian.guillaumey/val2/test/video_157833,5,0.628442
/Data/florian.guillaumey/val2/test/video_15789,3,0.346128
/Data/florian.guillaumey/val2/test/video_158047,4,0.890453
/Data/florian.guillaumey/val2/test/video_158139,9,0.839658
/Data/florian.guillaumey/val2/test/video_158154,32,0.896267
/Data/florian.guillaumey/val2/test/video_158184,14,0.274642
/Data/florian.guillaumey/val2/test/video_158191,12,0.668724
/Data/florian.guillaumey/val2/test/video_158202,5,0.904530
/Data/florian.guillaumey/val2/test/video_158212,4,0.371459
/Data/florian.guillaumey/val2/test/video_158215,1,0.879894
/Data/florian.guillaumey/val2/test/video_158263,14,0.371798
/Data/florian.guillaumey/val2/test/video_158302,1,0.306800
/Data/florian.guillaumey/val2/test/video_158326,4,0.346680
/Data/florian.guillaumey/val2/test/video_158328,0,0.430949
/Data/florian.guillaumey/val2/test/video_158348,31,0.909583
/Data/florian.guillaumey/val2/test/video_158350,29,0.209119
/Data/florian.guillaumey/val2/test/video_158377,29,0.548640
/Data/florian.guillaumey/val2/test/video_158385,22,0.331843
/Data/florian.guillaumey/val2/test/video_158387,4,0.272850
/Data/florian.guillaumey/val2/test/video_158424,12,0.811073
/Data/florian.guillaumey/val2/test/video_158440,24,0.609061
/Data/florian.guillaumey/val2/test/video_158497,1,0.755501
/Data/florian.guillaumey/val2/test/video_158505,28,0.376858
/Data/florian.guillaumey/val2/test/video_158566,31,0.877223
/Data/florian.guillaumey/val2/test/video_158607,3,0.312092
/Data/florian.guillaumey/val2/test/video_158637,7,0.818855
/Data/florian.guillaumey/val2/test/video_158649,12,0.602915
/Data/florian.guillaumey/val2/test/video_158657,7,0.448377
/Data/florian.guillaumey/val2/test/video_158666,7,0.279237
/Data/florian.guillaumey/val2/test/video_158676,1,0.360091
/Data/florian.guillaumey/val2/test/video_158678,7,0.852205
/Data/florian.guillaumey/val2/test/video_158712,14,0.683501
/Data/florian.guillaumey/val2/test/video_158718,22,0.409714
/Data/florian.guillaumey/val2/test/video_158743,18,0.309331
/Data/florian.guillaumey/val2/test/video_158766,23,0.749060
/Data/florian.guillaumey/val2/test/video_158780,15,0.726087
/Data/florian.guillaumey/val2/test/video_15880,24,0.404796
/Data/florian.guillaumey/val2/test/video_158819,13,0.345106
/Data/florian.guillaumey/val2/test/video_158826,18,0.525461
/Data/florian.guillaumey/val2/test/video_158836,19,0.447556
/Data/florian.guillaumey/val2/test/video_158859,10,0.346937
/Data/florian.guillaumey/val2/test/video_158866,9,0.473258
/Data/florian.guillaumey/val2/test/video_15891,28,0.189212
/Data/florian.guillaumey/val2/test/video_158998,14,0.337857
/Data/florian.guillaumey/val2/test/video_159009,28,0.814210
/Data/florian.guillaumey/val2/test/video_159087,4,0.806333
/Data/florian.guillaumey/val2/test/video_159092,30,0.719518
/Data/florian.guillaumey/val2/test/video_159139,6,0.618299
/Data/florian.guillaumey/val2/test/video_159150,9,0.429230
/Data/florian.guillaumey/val2/test/video_159156,21,0.348829
/Data/florian.guillaumey/val2/test/video_159171,20,0.877991
/Data/florian.guillaumey/val2/test/video_159173,16,0.420305
/Data/florian.guillaumey/val2/test/video_159178,31,0.209539
/Data/florian.guillaumey/val2/test/video_159186,10,0.768462
/Data/florian.guillaumey/val2/test/video_159199,4,0.889659
/Data/florian.guillaumey/val2/test/video_159218,14,0.446644
/Data/florian.guillaumey/val2/test/video_159227,14,0.120189
/Data/florian.guillaumey/val2/test/video_159261,8,0.541484
/Data/florian.guillaumey/val2/test/video_159274,1,0.811233
/Data/florian.guillaumey/val2/test/video_159292,4,0.322025
/Data/florian.guillaumey/val2/test/video_159323,31,0.465022
/Data/florian.guillaumey/val2/test/video_159388,23,0.905053
/Data/florian.guillaumey/val2/test/video_159522,31,0.837210
/Data/florian.guillaumey/val2/test/video_159545,3,0.747048
/Data/florian.guillaumey/val2/test/video_159550,12,0.494769
/Data/florian.guillaumey/val2/test/video_159561,17,0.501616
/Data/florian.guillaumey/val2/test/video_159616,21,0.224823
/Data/florian.guillaumey/val2/test/video_159633,14,0.380888
/Data/florian.guillaumey/val2/test/video_15964,22,0.517665
/Data/florian.guillaumey/val2/test/video_159839,0,0.834616
/Data/florian.guillaumey/val2/test/video_159853,5,0.474046
/Data/florian.guillaumey/val2/test/video_159861,30,0.569987
/Data/florian.guillaumey/val2/test/video_159887,3,0.615945
/Data/florian.guillaumey/val2/test/video_159940,19,0.416162
/Data/florian.guillaumey/val2/test/video_159944,14,0.417951
/Data/florian.guillaumey/val2/test/video_159955,21,0.510315
/Data/florian.guillaumey/val2/test/video_159974,14,0.856940
/Data/florian.guillaumey/val2/test/video_159978,15,0.392553
/Data/florian.guillaumey/val2/test/video_159984,4,0.275496
/Data/florian.guillaumey/val2/test/video_159985,14,0.137002
/Data/florian.guillaumey/val2/test/video_15999,18,0.512172
/Data/florian.guillaumey/val2/test/video_160064,3,0.768162
/Data/florian.guillaumey/val2/test/video_16010,12,0.397808
/Data/florian.guillaumey/val2/test/video_160118,10,0.253617
/Data/florian.guillaumey/val2/test/video_16012,28,0.673563
/Data/florian.guillaumey/val2/test/video_160123,21,0.858798
/Data/florian.guillaumey/val2/test/video_160177,24,0.780620
/Data/florian.guillaumey/val2/test/video_16018,4,0.455481
/Data/florian.guillaumey/val2/test/video_160188,29,0.587522
/Data/florian.guillaumey/val2/test/video_160242,4,0.272487
/Data/florian.guillaumey/val2/test/video_160244,14,0.668218
/Data/florian.guillaumey/val2/test/video_160248,4,0.567516
/Data/florian.guillaumey/val2/test/video_160340,3,0.828816
/Data/florian.guillaumey/val2/test/video_16036,28,0.796712
/Data/florian.guillaumey/val2/test/video_160395,10,0.382561
/Data/florian.guillaumey/val2/test/video_160516,28,0.603960
/Data/florian.guillaumey/val2/test/video_160527,7,0.854490
/Data/florian.guillaumey/val2/test/video_160579,12,0.527921
/Data/florian.guillaumey/val2/test/video_160609,4,0.438056
/Data/florian.guillaumey/val2/test/video_16061,29,0.764130
/Data/florian.guillaumey/val2/test/video_160614,31,0.888499
/Data/florian.guillaumey/val2/test/video_16063,24,0.662463
/Data/florian.guillaumey/val2/test/video_160642,30,0.884554
/Data/florian.guillaumey/val2/test/video_160654,16,0.416508
/Data/florian.guillaumey/val2/test/video_160670,28,0.421366
/Data/florian.guillaumey/val2/test/video_160722,3,0.824884
/Data/florian.guillaumey/val2/test/video_160733,5,0.572164
/Data/florian.guillaumey/val2/test/video_160740,20,0.783156
/Data/florian.guillaumey/val2/test/video_160829,10,0.745011
/Data/florian.guillaumey/val2/test/video_160847,31,0.336410
/Data/florian.guillaumey/val2/test/video_160854,11,0.756606
/Data/florian.guillaumey/val2/test/video_16086,31,0.457114
/Data/florian.guillaumey/val2/test/video_160861,30,0.430323
/Data/florian.guillaumey/val2/test/video_160869,1,0.396871
/Data/florian.guillaumey/val2/test/video_160882,6,0.862221
/Data/florian.guillaumey/val2/test/video_160889,3,0.652533
/Data/florian.guillaumey/val2/test/video_160903,14,0.860880
/Data/florian.guillaumey/val2/test/video_160960,4,0.525864
/Data/florian.guillaumey/val2/test/video_16097,26,0.298313
/Data/florian.guillaumey/val2/test/video_161019,1,0.632871
/Data/florian.guillaumey/val2/test/video_16106,4,0.490064
/Data/florian.guillaumey/val2/test/video_161080,14,0.415606
/Data/florian.guillaumey/val2/test/video_161118,30,0.917685
/Data/florian.guillaumey/val2/test/video_161122,32,0.755655
/Data/florian.guillaumey/val2/test/video_161135,4,0.924631
/Data/florian.guillaumey/val2/test/video_161136,3,0.481597
/Data/florian.guillaumey/val2/test/video_161153,4,0.799227
/Data/florian.guillaumey/val2/test/video_161198,19,0.739569
/Data/florian.guillaumey/val2/test/video_1612,12,0.578089
/Data/florian.guillaumey/val2/test/video_161226,9,0.806205
/Data/florian.guillaumey/val2/test/video_161230,23,0.383326
/Data/florian.guillaumey/val2/test/video_161261,21,0.357592
/Data/florian.guillaumey/val2/test/video_161262,15,0.337936
/Data/florian.guillaumey/val2/test/video_161272,31,0.878026
/Data/florian.guillaumey/val2/test/video_161348,15,0.628311
/Data/florian.guillaumey/val2/test/video_161391,1,0.392880
/Data/florian.guillaumey/val2/test/video_161402,23,0.901325
/Data/florian.guillaumey/val2/test/video_161413,16,0.090085
/Data/florian.guillaumey/val2/test/video_161425,16,0.276166
/Data/florian.guillaumey/val2/test/video_161445,16,0.362711
/Data/florian.guillaumey/val2/test/video_161478,4,0.554470
/Data/florian.guillaumey/val2/test/video_16151,14,0.773628
/Data/florian.guillaumey/val2/test/video_161545,30,0.889289
/Data/florian.guillaumey/val2/test/video_161565,14,0.846467
/Data/florian.guillaumey/val2/test/video_161570,28,0.196402
/Data/florian.guillaumey/val2/test/video_161590,28,0.537718
/Data/florian.guillaumey/val2/test/video_161606,14,0.391142
/Data/florian.guillaumey/val2/test/video_161612,1,0.719304
/Data/florian.guillaumey/val2/test/video_161629,4,0.429285
/Data/florian.guillaumey/val2/test/video_161707,5,0.812418
/Data/florian.guillaumey/val2/test/video_161726,6,0.841501
/Data/florian.guillaumey/val2/test/video_16177,21,0.447045
/Data/florian.guillaumey/val2/test/video_161789,30,0.222720
/Data/florian.guillaumey/val2/test/video_161803,4,0.177068
/Data/florian.guillaumey/val2/test/video_161804,17,0.277100
/Data/florian.guillaumey/val2/test/video_161827,32,0.923052
/Data/florian.guillaumey/val2/test/video_161966,9,0.436356
/Data/florian.guillaumey/val2/test/video_161994,14,0.516142
/Data/florian.guillaumey/val2/test/video_162,3,0.835718
/Data/florian.guillaumey/val2/test/video_162006,15,0.946789
/Data/florian.guillaumey/val2/test/video_162060,5,0.172577
/Data/florian.guillaumey/val2/test/video_162110,12,0.858383
/Data/florian.guillaumey/val2/test/video_162157,7,0.878085
/Data/florian.guillaumey/val2/test/video_162170,30,0.838389
/Data/florian.guillaumey/val2/test/video_162195,14,0.647168
/Data/florian.guillaumey/val2/test/video_162210,3,0.396499
/Data/florian.guillaumey/val2/test/video_162216,23,0.832334
/Data/florian.guillaumey/val2/test/video_16222,22,0.514701
/Data/florian.guillaumey/val2/test/video_162230,22,0.283525
/Data/florian.guillaumey/val2/test/video_162260,30,0.835467
/Data/florian.guillaumey/val2/test/video_162279,10,0.275370
/Data/florian.guillaumey/val2/test/video_162286,1,0.906248
/Data/florian.guillaumey/val2/test/video_16229,31,0.685696
/Data/florian.guillaumey/val2/test/video_162342,24,0.230650
/Data/florian.guillaumey/val2/test/video_162355,15,0.707852
/Data/florian.guillaumey/val2/test/video_162365,9,0.898735
/Data/florian.guillaumey/val2/test/video_162389,22,0.172190
/Data/florian.guillaumey/val2/test/video_162423,15,0.398822
/Data/florian.guillaumey/val2/test/video_162434,1,0.815461
/Data/florian.guillaumey/val2/test/video_16247,22,0.243607
/Data/florian.guillaumey/val2/test/video_162567,14,0.433447
/Data/florian.guillaumey/val2/test/video_162568,5,0.734003
/Data/florian.guillaumey/val2/test/video_162577,3,0.861023
/Data/florian.guillaumey/val2/test/video_162612,3,0.883027
/Data/florian.guillaumey/val2/test/video_162660,3,0.886615
/Data/florian.guillaumey/val2/test/video_162708,7,0.870767
/Data/florian.guillaumey/val2/test/video_162725,0,0.534973
/Data/florian.guillaumey/val2/test/video_162733,16,0.285210
/Data/florian.guillaumey/val2/test/video_162741,4,0.669864
/Data/florian.guillaumey/val2/test/video_162778,23,0.688298
/Data/florian.guillaumey/val2/test/video_162815,18,0.637343
/Data/florian.guillaumey/val2/test/video_162816,28,0.926670
/Data/florian.guillaumey/val2/test/video_162837,31,0.817557
/Data/florian.guillaumey/val2/test/video_162840,31,0.826344
/Data/florian.guillaumey/val2/test/video_162847,6,0.888019
/Data/florian.guillaumey/val2/test/video_162886,7,0.627528
/Data/florian.guillaumey/val2/test/video_162919,24,0.173459
/Data/florian.guillaumey/val2/test/video_162930,1,0.656874
/Data/florian.guillaumey/val2/test/video_162935,10,0.267085
/Data/florian.guillaumey/val2/test/video_162950,1,0.597878
/Data/florian.guillaumey/val2/test/video_16297,28,0.896991
/Data/florian.guillaumey/val2/test/video_163045,16,0.263503
/Data/florian.guillaumey/val2/test/video_163102,9,0.457454
/Data/florian.guillaumey/val2/test/video_16316,12,0.773875
/Data/florian.guillaumey/val2/test/video_163178,2,0.813890
/Data/florian.guillaumey/val2/test/video_163184,32,0.512508
/Data/florian.guillaumey/val2/test/video_163209,15,0.147243
/Data/florian.guillaumey/val2/test/video_163211,16,0.399320
/Data/florian.guillaumey/val2/test/video_16322,22,0.897838
/Data/florian.guillaumey/val2/test/video_163239,18,0.528514
/Data/florian.guillaumey/val2/test/video_163274,30,0.806045
/Data/florian.guillaumey/val2/test/video_163276,14,0.871977
/Data/florian.guillaumey/val2/test/video_163287,2,0.545954
/Data/florian.guillaumey/val2/test/video_163325,13,0.468937
/Data/florian.guillaumey/val2/test/video_163356,10,0.449646
/Data/florian.guillaumey/val2/test/video_163367,22,0.196567
/Data/florian.guillaumey/val2/test/video_163415,22,0.508546
/Data/florian.guillaumey/val2/test/video_163437,4,0.587375
/Data/florian.guillaumey/val2/test/video_163451,24,0.273551
/Data/florian.guillaumey/val2/test/video_163452,12,0.786679
/Data/florian.guillaumey/val2/test/video_163455,28,0.691408
/Data/florian.guillaumey/val2/test/video_163464,18,0.498477
/Data/florian.guillaumey/val2/test/video_16347,18,0.777076
/Data/florian.guillaumey/val2/test/video_1635,4,0.558626
/Data/florian.guillaumey/val2/test/video_16356,10,0.225249
/Data/florian.guillaumey/val2/test/video_163582,18,0.285270
/Data/florian.guillaumey/val2/test/video_16360,3,0.820436
/Data/florian.guillaumey/val2/test/video_163640,18,0.307326
/Data/florian.guillaumey/val2/test/video_163722,17,0.777578
/Data/florian.guillaumey/val2/test/video_163744,14,0.741484
/Data/florian.guillaumey/val2/test/video_163812,10,0.694119
/Data/florian.guillaumey/val2/test/video_163818,4,0.262896
/Data/florian.guillaumey/val2/test/video_163866,8,0.852786
/Data/florian.guillaumey/val2/test/video_163873,30,0.504275
/Data/florian.guillaumey/val2/test/video_163882,24,0.434272
/Data/florian.guillaumey/val2/test/video_163924,10,0.754264
/Data/florian.guillaumey/val2/test/video_164015,31,0.502613
/Data/florian.guillaumey/val2/test/video_164020,31,0.286872
/Data/florian.guillaumey/val2/test/video_164033,6,0.347626
/Data/florian.guillaumey/val2/test/video_164035,31,0.330928
/Data/florian.guillaumey/val2/test/video_164052,14,0.493222
/Data/florian.guillaumey/val2/test/video_164075,10,0.206444
/Data/florian.guillaumey/val2/test/video_164091,14,0.420746
/Data/florian.guillaumey/val2/test/video_164120,9,0.801820
/Data/florian.guillaumey/val2/test/video_164136,31,0.798117
/Data/florian.guillaumey/val2/test/video_16415,12,0.103461
/Data/florian.guillaumey/val2/test/video_164268,9,0.437770
/Data/florian.guillaumey/val2/test/video_164311,32,0.788542
/Data/florian.guillaumey/val2/test/video_164312,0,0.782069
/Data/florian.guillaumey/val2/test/video_164316,15,0.744780
/Data/florian.guillaumey/val2/test/video_164333,16,0.697603
/Data/florian.guillaumey/val2/test/video_164341,1,0.490012
/Data/florian.guillaumey/val2/test/video_164345,2,0.398305
/Data/florian.guillaumey/val2/test/video_164350,9,0.641231
/Data/florian.guillaumey/val2/test/video_164409,30,0.581858
/Data/florian.guillaumey/val2/test/video_164434,32,0.862489
/Data/florian.guillaumey/val2/test/video_164477,9,0.159653
/Data/florian.guillaumey/val2/test/video_164489,16,0.469911
/Data/florian.guillaumey/val2/test/video_164506,12,0.421552
/Data/florian.guillaumey/val2/test/video_164526,25,0.607050
/Data/florian.guillaumey/val2/test/video_164575,7,0.806018
/Data/florian.guillaumey/val2/test/video_164580,4,0.171801
/Data/florian.guillaumey/val2/test/video_164591,3,0.896225
/Data/florian.guillaumey/val2/test/video_16461,31,0.380208
/Data/florian.guillaumey/val2/test/video_16462,15,0.692253
/Data/florian.guillaumey/val2/test/video_16464,24,0.098941
/Data/florian.guillaumey/val2/test/video_164689,6,0.768096
/Data/florian.guillaumey/val2/test/video_164702,30,0.888613
/Data/florian.guillaumey/val2/test/video_164704,21,0.332654
/Data/florian.guillaumey/val2/test/video_16472,8,0.253889
/Data/florian.guillaumey/val2/test/video_164738,4,0.270173
/Data/florian.guillaumey/val2/test/video_164752,28,0.420256
/Data/florian.guillaumey/val2/test/video_164782,8,0.385471
/Data/florian.guillaumey/val2/test/video_164789,22,0.729097
/Data/florian.guillaumey/val2/test/video_164822,1,0.911465
/Data/florian.guillaumey/val2/test/video_164833,28,0.613072
/Data/florian.guillaumey/val2/test/video_164879,30,0.835863
/Data/florian.guillaumey/val2/test/video_164888,14,0.295444
/Data/florian.guillaumey/val2/test/video_164899,31,0.396188
/Data/florian.guillaumey/val2/test/video_16491,3,0.717716
/Data/florian.guillaumey/val2/test/video_164922,14,0.563744
/Data/florian.guillaumey/val2/test/video_164944,5,0.335390
/Data/florian.guillaumey/val2/test/video_164949,31,0.853918
/Data/florian.guillaumey/val2/test/video_164958,17,0.366019
/Data/florian.guillaumey/val2/test/video_164962,17,0.339922
/Data/florian.guillaumey/val2/test/video_164988,4,0.698863
/Data/florian.guillaumey/val2/test/video_164992,31,0.806779
/Data/florian.guillaumey/val2/test/video_165020,14,0.495258
/Data/florian.guillaumey/val2/test/video_165063,3,0.353500
/Data/florian.guillaumey/val2/test/video_165084,24,0.400840
/Data/florian.guillaumey/val2/test/video_165089,30,0.459031
/Data/florian.guillaumey/val2/test/video_165111,9,0.216842
/Data/florian.guillaumey/val2/test/video_165247,2,0.876523
/Data/florian.guillaumey/val2/test/video_16530,18,0.372872
/Data/florian.guillaumey/val2/test/video_165314,3,0.904133
/Data/florian.guillaumey/val2/test/video_165321,28,0.899340
/Data/florian.guillaumey/val2/test/video_165392,5,0.767407
/Data/florian.guillaumey/val2/test/video_165394,19,0.549561
/Data/florian.guillaumey/val2/test/video_165439,3,0.551496
/Data/florian.guillaumey/val2/test/video_165456,15,0.616857
/Data/florian.guillaumey/val2/test/video_16546,28,0.327610
/Data/florian.guillaumey/val2/test/video_165472,24,0.351951
/Data/florian.guillaumey/val2/test/video_165473,22,0.431451
/Data/florian.guillaumey/val2/test/video_165493,20,0.777936
/Data/florian.guillaumey/val2/test/video_165563,8,0.801052
/Data/florian.guillaumey/val2/test/video_165602,0,0.340273
/Data/florian.guillaumey/val2/test/video_165633,22,0.234478
/Data/florian.guillaumey/val2/test/video_16564,15,0.410611
/Data/florian.guillaumey/val2/test/video_165654,3,0.843885
/Data/florian.guillaumey/val2/test/video_165661,23,0.885913
/Data/florian.guillaumey/val2/test/video_165721,5,0.354941
/Data/florian.guillaumey/val2/test/video_165722,4,0.496313
/Data/florian.guillaumey/val2/test/video_165758,12,0.641320
/Data/florian.guillaumey/val2/test/video_165773,18,0.545446
/Data/florian.guillaumey/val2/test/video_165777,28,0.136669
/Data/florian.guillaumey/val2/test/video_165783,10,0.275679
/Data/florian.guillaumey/val2/test/video_165839,12,0.787257
/Data/florian.guillaumey/val2/test/video_165864,5,0.796672
/Data/florian.guillaumey/val2/test/video_16590,4,0.451564
/Data/florian.guillaumey/val2/test/video_165904,9,0.721127
/Data/florian.guillaumey/val2/test/video_16592,23,0.890257
/Data/florian.guillaumey/val2/test/video_165926,12,0.823496
/Data/florian.guillaumey/val2/test/video_16594,9,0.378026
/Data/florian.guillaumey/val2/test/video_165944,8,0.266112
/Data/florian.guillaumey/val2/test/video_165958,10,0.165162
/Data/florian.guillaumey/val2/test/video_16598,16,0.662944
/Data/florian.guillaumey/val2/test/video_166051,10,0.446503
/Data/florian.guillaumey/val2/test/video_166066,20,0.283607
/Data/florian.guillaumey/val2/test/video_166117,22,0.387324
/Data/florian.guillaumey/val2/test/video_166146,23,0.547967
/Data/florian.guillaumey/val2/test/video_166155,13,0.632940
/Data/florian.guillaumey/val2/test/video_166167,31,0.730160
/Data/florian.guillaumey/val2/test/video_166189,18,0.328938
/Data/florian.guillaumey/val2/test/video_166268,19,0.651906
/Data/florian.guillaumey/val2/test/video_166279,24,0.379899
/Data/florian.guillaumey/val2/test/video_166284,6,0.693074
/Data/florian.guillaumey/val2/test/video_166310,7,0.597649
/Data/florian.guillaumey/val2/test/video_166313,5,0.375391
/Data/florian.guillaumey/val2/test/video_166391,28,0.742324
/Data/florian.guillaumey/val2/test/video_166429,28,0.560998
/Data/florian.guillaumey/val2/test/video_166473,5,0.898498
/Data/florian.guillaumey/val2/test/video_166510,3,0.572703
/Data/florian.guillaumey/val2/test/video_166516,14,0.455338
/Data/florian.guillaumey/val2/test/video_166528,14,0.599653
/Data/florian.guillaumey/val2/test/video_166533,7,0.701623
/Data/florian.guillaumey/val2/test/video_166545,14,0.792137
/Data/florian.guillaumey/val2/test/video_166594,5,0.869349
/Data/florian.guillaumey/val2/test/video_166623,22,0.169591
/Data/florian.guillaumey/val2/test/video_166679,24,0.386311
/Data/florian.guillaumey/val2/test/video_166740,9,0.116046
/Data/florian.guillaumey/val2/test/video_166747,5,0.699414
/Data/florian.guillaumey/val2/test/video_166822,6,0.866012
/Data/florian.guillaumey/val2/test/video_166918,2,0.869406
/Data/florian.guillaumey/val2/test/video_16692,14,0.659367
/Data/florian.guillaumey/val2/test/video_166928,12,0.658186
/Data/florian.guillaumey/val2/test/video_166930,5,0.891170
/Data/florian.guillaumey/val2/test/video_166998,14,0.798266
/Data/florian.guillaumey/val2/test/video_167016,0,0.866669
/Data/florian.guillaumey/val2/test/video_167087,5,0.733491
/Data/florian.guillaumey/val2/test/video_167125,14,0.251803
/Data/florian.guillaumey/val2/test/video_167217,23,0.427179
/Data/florian.guillaumey/val2/test/video_167234,17,0.158666
/Data/florian.guillaumey/val2/test/video_1673,7,0.779814
/Data/florian.guillaumey/val2/test/video_167305,4,0.713306
/Data/florian.guillaumey/val2/test/video_16731,9,0.304646
/Data/florian.guillaumey/val2/test/video_167368,1,0.250916
/Data/florian.guillaumey/val2/test/video_167375,6,0.787069
/Data/florian.guillaumey/val2/test/video_167402,1,0.913792
/Data/florian.guillaumey/val2/test/video_167429,30,0.817621
/Data/florian.guillaumey/val2/test/video_167454,7,0.857694
/Data/florian.guillaumey/val2/test/video_167467,4,0.368585
/Data/florian.guillaumey/val2/test/video_167481,6,0.631863
/Data/florian.guillaumey/val2/test/video_167600,21,0.367202
/Data/florian.guillaumey/val2/test/video_167619,9,0.911257
/Data/florian.guillaumey/val2/test/video_167673,7,0.594649
/Data/florian.guillaumey/val2/test/video_167692,29,0.607730
/Data/florian.guillaumey/val2/test/video_167696,15,0.448100
/Data/florian.guillaumey/val2/test/video_167712,12,0.760327
/Data/florian.guillaumey/val2/test/video_167724,8,0.738577
/Data/florian.guillaumey/val2/test/video_167742,14,0.544624
/Data/florian.guillaumey/val2/test/video_167752,14,0.515652
/Data/florian.guillaumey/val2/test/video_167755,1,0.629157
/Data/florian.guillaumey/val2/test/video_167757,10,0.290626
/Data/florian.guillaumey/val2/test/video_167774,15,0.152852
/Data/florian.guillaumey/val2/test/video_167817,17,0.240094
/Data/florian.guillaumey/val2/test/video_167824,30,0.377927
/Data/florian.guillaumey/val2/test/video_167902,18,0.460250
/Data/florian.guillaumey/val2/test/video_167955,5,0.151186
/Data/florian.guillaumey/val2/test/video_167978,6,0.853830
/Data/florian.guillaumey/val2/test/video_168012,10,0.321419
/Data/florian.guillaumey/val2/test/video_168026,5,0.445064
/Data/florian.guillaumey/val2/test/video_168064,1,0.590434
/Data/florian.guillaumey/val2/test/video_168095,32,0.500079
/Data/florian.guillaumey/val2/test/video_1681,3,0.821492
/Data/florian.guillaumey/val2/test/video_168139,4,0.786624
/Data/florian.guillaumey/val2/test/video_168158,30,0.853850
/Data/florian.guillaumey/val2/test/video_168302,10,0.358506
/Data/florian.guillaumey/val2/test/video_168328,3,0.357203
/Data/florian.guillaumey/val2/test/video_168399,6,0.206120
/Data/florian.guillaumey/val2/test/video_168422,18,0.513196
/Data/florian.guillaumey/val2/test/video_168472,12,0.447295
/Data/florian.guillaumey/val2/test/video_168490,10,0.162956
/Data/florian.guillaumey/val2/test/video_168665,5,0.464552
/Data/florian.guillaumey/val2/test/video_168686,6,0.882979
/Data/florian.guillaumey/val2/test/video_168695,30,0.400380
/Data/florian.guillaumey/val2/test/video_168739,5,0.223823
/Data/florian.guillaumey/val2/test/video_168759,30,0.792732
/Data/florian.guillaumey/val2/test/video_168767,4,0.882992
/Data/florian.guillaumey/val2/test/video_16877,14,0.407794
/Data/florian.guillaumey/val2/test/video_168817,30,0.274005
/Data/florian.guillaumey/val2/test/video_168830,1,0.189395
/Data/florian.guillaumey/val2/test/video_16885,7,0.884706
/Data/florian.guillaumey/val2/test/video_168869,30,0.330127
/Data/florian.guillaumey/val2/test/video_168886,14,0.599195
/Data/florian.guillaumey/val2/test/video_168895,3,0.523920
/Data/florian.guillaumey/val2/test/video_168901,1,0.319997
/Data/florian.guillaumey/val2/test/video_168909,4,0.265083
/Data/florian.guillaumey/val2/test/video_168920,28,0.712319
/Data/florian.guillaumey/val2/test/video_168925,9,0.266443
/Data/florian.guillaumey/val2/test/video_168955,12,0.504242
/Data/florian.guillaumey/val2/test/video_168979,16,0.437877
/Data/florian.guillaumey/val2/test/video_16898,0,0.427749
/Data/florian.guillaumey/val2/test/video_169008,17,0.315942
/Data/florian.guillaumey/val2/test/video_169077,14,0.834519
/Data/florian.guillaumey/val2/test/video_169109,29,0.902625
/Data/florian.guillaumey/val2/test/video_169140,18,0.548283
/Data/florian.guillaumey/val2/test/video_16915,3,0.891885
/Data/florian.guillaumey/val2/test/video_169182,2,0.766283
/Data/florian.guillaumey/val2/test/video_169243,6,0.882305
/Data/florian.guillaumey/val2/test/video_169252,5,0.835289
/Data/florian.guillaumey/val2/test/video_169282,32,0.484369
/Data/florian.guillaumey/val2/test/video_169290,28,0.221019
/Data/florian.guillaumey/val2/test/video_169304,30,0.257613
/Data/florian.guillaumey/val2/test/video_169320,4,0.212786
/Data/florian.guillaumey/val2/test/video_169340,5,0.468941
/Data/florian.guillaumey/val2/test/video_169341,5,0.536822
/Data/florian.guillaumey/val2/test/video_169345,22,0.535423
/Data/florian.guillaumey/val2/test/video_169366,4,0.362948
/Data/florian.guillaumey/val2/test/video_169407,29,0.537515
/Data/florian.guillaumey/val2/test/video_16941,1,0.230689
/Data/florian.guillaumey/val2/test/video_169427,13,0.612830
/Data/florian.guillaumey/val2/test/video_169455,5,0.459562
/Data/florian.guillaumey/val2/test/video_169486,25,0.375874
/Data/florian.guillaumey/val2/test/video_169557,29,0.403883
/Data/florian.guillaumey/val2/test/video_169596,7,0.544981
/Data/florian.guillaumey/val2/test/video_16964,5,0.464531
/Data/florian.guillaumey/val2/test/video_169680,30,0.342235
/Data/florian.guillaumey/val2/test/video_169722,29,0.880257
/Data/florian.guillaumey/val2/test/video_169741,25,0.656571
/Data/florian.guillaumey/val2/test/video_169744,24,0.245019
/Data/florian.guillaumey/val2/test/video_169752,3,0.917372
/Data/florian.guillaumey/val2/test/video_16976,7,0.851858
/Data/florian.guillaumey/val2/test/video_169762,23,0.867785
/Data/florian.guillaumey/val2/test/video_169798,29,0.576610
/Data/florian.guillaumey/val2/test/video_169823,29,0.334824
/Data/florian.guillaumey/val2/test/video_169869,23,0.909215
/Data/florian.guillaumey/val2/test/video_169902,3,0.887976
/Data/florian.guillaumey/val2/test/video_169979,6,0.660869
/Data/florian.guillaumey/val2/test/video_169988,12,0.438018
/Data/florian.guillaumey/val2/test/video_170048,32,0.867616
/Data/florian.guillaumey/val2/test/video_170059,0,0.155232
/Data/florian.guillaumey/val2/test/video_170060,24,0.489118
/Data/florian.guillaumey/val2/test/video_170072,18,0.662210
/Data/florian.guillaumey/val2/test/video_170102,10,0.598828
/Data/florian.guillaumey/val2/test/video_170117,14,0.548858
/Data/florian.guillaumey/val2/test/video_170133,3,0.545147
/Data/florian.guillaumey/val2/test/video_170201,14,0.247408
/Data/florian.guillaumey/val2/test/video_17022,5,0.708994
/Data/florian.guillaumey/val2/test/video_17025,31,0.522080
/Data/florian.guillaumey/val2/test/video_170311,18,0.651236
/Data/florian.guillaumey/val2/test/video_170348,18,0.242287
/Data/florian.guillaumey/val2/test/video_170370,30,0.313646
/Data/florian.guillaumey/val2/test/video_17041,9,0.267285
/Data/florian.guillaumey/val2/test/video_170448,15,0.884739
/Data/florian.guillaumey/val2/test/video_170473,5,0.333750
/Data/florian.guillaumey/val2/test/video_170477,17,0.640359
/Data/florian.guillaumey/val2/test/video_170545,18,0.498217
/Data/florian.guillaumey/val2/test/video_170582,14,0.920365
/Data/florian.guillaumey/val2/test/video_170589,13,0.236127
/Data/florian.guillaumey/val2/test/video_170620,10,0.359323
/Data/florian.guillaumey/val2/test/video_170669,3,0.658281
/Data/florian.guillaumey/val2/test/video_170695,25,0.170492
/Data/florian.guillaumey/val2/test/video_170697,22,0.569456
/Data/florian.guillaumey/val2/test/video_170745,4,0.642256
/Data/florian.guillaumey/val2/test/video_170755,31,0.859755
/Data/florian.guillaumey/val2/test/video_17078,7,0.815062
/Data/florian.guillaumey/val2/test/video_170825,14,0.906643
/Data/florian.guillaumey/val2/test/video_170978,21,0.358822
/Data/florian.guillaumey/val2/test/video_171009,4,0.159013
/Data/florian.guillaumey/val2/test/video_171090,30,0.689241
/Data/florian.guillaumey/val2/test/video_171120,10,0.182153
/Data/florian.guillaumey/val2/test/video_171143,31,0.782786
/Data/florian.guillaumey/val2/test/video_171171,20,0.787384
/Data/florian.guillaumey/val2/test/video_171176,14,0.337614
/Data/florian.guillaumey/val2/test/video_171197,8,0.889899
/Data/florian.guillaumey/val2/test/video_171247,10,0.539294
/Data/florian.guillaumey/val2/test/video_171265,7,0.617830
/Data/florian.guillaumey/val2/test/video_171266,1,0.856026
/Data/florian.guillaumey/val2/test/video_171314,15,0.475670
/Data/florian.guillaumey/val2/test/video_171385,22,0.271551
/Data/florian.guillaumey/val2/test/video_171425,21,0.898040
/Data/florian.guillaumey/val2/test/video_171530,30,0.327833
/Data/florian.guillaumey/val2/test/video_171532,31,0.218861
/Data/florian.guillaumey/val2/test/video_171561,4,0.455323
/Data/florian.guillaumey/val2/test/video_17165,19,0.830297
/Data/florian.guillaumey/val2/test/video_171654,4,0.352266
/Data/florian.guillaumey/val2/test/video_1717,22,0.481722
/Data/florian.guillaumey/val2/test/video_171700,30,0.839705
/Data/florian.guillaumey/val2/test/video_171714,4,0.252281
/Data/florian.guillaumey/val2/test/video_171727,0,0.398752
/Data/florian.guillaumey/val2/test/video_171735,1,0.289365
/Data/florian.guillaumey/val2/test/video_17175,6,0.559828
/Data/florian.guillaumey/val2/test/video_171773,23,0.385247
/Data/florian.guillaumey/val2/test/video_171799,12,0.830296
/Data/florian.guillaumey/val2/test/video_171840,4,0.104909
/Data/florian.guillaumey/val2/test/video_171857,30,0.768709
/Data/florian.guillaumey/val2/test/video_171858,14,0.733032
/Data/florian.guillaumey/val2/test/video_171860,4,0.410623
/Data/florian.guillaumey/val2/test/video_171902,24,0.245157
/Data/florian.guillaumey/val2/test/video_171916,9,0.788816
/Data/florian.guillaumey/val2/test/video_171928,5,0.908536
/Data/florian.guillaumey/val2/test/video_171930,12,0.549205
/Data/florian.guillaumey/val2/test/video_171943,25,0.299182
/Data/florian.guillaumey/val2/test/video_171978,5,0.300879
/Data/florian.guillaumey/val2/test/video_171990,6,0.885381
/Data/florian.guillaumey/val2/test/video_172005,22,0.182088
/Data/florian.guillaumey/val2/test/video_172016,30,0.257181
/Data/florian.guillaumey/val2/test/video_172035,23,0.853440
/Data/florian.guillaumey/val2/test/video_172048,28,0.835519
/Data/florian.guillaumey/val2/test/video_172053,23,0.262092
/Data/florian.guillaumey/val2/test/video_172065,18,0.163837
/Data/florian.guillaumey/val2/test/video_172071,32,0.163864
/Data/florian.guillaumey/val2/test/video_172085,14,0.777207
/Data/florian.guillaumey/val2/test/video_172126,5,0.503150
/Data/florian.guillaumey/val2/test/video_172137,14,0.524019
/Data/florian.guillaumey/val2/test/video_172148,12,0.576651
/Data/florian.guillaumey/val2/test/video_172153,17,0.312950
/Data/florian.guillaumey/val2/test/video_172178,30,0.391722
/Data/florian.guillaumey/val2/test/video_172210,5,0.378723
/Data/florian.guillaumey/val2/test/video_17222,14,0.606544
/Data/florian.guillaumey/val2/test/video_172278,19,0.578623
/Data/florian.guillaumey/val2/test/video_172298,31,0.496168
/Data/florian.guillaumey/val2/test/video_172311,30,0.423637
/Data/florian.guillaumey/val2/test/video_172324,5,0.715807
/Data/florian.guillaumey/val2/test/video_172376,14,0.203038
/Data/florian.guillaumey/val2/test/video_172396,10,0.201477
/Data/florian.guillaumey/val2/test/video_172441,30,0.902834
/Data/florian.guillaumey/val2/test/video_172484,10,0.701190
/Data/florian.guillaumey/val2/test/video_172534,17,0.160477
/Data/florian.guillaumey/val2/test/video_172562,10,0.408647
/Data/florian.guillaumey/val2/test/video_172593,1,0.872082
/Data/florian.guillaumey/val2/test/video_17260,7,0.852524
/Data/florian.guillaumey/val2/test/video_172615,5,0.853597
/Data/florian.guillaumey/val2/test/video_17263,29,0.323510
/Data/florian.guillaumey/val2/test/video_172659,3,0.447531
/Data/florian.guillaumey/val2/test/video_172668,24,0.775037
/Data/florian.guillaumey/val2/test/video_172691,12,0.341211
/Data/florian.guillaumey/val2/test/video_172723,13,0.636594
/Data/florian.guillaumey/val2/test/video_172806,7,0.651543
/Data/florian.guillaumey/val2/test/video_172825,11,0.545515
/Data/florian.guillaumey/val2/test/video_172850,30,0.850382
/Data/florian.guillaumey/val2/test/video_172862,28,0.801266
/Data/florian.guillaumey/val2/test/video_172875,8,0.898290
/Data/florian.guillaumey/val2/test/video_172894,29,0.825769
/Data/florian.guillaumey/val2/test/video_172950,9,0.649846
/Data/florian.guillaumey/val2/test/video_172996,14,0.245608
/Data/florian.guillaumey/val2/test/video_173004,4,0.353308
/Data/florian.guillaumey/val2/test/video_173032,30,0.730186
/Data/florian.guillaumey/val2/test/video_173054,31,0.269934
/Data/florian.guillaumey/val2/test/video_17313,1,0.781163
/Data/florian.guillaumey/val2/test/video_173138,32,0.569201
/Data/florian.guillaumey/val2/test/video_173141,29,0.382769
/Data/florian.guillaumey/val2/test/video_173165,24,0.352948
/Data/florian.guillaumey/val2/test/video_17318,3,0.830156
/Data/florian.guillaumey/val2/test/video_173213,22,0.598750
/Data/florian.guillaumey/val2/test/video_173217,12,0.886270
/Data/florian.guillaumey/val2/test/video_173223,14,0.731186
/Data/florian.guillaumey/val2/test/video_173236,4,0.406124
/Data/florian.guillaumey/val2/test/video_173271,9,0.923548
/Data/florian.guillaumey/val2/test/video_173332,1,0.440331
/Data/florian.guillaumey/val2/test/video_173334,3,0.817450
/Data/florian.guillaumey/val2/test/video_173356,30,0.344035
/Data/florian.guillaumey/val2/test/video_173381,1,0.844278
/Data/florian.guillaumey/val2/test/video_173445,31,0.882022
/Data/florian.guillaumey/val2/test/video_173473,12,0.716398
/Data/florian.guillaumey/val2/test/video_173482,10,0.696989
/Data/florian.guillaumey/val2/test/video_173493,20,0.444183
/Data/florian.guillaumey/val2/test/video_173517,12,0.371005
/Data/florian.guillaumey/val2/test/video_173518,3,0.511235
/Data/florian.guillaumey/val2/test/video_17352,7,0.708346
/Data/florian.guillaumey/val2/test/video_173543,28,0.152918
/Data/florian.guillaumey/val2/test/video_17355,14,0.520238
/Data/florian.guillaumey/val2/test/video_173560,7,0.782967
/Data/florian.guillaumey/val2/test/video_17357,22,0.539787
/Data/florian.guillaumey/val2/test/video_173583,29,0.853783
/Data/florian.guillaumey/val2/test/video_173589,1,0.898054
/Data/florian.guillaumey/val2/test/video_17359,13,0.519406
/Data/florian.guillaumey/val2/test/video_173608,5,0.684183
/Data/florian.guillaumey/val2/test/video_173636,14,0.385757
/Data/florian.guillaumey/val2/test/video_173672,20,0.725888
/Data/florian.guillaumey/val2/test/video_173822,4,0.322369
/Data/florian.guillaumey/val2/test/video_173826,9,0.674431
/Data/florian.guillaumey/val2/test/video_173830,7,0.501735
/Data/florian.guillaumey/val2/test/video_173868,9,0.646569
/Data/florian.guillaumey/val2/test/video_173891,28,0.848897
/Data/florian.guillaumey/val2/test/video_173899,24,0.282776
/Data/florian.guillaumey/val2/test/video_173935,9,0.879342
/Data/florian.guillaumey/val2/test/video_173958,14,0.258176
/Data/florian.guillaumey/val2/test/video_173961,1,0.656956
/Data/florian.guillaumey/val2/test/video_173973,14,0.665315
/Data/florian.guillaumey/val2/test/video_173976,9,0.809639
/Data/florian.guillaumey/val2/test/video_174018,20,0.258988
/Data/florian.guillaumey/val2/test/video_17402,7,0.706487
/Data/florian.guillaumey/val2/test/video_174029,1,0.379207
/Data/florian.guillaumey/val2/test/video_17403,26,0.299004
/Data/florian.guillaumey/val2/test/video_174059,6,0.928306
/Data/florian.guillaumey/val2/test/video_174107,30,0.481884
/Data/florian.guillaumey/val2/test/video_17412,14,0.685758
/Data/florian.guillaumey/val2/test/video_174161,5,0.632249
/Data/florian.guillaumey/val2/test/video_174177,17,0.320282
/Data/florian.guillaumey/val2/test/video_174201,3,0.753321
/Data/florian.guillaumey/val2/test/video_174266,17,0.257290
/Data/florian.guillaumey/val2/test/video_174278,24,0.739291
/Data/florian.guillaumey/val2/test/video_174321,30,0.212737
/Data/florian.guillaumey/val2/test/video_174357,29,0.275375
/Data/florian.guillaumey/val2/test/video_174359,6,0.404441
/Data/florian.guillaumey/val2/test/video_174368,31,0.525937
/Data/florian.guillaumey/val2/test/video_174383,22,0.426330
/Data/florian.guillaumey/val2/test/video_174391,3,0.436000
/Data/florian.guillaumey/val2/test/video_174403,7,0.445376
/Data/florian.guillaumey/val2/test/video_174408,5,0.435228
/Data/florian.guillaumey/val2/test/video_174413,7,0.762424
/Data/florian.guillaumey/val2/test/video_1745,12,0.866102
/Data/florian.guillaumey/val2/test/video_174528,12,0.629880
/Data/florian.guillaumey/val2/test/video_174601,6,0.879926
/Data/florian.guillaumey/val2/test/video_174602,18,0.613099
/Data/florian.guillaumey/val2/test/video_174661,4,0.757919
/Data/florian.guillaumey/val2/test/video_174697,1,0.811658
/Data/florian.guillaumey/val2/test/video_174701,29,0.476503
/Data/florian.guillaumey/val2/test/video_174727,12,0.806006
/Data/florian.guillaumey/val2/test/video_17477,5,0.672936
/Data/florian.guillaumey/val2/test/video_174833,24,0.442784
/Data/florian.guillaumey/val2/test/video_174848,4,0.797652
/Data/florian.guillaumey/val2/test/video_174849,24,0.210324
/Data/florian.guillaumey/val2/test/video_174883,22,0.494634
/Data/florian.guillaumey/val2/test/video_174888,23,0.617715
/Data/florian.guillaumey/val2/test/video_174910,4,0.434262
/Data/florian.guillaumey/val2/test/video_174916,0,0.343488
/Data/florian.guillaumey/val2/test/video_174937,25,0.138966
/Data/florian.guillaumey/val2/test/video_174944,15,0.150445
/Data/florian.guillaumey/val2/test/video_174968,5,0.254943
/Data/florian.guillaumey/val2/test/video_17499,23,0.800051
/Data/florian.guillaumey/val2/test/video_174998,8,0.841974
/Data/florian.guillaumey/val2/test/video_175001,14,0.480640
/Data/florian.guillaumey/val2/test/video_175042,6,0.833779
/Data/florian.guillaumey/val2/test/video_175047,30,0.778910
/Data/florian.guillaumey/val2/test/video_175102,28,0.565918
/Data/florian.guillaumey/val2/test/video_175106,1,0.177106
/Data/florian.guillaumey/val2/test/video_175134,2,0.820530
/Data/florian.guillaumey/val2/test/video_175226,10,0.123578
/Data/florian.guillaumey/val2/test/video_175241,4,0.599377
/Data/florian.guillaumey/val2/test/video_175249,5,0.354212
/Data/florian.guillaumey/val2/test/video_175262,14,0.378184
/Data/florian.guillaumey/val2/test/video_175310,25,0.394808
/Data/florian.guillaumey/val2/test/video_175316,19,0.340994
/Data/florian.guillaumey/val2/test/video_175333,5,0.255845
/Data/florian.guillaumey/val2/test/video_175351,5,0.296452
/Data/florian.guillaumey/val2/test/video_175368,30,0.652514
/Data/florian.guillaumey/val2/test/video_175411,28,0.306285
/Data/florian.guillaumey/val2/test/video_175424,30,0.651195
/Data/florian.guillaumey/val2/test/video_175433,5,0.816745
/Data/florian.guillaumey/val2/test/video_175485,25,0.313609
/Data/florian.guillaumey/val2/test/video_175504,15,0.353163
/Data/florian.guillaumey/val2/test/video_175514,2,0.882272
/Data/florian.guillaumey/val2/test/video_175523,7,0.859955
/Data/florian.guillaumey/val2/test/video_175530,2,0.797322
/Data/florian.guillaumey/val2/test/video_175611,28,0.848576
/Data/florian.guillaumey/val2/test/video_175651,30,0.714622
/Data/florian.guillaumey/val2/test/video_175773,28,0.562515
/Data/florian.guillaumey/val2/test/video_175784,10,0.214971
/Data/florian.guillaumey/val2/test/video_175787,14,0.426525
/Data/florian.guillaumey/val2/test/video_175820,29,0.907679
/Data/florian.guillaumey/val2/test/video_175893,30,0.876799
/Data/florian.guillaumey/val2/test/video_175898,24,0.179119
/Data/florian.guillaumey/val2/test/video_175906,3,0.845427
/Data/florian.guillaumey/val2/test/video_175928,9,0.475691
/Data/florian.guillaumey/val2/test/video_175943,9,0.913365
/Data/florian.guillaumey/val2/test/video_175950,23,0.239597
/Data/florian.guillaumey/val2/test/video_17596,9,0.613665
/Data/florian.guillaumey/val2/test/video_176002,5,0.177311
/Data/florian.guillaumey/val2/test/video_176044,16,0.808436
/Data/florian.guillaumey/val2/test/video_176084,9,0.750472
/Data/florian.guillaumey/val2/test/video_176100,30,0.277678
/Data/florian.guillaumey/val2/test/video_17613,30,0.274256
/Data/florian.guillaumey/val2/test/video_176138,10,0.748255
/Data/florian.guillaumey/val2/test/video_176184,29,0.867937
/Data/florian.guillaumey/val2/test/video_176210,30,0.447126
/Data/florian.guillaumey/val2/test/video_176260,12,0.752048
/Data/florian.guillaumey/val2/test/video_176279,12,0.775867
/Data/florian.guillaumey/val2/test/video_176376,10,0.158591
/Data/florian.guillaumey/val2/test/video_176380,6,0.554670
/Data/florian.guillaumey/val2/test/video_176387,8,0.668273
/Data/florian.guillaumey/val2/test/video_176394,5,0.389053
/Data/florian.guillaumey/val2/test/video_176427,30,0.911645
/Data/florian.guillaumey/val2/test/video_176430,18,0.450308
/Data/florian.guillaumey/val2/test/video_176490,24,0.447611
/Data/florian.guillaumey/val2/test/video_176526,8,0.408698
/Data/florian.guillaumey/val2/test/video_176536,2,0.730740
/Data/florian.guillaumey/val2/test/video_176575,12,0.755705
/Data/florian.guillaumey/val2/test/video_176636,32,0.640641
/Data/florian.guillaumey/val2/test/video_176646,18,0.453447
/Data/florian.guillaumey/val2/test/video_176658,18,0.691462
/Data/florian.guillaumey/val2/test/video_176693,3,0.882442
/Data/florian.guillaumey/val2/test/video_17671,30,0.194231
/Data/florian.guillaumey/val2/test/video_176751,24,0.764230
/Data/florian.guillaumey/val2/test/video_176752,20,0.838563
/Data/florian.guillaumey/val2/test/video_176783,11,0.155936
/Data/florian.guillaumey/val2/test/video_176796,1,0.814793
/Data/florian.guillaumey/val2/test/video_176812,24,0.342031
/Data/florian.guillaumey/val2/test/video_17687,6,0.874641
/Data/florian.guillaumey/val2/test/video_176886,30,0.362486
/Data/florian.guillaumey/val2/test/video_176900,14,0.808723
/Data/florian.guillaumey/val2/test/video_176985,12,0.180840
/Data/florian.guillaumey/val2/test/video_177022,5,0.177424
/Data/florian.guillaumey/val2/test/video_17706,14,0.410134
/Data/florian.guillaumey/val2/test/video_177062,9,0.439656
/Data/florian.guillaumey/val2/test/video_177121,15,0.176118
/Data/florian.guillaumey/val2/test/video_17718,32,0.866298
/Data/florian.guillaumey/val2/test/video_177208,28,0.680046
/Data/florian.guillaumey/val2/test/video_177210,32,0.371917
/Data/florian.guillaumey/val2/test/video_177232,6,0.775815
/Data/florian.guillaumey/val2/test/video_177391,6,0.852547
/Data/florian.guillaumey/val2/test/video_177458,18,0.331807
/Data/florian.guillaumey/val2/test/video_177477,29,0.249766
/Data/florian.guillaumey/val2/test/video_177504,12,0.615088
/Data/florian.guillaumey/val2/test/video_177511,17,0.349835
/Data/florian.guillaumey/val2/test/video_177520,14,0.906739
/Data/florian.guillaumey/val2/test/video_177529,12,0.385014
/Data/florian.guillaumey/val2/test/video_17755,17,0.091279
/Data/florian.guillaumey/val2/test/video_17756,22,0.665009
/Data/florian.guillaumey/val2/test/video_177566,0,0.618066
/Data/florian.guillaumey/val2/test/video_177588,30,0.876353
/Data/florian.guillaumey/val2/test/video_177605,14,0.289233
/Data/florian.guillaumey/val2/test/video_177613,31,0.816969
/Data/florian.guillaumey/val2/test/video_177670,5,0.560785
/Data/florian.guillaumey/val2/test/video_177681,31,0.821887
/Data/florian.guillaumey/val2/test/video_177692,32,0.667806
/Data/florian.guillaumey/val2/test/video_177706,14,0.872355
/Data/florian.guillaumey/val2/test/video_177732,22,0.396708
/Data/florian.guillaumey/val2/test/video_177781,28,0.595454
/Data/florian.guillaumey/val2/test/video_177792,28,0.739118
/Data/florian.guillaumey/val2/test/video_177828,29,0.918408
/Data/florian.guillaumey/val2/test/video_177856,22,0.616120
/Data/florian.guillaumey/val2/test/video_177892,21,0.309715
/Data/florian.guillaumey/val2/test/video_177914,1,0.887164
/Data/florian.guillaumey/val2/test/video_177942,29,0.654056
/Data/florian.guillaumey/val2/test/video_177983,20,0.854781
/Data/florian.guillaumey/val2/test/video_178016,14,0.555147
/Data/florian.guillaumey/val2/test/video_178030,30,0.804661
/Data/florian.guillaumey/val2/test/video_178031,29,0.252971
/Data/florian.guillaumey/val2/test/video_178040,28,0.796420
/Data/florian.guillaumey/val2/test/video_178078,17,0.132142
/Data/florian.guillaumey/val2/test/video_178092,9,0.882945
/Data/florian.guillaumey/val2/test/video_178096,3,0.934279
/Data/florian.guillaumey/val2/test/video_178140,30,0.889621
/Data/florian.guillaumey/val2/test/video_178175,14,0.215228
/Data/florian.guillaumey/val2/test/video_178180,23,0.136365
/Data/florian.guillaumey/val2/test/video_178184,6,0.385743
/Data/florian.guillaumey/val2/test/video_178196,24,0.540987
/Data/florian.guillaumey/val2/test/video_178286,25,0.128015
/Data/florian.guillaumey/val2/test/video_178303,15,0.153477
/Data/florian.guillaumey/val2/test/video_178328,29,0.343014
/Data/florian.guillaumey/val2/test/video_178365,9,0.460037
/Data/florian.guillaumey/val2/test/video_178394,28,0.624741
/Data/florian.guillaumey/val2/test/video_178412,15,0.519654
/Data/florian.guillaumey/val2/test/video_178414,10,0.767474
/Data/florian.guillaumey/val2/test/video_178460,7,0.818633
/Data/florian.guillaumey/val2/test/video_178469,1,0.834954
/Data/florian.guillaumey/val2/test/video_178498,4,0.870018
/Data/florian.guillaumey/val2/test/video_178504,28,0.713732
/Data/florian.guillaumey/val2/test/video_178505,30,0.227906
/Data/florian.guillaumey/val2/test/video_178524,1,0.785426
/Data/florian.guillaumey/val2/test/video_178532,3,0.834468
/Data/florian.guillaumey/val2/test/video_178537,8,0.256745
/Data/florian.guillaumey/val2/test/video_178553,3,0.400505
/Data/florian.guillaumey/val2/test/video_178607,14,0.721463
/Data/florian.guillaumey/val2/test/video_178614,5,0.525482
/Data/florian.guillaumey/val2/test/video_178619,20,0.484719
/Data/florian.guillaumey/val2/test/video_17862,14,0.418422
/Data/florian.guillaumey/val2/test/video_178707,22,0.332418
/Data/florian.guillaumey/val2/test/video_17871,30,0.843120
/Data/florian.guillaumey/val2/test/video_178766,4,0.846131
/Data/florian.guillaumey/val2/test/video_178811,22,0.484290
/Data/florian.guillaumey/val2/test/video_178826,4,0.124957
/Data/florian.guillaumey/val2/test/video_178881,12,0.838780
/Data/florian.guillaumey/val2/test/video_178898,22,0.222918
/Data/florian.guillaumey/val2/test/video_178930,3,0.709236
/Data/florian.guillaumey/val2/test/video_178981,16,0.478251
/Data/florian.guillaumey/val2/test/video_178997,4,0.675325
/Data/florian.guillaumey/val2/test/video_179008,13,0.396151
/Data/florian.guillaumey/val2/test/video_179020,10,0.465731
/Data/florian.guillaumey/val2/test/video_179036,14,0.522663
/Data/florian.guillaumey/val2/test/video_179052,10,0.702145
/Data/florian.guillaumey/val2/test/video_179056,6,0.395798
/Data/florian.guillaumey/val2/test/video_179109,15,0.509636
/Data/florian.guillaumey/val2/test/video_179146,14,0.689915
/Data/florian.guillaumey/val2/test/video_179236,5,0.129752
/Data/florian.guillaumey/val2/test/video_179241,23,0.739945
/Data/florian.guillaumey/val2/test/video_179242,10,0.280379
/Data/florian.guillaumey/val2/test/video_179250,14,0.715411
/Data/florian.guillaumey/val2/test/video_179258,5,0.700571
/Data/florian.guillaumey/val2/test/video_179275,18,0.453683
/Data/florian.guillaumey/val2/test/video_179287,4,0.704378
/Data/florian.guillaumey/val2/test/video_179290,14,0.678905
/Data/florian.guillaumey/val2/test/video_179291,8,0.629400
/Data/florian.guillaumey/val2/test/video_179333,4,0.298019
/Data/florian.guillaumey/val2/test/video_179348,5,0.814102
/Data/florian.guillaumey/val2/test/video_179372,16,0.489912
/Data/florian.guillaumey/val2/test/video_179374,4,0.429386
/Data/florian.guillaumey/val2/test/video_179417,12,0.538843
/Data/florian.guillaumey/val2/test/video_179486,18,0.644205
/Data/florian.guillaumey/val2/test/video_179587,1,0.837756
/Data/florian.guillaumey/val2/test/video_179591,10,0.412869
/Data/florian.guillaumey/val2/test/video_179632,5,0.219616
/Data/florian.guillaumey/val2/test/video_179658,28,0.678238
/Data/florian.guillaumey/val2/test/video_179707,1,0.480576
/Data/florian.guillaumey/val2/test/video_17975,1,0.864389
/Data/florian.guillaumey/val2/test/video_179752,30,0.172795
/Data/florian.guillaumey/val2/test/video_179760,1,0.889705
/Data/florian.guillaumey/val2/test/video_179784,16,0.619351
/Data/florian.guillaumey/val2/test/video_179826,0,0.860622
/Data/florian.guillaumey/val2/test/video_179878,22,0.260916
/Data/florian.guillaumey/val2/test/video_17988,10,0.854543
/Data/florian.guillaumey/val2/test/video_179911,12,0.920668
/Data/florian.guillaumey/val2/test/video_179919,24,0.682387
/Data/florian.guillaumey/val2/test/video_179955,22,0.568528
/Data/florian.guillaumey/val2/test/video_179966,12,0.361969
/Data/florian.guillaumey/val2/test/video_179980,6,0.603557
/Data/florian.guillaumey/val2/test/video_179984,7,0.882204
/Data/florian.guillaumey/val2/test/video_180003,18,0.238897
/Data/florian.guillaumey/val2/test/video_180014,16,0.463992
/Data/florian.guillaumey/val2/test/video_180060,15,0.578880
/Data/florian.guillaumey/val2/test/video_180064,20,0.873175
/Data/florian.guillaumey/val2/test/video_180107,13,0.896395
/Data/florian.guillaumey/val2/test/video_180150,22,0.510186
/Data/florian.guillaumey/val2/test/video_180157,6,0.903689
/Data/florian.guillaumey/val2/test/video_180181,13,0.611306
/Data/florian.guillaumey/val2/test/video_180184,3,0.620057
/Data/florian.guillaumey/val2/test/video_180202,29,0.888945
/Data/florian.guillaumey/val2/test/video_180232,12,0.570316
/Data/florian.guillaumey/val2/test/video_180282,14,0.383583
/Data/florian.guillaumey/val2/test/video_1803,6,0.223954
/Data/florian.guillaumey/val2/test/video_180314,22,0.120616
/Data/florian.guillaumey/val2/test/video_180335,24,0.160486
/Data/florian.guillaumey/val2/test/video_180415,3,0.468632
/Data/florian.guillaumey/val2/test/video_180427,12,0.405755
/Data/florian.guillaumey/val2/test/video_180433,25,0.444265
/Data/florian.guillaumey/val2/test/video_180437,1,0.899866
/Data/florian.guillaumey/val2/test/video_180441,29,0.400275
/Data/florian.guillaumey/val2/test/video_18045,22,0.546647
/Data/florian.guillaumey/val2/test/video_180469,5,0.568779
/Data/florian.guillaumey/val2/test/video_180477,12,0.881047
/Data/florian.guillaumey/val2/test/video_180506,31,0.201663
/Data/florian.guillaumey/val2/test/video_180539,15,0.687734
/Data/florian.guillaumey/val2/test/video_180546,15,0.651991
/Data/florian.guillaumey/val2/test/video_180579,30,0.602854
/Data/florian.guillaumey/val2/test/video_180748,13,0.857833
/Data/florian.guillaumey/val2/test/video_180762,18,0.797555
/Data/florian.guillaumey/val2/test/video_180800,28,0.742977
/Data/florian.guillaumey/val2/test/video_180808,14,0.479411
/Data/florian.guillaumey/val2/test/video_180813,13,0.865478
/Data/florian.guillaumey/val2/test/video_180821,28,0.197257
/Data/florian.guillaumey/val2/test/video_18085,4,0.213885
/Data/florian.guillaumey/val2/test/video_180875,29,0.790776
/Data/florian.guillaumey/val2/test/video_180926,14,0.289358
/Data/florian.guillaumey/val2/test/video_180943,31,0.343588
/Data/florian.guillaumey/val2/test/video_180961,5,0.305977
/Data/florian.guillaumey/val2/test/video_180994,4,0.167731
/Data/florian.guillaumey/val2/test/video_181005,29,0.386396
/Data/florian.guillaumey/val2/test/video_181047,16,0.784319
/Data/florian.guillaumey/val2/test/video_181113,7,0.565327
/Data/florian.guillaumey/val2/test/video_181176,30,0.273034
/Data/florian.guillaumey/val2/test/video_181201,10,0.565898
/Data/florian.guillaumey/val2/test/video_181218,29,0.514116
/Data/florian.guillaumey/val2/test/video_181221,20,0.544743
/Data/florian.guillaumey/val2/test/video_18128,3,0.838064
/Data/florian.guillaumey/val2/test/video_181308,13,0.153487
/Data/florian.guillaumey/val2/test/video_181333,19,0.446596
/Data/florian.guillaumey/val2/test/video_181355,32,0.896801
/Data/florian.guillaumey/val2/test/video_181361,16,0.561888
/Data/florian.guillaumey/val2/test/video_181395,29,0.372700
/Data/florian.guillaumey/val2/test/video_181453,6,0.761878
/Data/florian.guillaumey/val2/test/video_181469,16,0.546608
/Data/florian.guillaumey/val2/test/video_181472,24,0.549123
/Data/florian.guillaumey/val2/test/video_18149,4,0.332619
/Data/florian.guillaumey/val2/test/video_181525,9,0.506710
/Data/florian.guillaumey/val2/test/video_181562,7,0.894402
/Data/florian.guillaumey/val2/test/video_181675,3,0.667589
/Data/florian.guillaumey/val2/test/video_181700,10,0.891337
/Data/florian.guillaumey/val2/test/video_181723,12,0.749312
/Data/florian.guillaumey/val2/test/video_181743,24,0.438107
/Data/florian.guillaumey/val2/test/video_181771,28,0.603386
/Data/florian.guillaumey/val2/test/video_181780,30,0.864353
/Data/florian.guillaumey/val2/test/video_181843,3,0.832039
/Data/florian.guillaumey/val2/test/video_181855,9,0.276514
/Data/florian.guillaumey/val2/test/video_181884,22,0.133854
/Data/florian.guillaumey/val2/test/video_182010,16,0.571238
/Data/florian.guillaumey/val2/test/video_18211,29,0.841221
/Data/florian.guillaumey/val2/test/video_182116,25,0.284590
/Data/florian.guillaumey/val2/test/video_182145,30,0.876888
/Data/florian.guillaumey/val2/test/video_182213,28,0.249166
/Data/florian.guillaumey/val2/test/video_182234,16,0.256541
/Data/florian.guillaumey/val2/test/video_182289,5,0.444349
/Data/florian.guillaumey/val2/test/video_18229,12,0.242031
/Data/florian.guillaumey/val2/test/video_182308,29,0.467261
/Data/florian.guillaumey/val2/test/video_182310,14,0.255937
/Data/florian.guillaumey/val2/test/video_182334,22,0.458612
/Data/florian.guillaumey/val2/test/video_182356,6,0.534994
/Data/florian.guillaumey/val2/test/video_182409,30,0.811009
/Data/florian.guillaumey/val2/test/video_182412,14,0.326513
/Data/florian.guillaumey/val2/test/video_182449,20,0.212564
/Data/florian.guillaumey/val2/test/video_182469,7,0.769281
/Data/florian.guillaumey/val2/test/video_182499,29,0.737201
/Data/florian.guillaumey/val2/test/video_182500,28,0.508838
/Data/florian.guillaumey/val2/test/video_182541,30,0.802700
/Data/florian.guillaumey/val2/test/video_182612,4,0.886158
/Data/florian.guillaumey/val2/test/video_182624,29,0.407232
/Data/florian.guillaumey/val2/test/video_182746,17,0.539007
/Data/florian.guillaumey/val2/test/video_182765,1,0.851524
/Data/florian.guillaumey/val2/test/video_182822,10,0.345971
/Data/florian.guillaumey/val2/test/video_182872,28,0.409526
/Data/florian.guillaumey/val2/test/video_182883,31,0.737333
/Data/florian.guillaumey/val2/test/video_182901,6,0.199536
/Data/florian.guillaumey/val2/test/video_182927,11,0.678879
/Data/florian.guillaumey/val2/test/video_182931,24,0.399150
/Data/florian.guillaumey/val2/test/video_182956,9,0.411775
/Data/florian.guillaumey/val2/test/video_182984,17,0.494203
/Data/florian.guillaumey/val2/test/video_182992,14,0.245977
/Data/florian.guillaumey/val2/test/video_18304,11,0.867852
/Data/florian.guillaumey/val2/test/video_183071,30,0.682933
/Data/florian.guillaumey/val2/test/video_183084,15,0.822299
/Data/florian.guillaumey/val2/test/video_183088,31,0.493327
/Data/florian.guillaumey/val2/test/video_183127,1,0.880246
/Data/florian.guillaumey/val2/test/video_183161,5,0.608844
/Data/florian.guillaumey/val2/test/video_18317,22,0.434055
/Data/florian.guillaumey/val2/test/video_18319,7,0.822691
/Data/florian.guillaumey/val2/test/video_183213,5,0.650218
/Data/florian.guillaumey/val2/test/video_183220,8,0.280990
/Data/florian.guillaumey/val2/test/video_18326,2,0.889613
/Data/florian.guillaumey/val2/test/video_183325,14,0.894017
/Data/florian.guillaumey/val2/test/video_183360,19,0.614523
/Data/florian.guillaumey/val2/test/video_183369,18,0.302343
/Data/florian.guillaumey/val2/test/video_183383,16,0.706501
/Data/florian.guillaumey/val2/test/video_183395,17,0.244571
/Data/florian.guillaumey/val2/test/video_183419,9,0.742915
/Data/florian.guillaumey/val2/test/video_183441,30,0.178629
/Data/florian.guillaumey/val2/test/video_183445,8,0.315118
/Data/florian.guillaumey/val2/test/video_183446,12,0.754896
/Data/florian.guillaumey/val2/test/video_183476,9,0.687204
/Data/florian.guillaumey/val2/test/video_183481,16,0.290588
/Data/florian.guillaumey/val2/test/video_183509,31,0.711727
/Data/florian.guillaumey/val2/test/video_183561,15,0.541631
/Data/florian.guillaumey/val2/test/video_183562,18,0.350399
/Data/florian.guillaumey/val2/test/video_183587,15,0.728508
/Data/florian.guillaumey/val2/test/video_183617,29,0.593022
/Data/florian.guillaumey/val2/test/video_183634,9,0.535737
/Data/florian.guillaumey/val2/test/video_183647,9,0.865037
/Data/florian.guillaumey/val2/test/video_183665,31,0.620218
/Data/florian.guillaumey/val2/test/video_183704,1,0.507315
/Data/florian.guillaumey/val2/test/video_183780,30,0.856791
/Data/florian.guillaumey/val2/test/video_183785,32,0.201632
/Data/florian.guillaumey/val2/test/video_183819,21,0.827022
/Data/florian.guillaumey/val2/test/video_183822,31,0.817602
/Data/florian.guillaumey/val2/test/video_183842,28,0.888679
/Data/florian.guillaumey/val2/test/video_183857,4,0.863452
/Data/florian.guillaumey/val2/test/video_183871,22,0.523655
/Data/florian.guillaumey/val2/test/video_183886,30,0.876135
/Data/florian.guillaumey/val2/test/video_183895,4,0.717591
/Data/florian.guillaumey/val2/test/video_183896,32,0.857358
/Data/florian.guillaumey/val2/test/video_183903,7,0.566824
/Data/florian.guillaumey/val2/test/video_183907,7,0.527705
/Data/florian.guillaumey/val2/test/video_183910,15,0.178372
/Data/florian.guillaumey/val2/test/video_183918,14,0.327902
/Data/florian.guillaumey/val2/test/video_183994,0,0.823259
/Data/florian.guillaumey/val2/test/video_184055,22,0.474183
/Data/florian.guillaumey/val2/test/video_184071,4,0.357000
/Data/florian.guillaumey/val2/test/video_184076,30,0.359716
/Data/florian.guillaumey/val2/test/video_184105,17,0.598338
/Data/florian.guillaumey/val2/test/video_184151,16,0.275420
/Data/florian.guillaumey/val2/test/video_184156,31,0.892700
/Data/florian.guillaumey/val2/test/video_184217,3,0.572910
/Data/florian.guillaumey/val2/test/video_184250,23,0.306384
/Data/florian.guillaumey/val2/test/video_184259,23,0.260152
/Data/florian.guillaumey/val2/test/video_184260,23,0.873144
/Data/florian.guillaumey/val2/test/video_184299,12,0.616377
/Data/florian.guillaumey/val2/test/video_184352,21,0.736916
/Data/florian.guillaumey/val2/test/video_184363,9,0.286539
/Data/florian.guillaumey/val2/test/video_184367,5,0.660201
/Data/florian.guillaumey/val2/test/video_184542,32,0.816717
/Data/florian.guillaumey/val2/test/video_184576,6,0.757228
/Data/florian.guillaumey/val2/test/video_184586,5,0.894441
/Data/florian.guillaumey/val2/test/video_184594,24,0.511497
/Data/florian.guillaumey/val2/test/video_18464,18,0.406105
/Data/florian.guillaumey/val2/test/video_184664,10,0.477728
/Data/florian.guillaumey/val2/test/video_184729,2,0.343579
/Data/florian.guillaumey/val2/test/video_184738,5,0.561160
/Data/florian.guillaumey/val2/test/video_18474,3,0.690828
/Data/florian.guillaumey/val2/test/video_184752,4,0.286554
/Data/florian.guillaumey/val2/test/video_184777,24,0.551009
/Data/florian.guillaumey/val2/test/video_184787,8,0.329127
/Data/florian.guillaumey/val2/test/video_184839,7,0.847931
/Data/florian.guillaumey/val2/test/video_184885,24,0.508875
/Data/florian.guillaumey/val2/test/video_184912,9,0.382993
/Data/florian.guillaumey/val2/test/video_184915,22,0.394447
/Data/florian.guillaumey/val2/test/video_185172,31,0.299748
/Data/florian.guillaumey/val2/test/video_185179,12,0.805228
/Data/florian.guillaumey/val2/test/video_185222,14,0.227941
/Data/florian.guillaumey/val2/test/video_185238,10,0.431358
/Data/florian.guillaumey/val2/test/video_185254,3,0.905291
/Data/florian.guillaumey/val2/test/video_185273,3,0.842391
/Data/florian.guillaumey/val2/test/video_185347,28,0.795052
/Data/florian.guillaumey/val2/test/video_185412,29,0.721513
/Data/florian.guillaumey/val2/test/video_185433,10,0.464937
/Data/florian.guillaumey/val2/test/video_185450,14,0.753539
/Data/florian.guillaumey/val2/test/video_185452,18,0.351354
/Data/florian.guillaumey/val2/test/video_18546,19,0.533624
/Data/florian.guillaumey/val2/test/video_18549,31,0.823000
/Data/florian.guillaumey/val2/test/video_185505,6,0.546859
/Data/florian.guillaumey/val2/test/video_185524,15,0.723652
/Data/florian.guillaumey/val2/test/video_185564,1,0.845780
/Data/florian.guillaumey/val2/test/video_185623,3,0.546514
/Data/florian.guillaumey/val2/test/video_185678,7,0.487228
/Data/florian.guillaumey/val2/test/video_185694,24,0.220202
/Data/florian.guillaumey/val2/test/video_185744,14,0.871311
/Data/florian.guillaumey/val2/test/video_185750,1,0.771869
/Data/florian.guillaumey/val2/test/video_185783,5,0.499853
/Data/florian.guillaumey/val2/test/video_185812,32,0.320062
/Data/florian.guillaumey/val2/test/video_185850,15,0.447720
/Data/florian.guillaumey/val2/test/video_185859,31,0.162122
/Data/florian.guillaumey/val2/test/video_185869,31,0.243416
/Data/florian.guillaumey/val2/test/video_185874,24,0.275342
/Data/florian.guillaumey/val2/test/video_185898,0,0.868512
/Data/florian.guillaumey/val2/test/video_185911,24,0.171532
/Data/florian.guillaumey/val2/test/video_185971,1,0.522343
/Data/florian.guillaumey/val2/test/video_186010,19,0.399389
/Data/florian.guillaumey/val2/test/video_186028,16,0.669330
/Data/florian.guillaumey/val2/test/video_186047,6,0.846955
/Data/florian.guillaumey/val2/test/video_186051,23,0.797692
/Data/florian.guillaumey/val2/test/video_186134,3,0.581670
/Data/florian.guillaumey/val2/test/video_186147,30,0.648830
/Data/florian.guillaumey/val2/test/video_186174,7,0.560718
/Data/florian.guillaumey/val2/test/video_186178,0,0.590130
/Data/florian.guillaumey/val2/test/video_186199,6,0.905200
/Data/florian.guillaumey/val2/test/video_186257,3,0.848601
/Data/florian.guillaumey/val2/test/video_186306,14,0.459572
/Data/florian.guillaumey/val2/test/video_186308,1,0.218787
/Data/florian.guillaumey/val2/test/video_186359,6,0.853156
/Data/florian.guillaumey/val2/test/video_186363,14,0.629207
/Data/florian.guillaumey/val2/test/video_186377,6,0.854120
/Data/florian.guillaumey/val2/test/video_186420,18,0.422105
/Data/florian.guillaumey/val2/test/video_186429,24,0.432640
/Data/florian.guillaumey/val2/test/video_18644,14,0.444011
/Data/florian.guillaumey/val2/test/video_186486,1,0.350312
/Data/florian.guillaumey/val2/test/video_186490,30,0.782941
/Data/florian.guillaumey/val2/test/video_186497,28,0.480841
/Data/florian.guillaumey/val2/test/video_186561,16,0.661323
/Data/florian.guillaumey/val2/test/video_186581,23,0.699015
/Data/florian.guillaumey/val2/test/video_186611,14,0.310025
/Data/florian.guillaumey/val2/test/video_186637,12,0.842682
/Data/florian.guillaumey/val2/test/video_186657,4,0.512331
/Data/florian.guillaumey/val2/test/video_186812,10,0.312495
/Data/florian.guillaumey/val2/test/video_186832,5,0.487338
/Data/florian.guillaumey/val2/test/video_186840,12,0.464070
/Data/florian.guillaumey/val2/test/video_186869,18,0.391409
/Data/florian.guillaumey/val2/test/video_186981,24,0.317763
/Data/florian.guillaumey/val2/test/video_186983,8,0.383341
/Data/florian.guillaumey/val2/test/video_186997,12,0.456981
/Data/florian.guillaumey/val2/test/video_187008,1,0.870169
/Data/florian.guillaumey/val2/test/video_187019,8,0.763201
/Data/florian.guillaumey/val2/test/video_18703,18,0.338640
/Data/florian.guillaumey/val2/test/video_187092,17,0.308747
/Data/florian.guillaumey/val2/test/video_187119,22,0.352472
/Data/florian.guillaumey/val2/test/video_187123,0,0.724865
/Data/florian.guillaumey/val2/test/video_187154,31,0.370087
/Data/florian.guillaumey/val2/test/video_187205,13,0.343928
/Data/florian.guillaumey/val2/test/video_187208,4,0.711598
/Data/florian.guillaumey/val2/test/video_187259,16,0.435896
/Data/florian.guillaumey/val2/test/video_187266,17,0.469850
/Data/florian.guillaumey/val2/test/video_187267,3,0.700545
/Data/florian.guillaumey/val2/test/video_187313,31,0.219027
/Data/florian.guillaumey/val2/test/video_187333,3,0.843860
/Data/florian.guillaumey/val2/test/video_187339,10,0.488640
/Data/florian.guillaumey/val2/test/video_187348,1,0.887858
/Data/florian.guillaumey/val2/test/video_187364,3,0.638470
/Data/florian.guillaumey/val2/test/video_187367,14,0.446475
/Data/florian.guillaumey/val2/test/video_187436,19,0.539321
/Data/florian.guillaumey/val2/test/video_187461,4,0.445860
/Data/florian.guillaumey/val2/test/video_187538,4,0.374543
/Data/florian.guillaumey/val2/test/video_187545,6,0.876474
/Data/florian.guillaumey/val2/test/video_187548,28,0.596766
/Data/florian.guillaumey/val2/test/video_187570,15,0.717768
/Data/florian.guillaumey/val2/test/video_18758,8,0.686857
/Data/florian.guillaumey/val2/test/video_18762,2,0.755582
/Data/florian.guillaumey/val2/test/video_18765,12,0.804876
/Data/florian.guillaumey/val2/test/video_187650,23,0.812800
/Data/florian.guillaumey/val2/test/video_187652,12,0.558551
/Data/florian.guillaumey/val2/test/video_187725,31,0.852974
/Data/florian.guillaumey/val2/test/video_187736,4,0.248395
/Data/florian.guillaumey/val2/test/video_187763,4,0.727389
/Data/florian.guillaumey/val2/test/video_187811,8,0.871101
/Data/florian.guillaumey/val2/test/video_187826,28,0.428949
/Data/florian.guillaumey/val2/test/video_187837,1,0.541203
/Data/florian.guillaumey/val2/test/video_187865,21,0.321838
/Data/florian.guillaumey/val2/test/video_187929,12,0.858046
/Data/florian.guillaumey/val2/test/video_187945,13,0.726284
/Data/florian.guillaumey/val2/test/video_187972,12,0.753154
/Data/florian.guillaumey/val2/test/video_188023,1,0.728876
/Data/florian.guillaumey/val2/test/video_188045,10,0.709784
/Data/florian.guillaumey/val2/test/video_188098,21,0.642933
/Data/florian.guillaumey/val2/test/video_188128,23,0.293011
/Data/florian.guillaumey/val2/test/video_188135,2,0.487173
/Data/florian.guillaumey/val2/test/video_188205,4,0.856842
/Data/florian.guillaumey/val2/test/video_188210,3,0.906531
/Data/florian.guillaumey/val2/test/video_18835,6,0.448167
/Data/florian.guillaumey/val2/test/video_188354,0,0.180461
/Data/florian.guillaumey/val2/test/video_188370,16,0.503016
/Data/florian.guillaumey/val2/test/video_188380,29,0.080518
/Data/florian.guillaumey/val2/test/video_188389,16,0.250730
/Data/florian.guillaumey/val2/test/video_188414,6,0.834407
/Data/florian.guillaumey/val2/test/video_188448,20,0.220902
/Data/florian.guillaumey/val2/test/video_188456,22,0.740447
/Data/florian.guillaumey/val2/test/video_188520,18,0.522089
/Data/florian.guillaumey/val2/test/video_188545,4,0.177687
/Data/florian.guillaumey/val2/test/video_188554,22,0.328028
/Data/florian.guillaumey/val2/test/video_188565,9,0.881949
/Data/florian.guillaumey/val2/test/video_18858,4,0.406811
/Data/florian.guillaumey/val2/test/video_188645,31,0.786740
/Data/florian.guillaumey/val2/test/video_188690,14,0.292759
/Data/florian.guillaumey/val2/test/video_188736,1,0.306031
/Data/florian.guillaumey/val2/test/video_188738,26,0.394273
/Data/florian.guillaumey/val2/test/video_188750,0,0.740570
/Data/florian.guillaumey/val2/test/video_188753,7,0.648883
/Data/florian.guillaumey/val2/test/video_188807,6,0.712318
/Data/florian.guillaumey/val2/test/video_188812,19,0.476463
/Data/florian.guillaumey/val2/test/video_188822,1,0.648346
/Data/florian.guillaumey/val2/test/video_18892,7,0.560154
/Data/florian.guillaumey/val2/test/video_189004,32,0.531599
/Data/florian.guillaumey/val2/test/video_189163,28,0.718263
/Data/florian.guillaumey/val2/test/video_189179,26,0.220085
/Data/florian.guillaumey/val2/test/video_189181,16,0.630016
/Data/florian.guillaumey/val2/test/video_189253,5,0.342980
/Data/florian.guillaumey/val2/test/video_189263,4,0.607384
/Data/florian.guillaumey/val2/test/video_189288,4,0.803474
/Data/florian.guillaumey/val2/test/video_189293,12,0.616695
/Data/florian.guillaumey/val2/test/video_189299,14,0.148544
/Data/florian.guillaumey/val2/test/video_189339,10,0.804245
/Data/florian.guillaumey/val2/test/video_189378,5,0.176682
/Data/florian.guillaumey/val2/test/video_189384,5,0.494627
/Data/florian.guillaumey/val2/test/video_189415,7,0.847509
/Data/florian.guillaumey/val2/test/video_189431,5,0.298072
/Data/florian.guillaumey/val2/test/video_189549,14,0.373978
/Data/florian.guillaumey/val2/test/video_189573,8,0.362104
/Data/florian.guillaumey/val2/test/video_189612,18,0.368452
/Data/florian.guillaumey/val2/test/video_189637,5,0.470250
/Data/florian.guillaumey/val2/test/video_189648,28,0.318820
/Data/florian.guillaumey/val2/test/video_189709,14,0.303180
/Data/florian.guillaumey/val2/test/video_189724,4,0.763659
/Data/florian.guillaumey/val2/test/video_189754,3,0.901918
/Data/florian.guillaumey/val2/test/video_18978,30,0.807993
/Data/florian.guillaumey/val2/test/video_18982,14,0.864260
/Data/florian.guillaumey/val2/test/video_189826,31,0.718354
/Data/florian.guillaumey/val2/test/video_18987,28,0.792528
/Data/florian.guillaumey/val2/test/video_1899,1,0.194797
/Data/florian.guillaumey/val2/test/video_189912,29,0.277714
/Data/florian.guillaumey/val2/test/video_189922,10,0.508391
/Data/florian.guillaumey/val2/test/video_189958,30,0.487932
/Data/florian.guillaumey/val2/test/video_19002,14,0.158067
/Data/florian.guillaumey/val2/test/video_190047,24,0.205742
/Data/florian.guillaumey/val2/test/video_19008,18,0.666888
/Data/florian.guillaumey/val2/test/video_1901,28,0.345800
/Data/florian.guillaumey/val2/test/video_190116,30,0.317062
/Data/florian.guillaumey/val2/test/video_190150,16,0.937908
/Data/florian.guillaumey/val2/test/video_190160,32,0.429956
/Data/florian.guillaumey/val2/test/video_190206,14,0.825178
/Data/florian.guillaumey/val2/test/video_190216,3,0.842597
/Data/florian.guillaumey/val2/test/video_190231,4,0.373634
/Data/florian.guillaumey/val2/test/video_190240,5,0.385108
/Data/florian.guillaumey/val2/test/video_190277,8,0.924715
/Data/florian.guillaumey/val2/test/video_19028,24,0.749279
/Data/florian.guillaumey/val2/test/video_190291,5,0.846384
/Data/florian.guillaumey/val2/test/video_190308,32,0.597811
/Data/florian.guillaumey/val2/test/video_190315,2,0.789384
/Data/florian.guillaumey/val2/test/video_190328,8,0.879078
/Data/florian.guillaumey/val2/test/video_190355,4,0.237506
/Data/florian.guillaumey/val2/test/video_19037,11,0.186397
/Data/florian.guillaumey/val2/test/video_190390,18,0.546878
/Data/florian.guillaumey/val2/test/video_1904,12,0.267752
/Data/florian.guillaumey/val2/test/video_190402,21,0.741117
/Data/florian.guillaumey/val2/test/video_190418,31,0.509158
/Data/florian.guillaumey/val2/test/video_190433,21,0.311026
/Data/florian.guillaumey/val2/test/video_190526,14,0.554788
/Data/florian.guillaumey/val2/test/video_190548,3,0.912835
/Data/florian.guillaumey/val2/test/video_190550,7,0.887347
/Data/florian.guillaumey/val2/test/video_190588,7,0.852475
/Data/florian.guillaumey/val2/test/video_190618,14,0.391687
/Data/florian.guillaumey/val2/test/video_190633,19,0.532908
/Data/florian.guillaumey/val2/test/video_190635,7,0.758144
/Data/florian.guillaumey/val2/test/video_190637,20,0.293904
/Data/florian.guillaumey/val2/test/video_190653,7,0.880286
/Data/florian.guillaumey/val2/test/video_190656,0,0.905885
/Data/florian.guillaumey/val2/test/video_190736,30,0.261390
/Data/florian.guillaumey/val2/test/video_190772,10,0.588167
/Data/florian.guillaumey/val2/test/video_190798,6,0.538812
/Data/florian.guillaumey/val2/test/video_190802,4,0.906761
/Data/florian.guillaumey/val2/test/video_190813,9,0.234176
/Data/florian.guillaumey/val2/test/video_190843,3,0.765902
/Data/florian.guillaumey/val2/test/video_190867,25,0.148392
/Data/florian.guillaumey/val2/test/video_190929,16,0.864895
/Data/florian.guillaumey/val2/test/video_190979,4,0.327336
/Data/florian.guillaumey/val2/test/video_19103,22,0.267213
/Data/florian.guillaumey/val2/test/video_191051,12,0.846875
/Data/florian.guillaumey/val2/test/video_191094,14,0.201996
/Data/florian.guillaumey/val2/test/video_191103,8,0.800071
/Data/florian.guillaumey/val2/test/video_191116,8,0.773903
/Data/florian.guillaumey/val2/test/video_191126,1,0.171975
/Data/florian.guillaumey/val2/test/video_191216,8,0.367628
/Data/florian.guillaumey/val2/test/video_191252,28,0.516098
/Data/florian.guillaumey/val2/test/video_191274,31,0.363491
/Data/florian.guillaumey/val2/test/video_19128,19,0.266452
/Data/florian.guillaumey/val2/test/video_191317,4,0.851746
/Data/florian.guillaumey/val2/test/video_191372,6,0.760474
/Data/florian.guillaumey/val2/test/video_191374,9,0.253744
/Data/florian.guillaumey/val2/test/video_191387,12,0.348975
/Data/florian.guillaumey/val2/test/video_1914,1,0.239326
/Data/florian.guillaumey/val2/test/video_191478,21,0.488560
/Data/florian.guillaumey/val2/test/video_191554,10,0.895432
/Data/florian.guillaumey/val2/test/video_191617,32,0.138343
/Data/florian.guillaumey/val2/test/video_191633,18,0.509015
/Data/florian.guillaumey/val2/test/video_191655,22,0.363045
/Data/florian.guillaumey/val2/test/video_191672,23,0.676890
/Data/florian.guillaumey/val2/test/video_191679,28,0.170787
/Data/florian.guillaumey/val2/test/video_191755,5,0.214730
/Data/florian.guillaumey/val2/test/video_191794,13,0.696431
/Data/florian.guillaumey/val2/test/video_191823,9,0.594895
/Data/florian.guillaumey/val2/test/video_191830,3,0.637946
/Data/florian.guillaumey/val2/test/video_19188,1,0.909503
/Data/florian.guillaumey/val2/test/video_191886,5,0.549107
/Data/florian.guillaumey/val2/test/video_191943,12,0.762440
/Data/florian.guillaumey/val2/test/video_191994,14,0.500392
/Data/florian.guillaumey/val2/test/video_192031,23,0.888514
/Data/florian.guillaumey/val2/test/video_192042,5,0.261469
/Data/florian.guillaumey/val2/test/video_192080,30,0.597410
/Data/florian.guillaumey/val2/test/video_192139,10,0.263336
/Data/florian.guillaumey/val2/test/video_192163,16,0.364848
/Data/florian.guillaumey/val2/test/video_192176,30,0.213868
/Data/florian.guillaumey/val2/test/video_19218,30,0.417303
/Data/florian.guillaumey/val2/test/video_192221,15,0.500375
/Data/florian.guillaumey/val2/test/video_192227,7,0.529643
/Data/florian.guillaumey/val2/test/video_19224,14,0.836206
/Data/florian.guillaumey/val2/test/video_192246,12,0.860768
/Data/florian.guillaumey/val2/test/video_192284,1,0.875008
/Data/florian.guillaumey/val2/test/video_192295,5,0.458191
/Data/florian.guillaumey/val2/test/video_192340,5,0.793276
/Data/florian.guillaumey/val2/test/video_192402,10,0.619816
/Data/florian.guillaumey/val2/test/video_192404,15,0.656017
/Data/florian.guillaumey/val2/test/video_192429,9,0.589830
/Data/florian.guillaumey/val2/test/video_192444,28,0.873503
/Data/florian.guillaumey/val2/test/video_192448,17,0.553272
/Data/florian.guillaumey/val2/test/video_192464,4,0.374041
/Data/florian.guillaumey/val2/test/video_192479,4,0.317176
/Data/florian.guillaumey/val2/test/video_192497,24,0.540177
/Data/florian.guillaumey/val2/test/video_192502,14,0.834104
/Data/florian.guillaumey/val2/test/video_192590,16,0.493548
/Data/florian.guillaumey/val2/test/video_192620,15,0.273905
/Data/florian.guillaumey/val2/test/video_192646,28,0.651904
/Data/florian.guillaumey/val2/test/video_192656,17,0.624783
/Data/florian.guillaumey/val2/test/video_192681,15,0.211144
/Data/florian.guillaumey/val2/test/video_192713,14,0.825105
/Data/florian.guillaumey/val2/test/video_192742,31,0.904628
/Data/florian.guillaumey/val2/test/video_192804,29,0.892489
/Data/florian.guillaumey/val2/test/video_192890,16,0.877765
/Data/florian.guillaumey/val2/test/video_192891,22,0.485161
/Data/florian.guillaumey/val2/test/video_192911,2,0.907816
/Data/florian.guillaumey/val2/test/video_19297,1,0.878512
/Data/florian.guillaumey/val2/test/video_193022,28,0.145772
/Data/florian.guillaumey/val2/test/video_193027,9,0.611774
/Data/florian.guillaumey/val2/test/video_193039,22,0.591938
/Data/florian.guillaumey/val2/test/video_193044,24,0.450253
/Data/florian.guillaumey/val2/test/video_193058,5,0.902039
/Data/florian.guillaumey/val2/test/video_193081,21,0.739579
/Data/florian.guillaumey/val2/test/video_193094,0,0.263465
/Data/florian.guillaumey/val2/test/video_193118,3,0.877085
/Data/florian.guillaumey/val2/test/video_193126,1,0.763506
/Data/florian.guillaumey/val2/test/video_19315,12,0.611427
/Data/florian.guillaumey/val2/test/video_193158,5,0.753244
/Data/florian.guillaumey/val2/test/video_193227,7,0.844017
/Data/florian.guillaumey/val2/test/video_193245,11,0.290899
/Data/florian.guillaumey/val2/test/video_193330,2,0.900884
/Data/florian.guillaumey/val2/test/video_193339,14,0.419575
/Data/florian.guillaumey/val2/test/video_193346,1,0.627659
/Data/florian.guillaumey/val2/test/video_193393,30,0.416872
/Data/florian.guillaumey/val2/test/video_193395,23,0.761140
/Data/florian.guillaumey/val2/test/video_193427,3,0.929212
/Data/florian.guillaumey/val2/test/video_193446,23,0.889481
/Data/florian.guillaumey/val2/test/video_193467,1,0.862650
/Data/florian.guillaumey/val2/test/video_193481,18,0.507657
/Data/florian.guillaumey/val2/test/video_193539,6,0.734106
/Data/florian.guillaumey/val2/test/video_193561,14,0.233589
/Data/florian.guillaumey/val2/test/video_193631,16,0.673745
/Data/florian.guillaumey/val2/test/video_19366,19,0.509027
/Data/florian.guillaumey/val2/test/video_193665,1,0.259490
/Data/florian.guillaumey/val2/test/video_193812,29,0.850154
/Data/florian.guillaumey/val2/test/video_193823,32,0.770358
/Data/florian.guillaumey/val2/test/video_193836,20,0.192081
/Data/florian.guillaumey/val2/test/video_193881,28,0.898420
/Data/florian.guillaumey/val2/test/video_193893,0,0.284168
/Data/florian.guillaumey/val2/test/video_193915,19,0.311930
/Data/florian.guillaumey/val2/test/video_193982,30,0.448243
/Data/florian.guillaumey/val2/test/video_193990,6,0.686496
/Data/florian.guillaumey/val2/test/video_193995,24,0.374093
/Data/florian.guillaumey/val2/test/video_193999,20,0.549594
/Data/florian.guillaumey/val2/test/video_194146,6,0.409342
/Data/florian.guillaumey/val2/test/video_194177,3,0.322119
/Data/florian.guillaumey/val2/test/video_194193,31,0.487494
/Data/florian.guillaumey/val2/test/video_19422,18,0.432189
/Data/florian.guillaumey/val2/test/video_19423,6,0.904560
/Data/florian.guillaumey/val2/test/video_194259,32,0.879342
/Data/florian.guillaumey/val2/test/video_194261,32,0.371123
/Data/florian.guillaumey/val2/test/video_194302,18,0.539714
/Data/florian.guillaumey/val2/test/video_194305,22,0.355506
/Data/florian.guillaumey/val2/test/video_194362,31,0.252684
/Data/florian.guillaumey/val2/test/video_194365,32,0.761619
/Data/florian.guillaumey/val2/test/video_194510,7,0.778959
/Data/florian.guillaumey/val2/test/video_194515,14,0.492249
/Data/florian.guillaumey/val2/test/video_194572,10,0.166263
/Data/florian.guillaumey/val2/test/video_194626,3,0.591679
/Data/florian.guillaumey/val2/test/video_194636,10,0.445051
/Data/florian.guillaumey/val2/test/video_194661,6,0.800463
/Data/florian.guillaumey/val2/test/video_194665,12,0.802143
/Data/florian.guillaumey/val2/test/video_194690,23,0.474547
/Data/florian.guillaumey/val2/test/video_194694,3,0.859629
/Data/florian.guillaumey/val2/test/video_1947,29,0.518628
/Data/florian.guillaumey/val2/test/video_19470,24,0.152859
/Data/florian.guillaumey/val2/test/video_194701,23,0.414821
/Data/florian.guillaumey/val2/test/video_194707,10,0.741169
/Data/florian.guillaumey/val2/test/video_194738,8,0.386282
/Data/florian.guillaumey/val2/test/video_194752,4,0.165279
/Data/florian.guillaumey/val2/test/video_194770,14,0.228467
/Data/florian.guillaumey/val2/test/video_194813,0,0.808125
/Data/florian.guillaumey/val2/test/video_194871,30,0.500706
/Data/florian.guillaumey/val2/test/video_194910,3,0.862311
/Data/florian.guillaumey/val2/test/video_194968,8,0.642737
/Data/florian.guillaumey/val2/test/video_195030,32,0.846037
/Data/florian.guillaumey/val2/test/video_195054,1,0.874195
/Data/florian.guillaumey/val2/test/video_195069,4,0.809267
/Data/florian.guillaumey/val2/test/video_195070,29,0.489823
/Data/florian.guillaumey/val2/test/video_195079,18,0.830550
/Data/florian.guillaumey/val2/test/video_195095,29,0.745378
/Data/florian.guillaumey/val2/test/video_195137,32,0.402933
/Data/florian.guillaumey/val2/test/video_195170,4,0.634257
/Data/florian.guillaumey/val2/test/video_19527,4,0.460345
/Data/florian.guillaumey/val2/test/video_19529,4,0.256269
/Data/florian.guillaumey/val2/test/video_195291,28,0.689608
/Data/florian.guillaumey/val2/test/video_195325,1,0.850563
/Data/florian.guillaumey/val2/test/video_19533,13,0.451139
/Data/florian.guillaumey/val2/test/video_195346,4,0.757745
/Data/florian.guillaumey/val2/test/video_195361,1,0.884192
/Data/florian.guillaumey/val2/test/video_195377,3,0.244143
/Data/florian.guillaumey/val2/test/video_195426,14,0.176732
/Data/florian.guillaumey/val2/test/video_195436,4,0.506756
/Data/florian.guillaumey/val2/test/video_195512,24,0.539153
/Data/florian.guillaumey/val2/test/video_19554,6,0.880694
/Data/florian.guillaumey/val2/test/video_195556,30,0.273722
/Data/florian.guillaumey/val2/test/video_195659,0,0.357764
/Data/florian.guillaumey/val2/test/video_195687,1,0.843169
/Data/florian.guillaumey/val2/test/video_195712,30,0.881454
/Data/florian.guillaumey/val2/test/video_195822,23,0.896818
/Data/florian.guillaumey/val2/test/video_195856,12,0.232534
/Data/florian.guillaumey/val2/test/video_195862,1,0.852451
/Data/florian.guillaumey/val2/test/video_195892,30,0.861127
/Data/florian.guillaumey/val2/test/video_195944,18,0.181475
/Data/florian.guillaumey/val2/test/video_195947,20,0.323025
/Data/florian.guillaumey/val2/test/video_195973,12,0.815826
/Data/florian.guillaumey/val2/test/video_195978,3,0.518259
/Data/florian.guillaumey/val2/test/video_196014,4,0.109725
/Data/florian.guillaumey/val2/test/video_196029,12,0.881617
/Data/florian.guillaumey/val2/test/video_196071,31,0.294527
/Data/florian.guillaumey/val2/test/video_196073,5,0.167516
/Data/florian.guillaumey/val2/test/video_196280,12,0.698919
/Data/florian.guillaumey/val2/test/video_196322,7,0.721380
/Data/florian.guillaumey/val2/test/video_196338,16,0.701732
/Data/florian.guillaumey/val2/test/video_196339,17,0.541584
/Data/florian.guillaumey/val2/test/video_196348,7,0.675073
/Data/florian.guillaumey/val2/test/video_196371,25,0.188880
/Data/florian.guillaumey/val2/test/video_19638,23,0.503893
/Data/florian.guillaumey/val2/test/video_196439,13,0.584959
/Data/florian.guillaumey/val2/test/video_19649,10,0.670578
/Data/florian.guillaumey/val2/test/video_196513,18,0.486970
/Data/florian.guillaumey/val2/test/video_196518,5,0.773351
/Data/florian.guillaumey/val2/test/video_196551,5,0.369209
/Data/florian.guillaumey/val2/test/video_196601,29,0.592080
/Data/florian.guillaumey/val2/test/video_196619,5,0.631895
/Data/florian.guillaumey/val2/test/video_196634,17,0.359471
/Data/florian.guillaumey/val2/test/video_196667,14,0.249714
/Data/florian.guillaumey/val2/test/video_196704,16,0.921093
/Data/florian.guillaumey/val2/test/video_196711,12,0.766622
/Data/florian.guillaumey/val2/test/video_196727,5,0.162832
/Data/florian.guillaumey/val2/test/video_196739,19,0.438584
/Data/florian.guillaumey/val2/test/video_196813,4,0.375651
/Data/florian.guillaumey/val2/test/video_196850,12,0.856975
/Data/florian.guillaumey/val2/test/video_196873,24,0.315609
/Data/florian.guillaumey/val2/test/video_196914,25,0.558062
/Data/florian.guillaumey/val2/test/video_196922,0,0.704188
/Data/florian.guillaumey/val2/test/video_197033,16,0.454451
/Data/florian.guillaumey/val2/test/video_197035,31,0.426283
/Data/florian.guillaumey/val2/test/video_197078,15,0.750711
/Data/florian.guillaumey/val2/test/video_197150,18,0.560707
/Data/florian.guillaumey/val2/test/video_197212,6,0.924220
/Data/florian.guillaumey/val2/test/video_197218,1,0.313482
/Data/florian.guillaumey/val2/test/video_197246,7,0.790784
/Data/florian.guillaumey/val2/test/video_19726,23,0.375270
/Data/florian.guillaumey/val2/test/video_197285,4,0.896686
/Data/florian.guillaumey/val2/test/video_197304,7,0.814871
/Data/florian.guillaumey/val2/test/video_197305,9,0.098319
/Data/florian.guillaumey/val2/test/video_197307,16,0.420467
/Data/florian.guillaumey/val2/test/video_197326,32,0.573307
/Data/florian.guillaumey/val2/test/video_197460,10,0.668032
/Data/florian.guillaumey/val2/test/video_197467,1,0.734044
/Data/florian.guillaumey/val2/test/video_197521,21,0.211797
/Data/florian.guillaumey/val2/test/video_197550,6,0.706966
/Data/florian.guillaumey/val2/test/video_197567,15,0.646343
/Data/florian.guillaumey/val2/test/video_197570,14,0.491847
/Data/florian.guillaumey/val2/test/video_197632,7,0.844409
/Data/florian.guillaumey/val2/test/video_197637,12,0.653388
/Data/florian.guillaumey/val2/test/video_197638,30,0.309544
/Data/florian.guillaumey/val2/test/video_197722,22,0.152395
/Data/florian.guillaumey/val2/test/video_197731,30,0.898019
/Data/florian.guillaumey/val2/test/video_197753,1,0.605192
/Data/florian.guillaumey/val2/test/video_197781,29,0.626044
/Data/florian.guillaumey/val2/test/video_197804,23,0.896768
/Data/florian.guillaumey/val2/test/video_197827,28,0.854974
/Data/florian.guillaumey/val2/test/video_197863,14,0.484539
/Data/florian.guillaumey/val2/test/video_197893,5,0.368844
/Data/florian.guillaumey/val2/test/video_197909,24,0.191962
/Data/florian.guillaumey/val2/test/video_197916,7,0.886967
/Data/florian.guillaumey/val2/test/video_19793,23,0.446913
/Data/florian.guillaumey/val2/test/video_197932,25,0.351240
/Data/florian.guillaumey/val2/test/video_198061,5,0.298732
/Data/florian.guillaumey/val2/test/video_19808,22,0.196624
/Data/florian.guillaumey/val2/test/video_198097,1,0.892045
/Data/florian.guillaumey/val2/test/video_198135,8,0.853171
/Data/florian.guillaumey/val2/test/video_198137,14,0.586906
/Data/florian.guillaumey/val2/test/video_198196,18,0.510108
/Data/florian.guillaumey/val2/test/video_19820,13,0.413560
/Data/florian.guillaumey/val2/test/video_198255,2,0.289422
/Data/florian.guillaumey/val2/test/video_198274,3,0.636600
/Data/florian.guillaumey/val2/test/video_19829,17,0.491880
/Data/florian.guillaumey/val2/test/video_198292,24,0.831307
/Data/florian.guillaumey/val2/test/video_198305,6,0.715928
/Data/florian.guillaumey/val2/test/video_19835,13,0.626406
/Data/florian.guillaumey/val2/test/video_198354,4,0.682924
/Data/florian.guillaumey/val2/test/video_198355,21,0.694158
/Data/florian.guillaumey/val2/test/video_198358,14,0.604696
/Data/florian.guillaumey/val2/test/video_198363,5,0.441893
/Data/florian.guillaumey/val2/test/video_198373,6,0.578745
/Data/florian.guillaumey/val2/test/video_198396,15,0.778506
/Data/florian.guillaumey/val2/test/video_198398,23,0.861904
/Data/florian.guillaumey/val2/test/video_198411,10,0.871337
/Data/florian.guillaumey/val2/test/video_198425,6,0.412382
/Data/florian.guillaumey/val2/test/video_198480,2,0.814753
/Data/florian.guillaumey/val2/test/video_198532,14,0.636509
/Data/florian.guillaumey/val2/test/video_198555,1,0.539346
/Data/florian.guillaumey/val2/test/video_198558,29,0.737543
/Data/florian.guillaumey/val2/test/video_198568,10,0.617931
/Data/florian.guillaumey/val2/test/video_198627,5,0.747979
/Data/florian.guillaumey/val2/test/video_198632,31,0.633714
/Data/florian.guillaumey/val2/test/video_198636,4,0.280780
/Data/florian.guillaumey/val2/test/video_198658,12,0.738219
/Data/florian.guillaumey/val2/test/video_198721,0,0.874954
/Data/florian.guillaumey/val2/test/video_19873,5,0.358640
/Data/florian.guillaumey/val2/test/video_198818,8,0.342781
/Data/florian.guillaumey/val2/test/video_198830,5,0.778224
/Data/florian.guillaumey/val2/test/video_198895,9,0.845245
/Data/florian.guillaumey/val2/test/video_198910,4,0.420627
/Data/florian.guillaumey/val2/test/video_198917,14,0.216520
/Data/florian.guillaumey/val2/test/video_198958,14,0.304544
/Data/florian.guillaumey/val2/test/video_198960,4,0.904217
/Data/florian.guillaumey/val2/test/video_198983,21,0.643921
/Data/florian.guillaumey/val2/test/video_199026,14,0.862892
/Data/florian.guillaumey/val2/test/video_199033,3,0.834623
/Data/florian.guillaumey/val2/test/video_199053,4,0.748317
/Data/florian.guillaumey/val2/test/video_199083,29,0.258347
/Data/florian.guillaumey/val2/test/video_199084,29,0.887555
/Data/florian.guillaumey/val2/test/video_199139,20,0.869992
/Data/florian.guillaumey/val2/test/video_19914,32,0.496382
/Data/florian.guillaumey/val2/test/video_199195,16,0.558343
/Data/florian.guillaumey/val2/test/video_199216,24,0.311752
/Data/florian.guillaumey/val2/test/video_199265,8,0.764918
/Data/florian.guillaumey/val2/test/video_19930,1,0.872447
/Data/florian.guillaumey/val2/test/video_199323,20,0.152860
/Data/florian.guillaumey/val2/test/video_199349,12,0.823435
/Data/florian.guillaumey/val2/test/video_199379,29,0.866553
/Data/florian.guillaumey/val2/test/video_199407,29,0.534615
/Data/florian.guillaumey/val2/test/video_199529,4,0.635961
/Data/florian.guillaumey/val2/test/video_199586,4,0.323179
/Data/florian.guillaumey/val2/test/video_199613,30,0.835058
/Data/florian.guillaumey/val2/test/video_199686,4,0.857135
/Data/florian.guillaumey/val2/test/video_199718,16,0.472577
/Data/florian.guillaumey/val2/test/video_199731,20,0.180029
/Data/florian.guillaumey/val2/test/video_199852,0,0.546443
/Data/florian.guillaumey/val2/test/video_199859,16,0.295392
/Data/florian.guillaumey/val2/test/video_199860,30,0.891150
/Data/florian.guillaumey/val2/test/video_199891,18,0.622996
/Data/florian.guillaumey/val2/test/video_1999,7,0.567903
/Data/florian.guillaumey/val2/test/video_199914,6,0.834871
/Data/florian.guillaumey/val2/test/video_199938,28,0.841421
/Data/florian.guillaumey/val2/test/video_199943,22,0.461000
/Data/florian.guillaumey/val2/test/video_199952,14,0.607767
/Data/florian.guillaumey/val2/test/video_199954,14,0.576247
/Data/florian.guillaumey/val2/test/video_199969,7,0.822029
/Data/florian.guillaumey/val2/test/video_200048,28,0.419956
/Data/florian.guillaumey/val2/test/video_200070,23,0.905991
/Data/florian.guillaumey/val2/test/video_200135,28,0.171702
/Data/florian.guillaumey/val2/test/video_200150,3,0.716315
/Data/florian.guillaumey/val2/test/video_200156,13,0.626451
/Data/florian.guillaumey/val2/test/video_200157,14,0.643414
/Data/florian.guillaumey/val2/test/video_200171,18,0.387876
/Data/florian.guillaumey/val2/test/video_200177,29,0.432891
/Data/florian.guillaumey/val2/test/video_200209,32,0.488883
/Data/florian.guillaumey/val2/test/video_200216,30,0.456452
/Data/florian.guillaumey/val2/test/video_200228,22,0.582813
/Data/florian.guillaumey/val2/test/video_200236,32,0.694376
/Data/florian.guillaumey/val2/test/video_200291,9,0.812716
/Data/florian.guillaumey/val2/test/video_200321,4,0.273656
/Data/florian.guillaumey/val2/test/video_200326,4,0.282771
/Data/florian.guillaumey/val2/test/video_200327,1,0.862306
/Data/florian.guillaumey/val2/test/video_200348,7,0.221011
/Data/florian.guillaumey/val2/test/video_200352,1,0.402631
/Data/florian.guillaumey/val2/test/video_200385,29,0.764782
/Data/florian.guillaumey/val2/test/video_200411,31,0.387681
/Data/florian.guillaumey/val2/test/video_200440,14,0.407011
/Data/florian.guillaumey/val2/test/video_200442,5,0.421708
/Data/florian.guillaumey/val2/test/video_200463,28,0.808218
/Data/florian.guillaumey/val2/test/video_200582,9,0.673364
/Data/florian.guillaumey/val2/test/video_200595,16,0.772923
/Data/florian.guillaumey/val2/test/video_200622,28,0.249260
/Data/florian.guillaumey/val2/test/video_200624,23,0.881833
/Data/florian.guillaumey/val2/test/video_200693,21,0.880349
/Data/florian.guillaumey/val2/test/video_200703,3,0.807461
/Data/florian.guillaumey/val2/test/video_200786,7,0.856224
/Data/florian.guillaumey/val2/test/video_200802,31,0.835305
/Data/florian.guillaumey/val2/test/video_200850,13,0.464989
/Data/florian.guillaumey/val2/test/video_200874,28,0.900793
/Data/florian.guillaumey/val2/test/video_200965,23,0.345536
/Data/florian.guillaumey/val2/test/video_200969,4,0.837458
/Data/florian.guillaumey/val2/test/video_20098,12,0.917489
/Data/florian.guillaumey/val2/test/video_201042,15,0.236298
/Data/florian.guillaumey/val2/test/video_201079,30,0.846488
/Data/florian.guillaumey/val2/test/video_201095,6,0.693755
/Data/florian.guillaumey/val2/test/video_201114,8,0.483477
/Data/florian.guillaumey/val2/test/video_201126,28,0.311501
/Data/florian.guillaumey/val2/test/video_201139,3,0.320688
/Data/florian.guillaumey/val2/test/video_201153,1,0.313774
/Data/florian.guillaumey/val2/test/video_201174,29,0.651747
/Data/florian.guillaumey/val2/test/video_201199,23,0.409722
/Data/florian.guillaumey/val2/test/video_201213,8,0.435155
/Data/florian.guillaumey/val2/test/video_201222,19,0.421993
/Data/florian.guillaumey/val2/test/video_201256,15,0.365488
/Data/florian.guillaumey/val2/test/video_201267,3,0.880839
/Data/florian.guillaumey/val2/test/video_201277,4,0.642774
/Data/florian.guillaumey/val2/test/video_201291,18,0.338511
/Data/florian.guillaumey/val2/test/video_201295,12,0.910197
/Data/florian.guillaumey/val2/test/video_201326,28,0.659798
/Data/florian.guillaumey/val2/test/video_201407,10,0.503171
/Data/florian.guillaumey/val2/test/video_201444,1,0.381336
/Data/florian.guillaumey/val2/test/video_201451,12,0.367342
/Data/florian.guillaumey/val2/test/video_201457,28,0.177475
/Data/florian.guillaumey/val2/test/video_201500,32,0.818093
/Data/florian.guillaumey/val2/test/video_201503,22,0.254195
/Data/florian.guillaumey/val2/test/video_201519,5,0.420948
/Data/florian.guillaumey/val2/test/video_20155,30,0.855386
/Data/florian.guillaumey/val2/test/video_201639,30,0.909807
/Data/florian.guillaumey/val2/test/video_201652,4,0.369846
/Data/florian.guillaumey/val2/test/video_201723,9,0.852333
/Data/florian.guillaumey/val2/test/video_201733,23,0.825439
/Data/florian.guillaumey/val2/test/video_201820,32,0.799713
/Data/florian.guillaumey/val2/test/video_201856,4,0.438789
/Data/florian.guillaumey/val2/test/video_20186,1,0.878819
/Data/florian.guillaumey/val2/test/video_201873,9,0.434674
/Data/florian.guillaumey/val2/test/video_201891,10,0.326656
/Data/florian.guillaumey/val2/test/video_201905,3,0.417945
/Data/florian.guillaumey/val2/test/video_201912,18,0.673807
/Data/florian.guillaumey/val2/test/video_201932,28,0.812987
/Data/florian.guillaumey/val2/test/video_201948,24,0.304872
/Data/florian.guillaumey/val2/test/video_201955,12,0.799043
/Data/florian.guillaumey/val2/test/video_201969,18,0.511484
/Data/florian.guillaumey/val2/test/video_202005,6,0.866326
/Data/florian.guillaumey/val2/test/video_202007,18,0.283916
/Data/florian.guillaumey/val2/test/video_202035,4,0.921649
/Data/florian.guillaumey/val2/test/video_202044,10,0.471791
/Data/florian.guillaumey/val2/test/video_202097,4,0.369918
/Data/florian.guillaumey/val2/test/video_202136,7,0.805795
/Data/florian.guillaumey/val2/test/video_202161,5,0.421729
/Data/florian.guillaumey/val2/test/video_202191,24,0.437369
/Data/florian.guillaumey/val2/test/video_202193,25,0.529426
/Data/florian.guillaumey/val2/test/video_202215,1,0.874401
/Data/florian.guillaumey/val2/test/video_202223,3,0.475605
/Data/florian.guillaumey/val2/test/video_20225,14,0.356848
/Data/florian.guillaumey/val2/test/video_20227,20,0.227652
/Data/florian.guillaumey/val2/test/video_202311,28,0.893478
/Data/florian.guillaumey/val2/test/video_202387,0,0.880435
/Data/florian.guillaumey/val2/test/video_202393,32,0.834447
/Data/florian.guillaumey/val2/test/video_202452,14,0.641641
/Data/florian.guillaumey/val2/test/video_2025,3,0.674269
/Data/florian.guillaumey/val2/test/video_202515,24,0.760070
/Data/florian.guillaumey/val2/test/video_202534,3,0.717938
/Data/florian.guillaumey/val2/test/video_202577,9,0.776344
/Data/florian.guillaumey/val2/test/video_202578,10,0.621626
/Data/florian.guillaumey/val2/test/video_202593,1,0.867882
/Data/florian.guillaumey/val2/test/video_202635,4,0.271751
/Data/florian.guillaumey/val2/test/video_202639,16,0.220825
/Data/florian.guillaumey/val2/test/video_202648,19,0.474226
/Data/florian.guillaumey/val2/test/video_202666,3,0.884765
/Data/florian.guillaumey/val2/test/video_202700,31,0.860600
/Data/florian.guillaumey/val2/test/video_202706,9,0.305319
/Data/florian.guillaumey/val2/test/video_202710,2,0.892777
/Data/florian.guillaumey/val2/test/video_202739,32,0.436103
/Data/florian.guillaumey/val2/test/video_20274,10,0.372645
/Data/florian.guillaumey/val2/test/video_202745,4,0.909550
/Data/florian.guillaumey/val2/test/video_202798,29,0.678775
/Data/florian.guillaumey/val2/test/video_202894,21,0.152880
/Data/florian.guillaumey/val2/test/video_202922,7,0.819827
/Data/florian.guillaumey/val2/test/video_202932,14,0.605362
/Data/florian.guillaumey/val2/test/video_202937,17,0.866428
/Data/florian.guillaumey/val2/test/video_20297,31,0.579270
/Data/florian.guillaumey/val2/test/video_202971,5,0.255549
/Data/florian.guillaumey/val2/test/video_202976,30,0.427046
/Data/florian.guillaumey/val2/test/video_20301,16,0.709733
/Data/florian.guillaumey/val2/test/video_203022,9,0.827707
/Data/florian.guillaumey/val2/test/video_20303,17,0.187529
/Data/florian.guillaumey/val2/test/video_203069,32,0.727004
/Data/florian.guillaumey/val2/test/video_203155,11,0.416532
/Data/florian.guillaumey/val2/test/video_203178,22,0.789777
/Data/florian.guillaumey/val2/test/video_203241,31,0.838979
/Data/florian.guillaumey/val2/test/video_203245,29,0.851532
/Data/florian.guillaumey/val2/test/video_203261,4,0.518505
/Data/florian.guillaumey/val2/test/video_203264,16,0.736822
/Data/florian.guillaumey/val2/test/video_203321,6,0.707501
/Data/florian.guillaumey/val2/test/video_203329,3,0.909507
/Data/florian.guillaumey/val2/test/video_203365,14,0.752744
/Data/florian.guillaumey/val2/test/video_203386,9,0.776232
/Data/florian.guillaumey/val2/test/video_203388,18,0.548762
/Data/florian.guillaumey/val2/test/video_203390,22,0.389246
/Data/florian.guillaumey/val2/test/video_203443,24,0.183154
/Data/florian.guillaumey/val2/test/video_203446,17,0.272455
/Data/florian.guillaumey/val2/test/video_203458,23,0.832861
/Data/florian.guillaumey/val2/test/video_203480,23,0.472564
/Data/florian.guillaumey/val2/test/video_203484,22,0.436350
/Data/florian.guillaumey/val2/test/video_203486,8,0.757236
/Data/florian.guillaumey/val2/test/video_203494,18,0.350394
/Data/florian.guillaumey/val2/test/video_203515,4,0.895244
/Data/florian.guillaumey/val2/test/video_203526,16,0.710671
/Data/florian.guillaumey/val2/test/video_203557,32,0.381781
/Data/florian.guillaumey/val2/test/video_203572,10,0.774789
/Data/florian.guillaumey/val2/test/video_203606,1,0.686320
/Data/florian.guillaumey/val2/test/video_203607,31,0.634623
/Data/florian.guillaumey/val2/test/video_203674,14,0.620453
/Data/florian.guillaumey/val2/test/video_203675,10,0.704154
/Data/florian.guillaumey/val2/test/video_20369,29,0.553821
/Data/florian.guillaumey/val2/test/video_203738,9,0.287770
/Data/florian.guillaumey/val2/test/video_203812,0,0.916276
/Data/florian.guillaumey/val2/test/video_203831,25,0.527256
/Data/florian.guillaumey/val2/test/video_203876,5,0.423055
/Data/florian.guillaumey/val2/test/video_203889,5,0.889017
/Data/florian.guillaumey/val2/test/video_20392,14,0.287490
/Data/florian.guillaumey/val2/test/video_203962,30,0.899241
/Data/florian.guillaumey/val2/test/video_203964,8,0.856139
/Data/florian.guillaumey/val2/test/video_203984,28,0.877915
/Data/florian.guillaumey/val2/test/video_203987,3,0.174134
/Data/florian.guillaumey/val2/test/video_203998,16,0.230315
/Data/florian.guillaumey/val2/test/video_204002,11,0.474390
/Data/florian.guillaumey/val2/test/video_204004,8,0.896441
/Data/florian.guillaumey/val2/test/video_204020,7,0.870727
/Data/florian.guillaumey/val2/test/video_204066,18,0.502457
/Data/florian.guillaumey/val2/test/video_204077,18,0.402210
/Data/florian.guillaumey/val2/test/video_204078,12,0.824988
/Data/florian.guillaumey/val2/test/video_204091,6,0.849478
/Data/florian.guillaumey/val2/test/video_204102,23,0.475186
/Data/florian.guillaumey/val2/test/video_204117,3,0.889506
/Data/florian.guillaumey/val2/test/video_204179,7,0.786076
/Data/florian.guillaumey/val2/test/video_204195,18,0.493901
/Data/florian.guillaumey/val2/test/video_204252,9,0.801230
/Data/florian.guillaumey/val2/test/video_204283,23,0.252049
/Data/florian.guillaumey/val2/test/video_204320,6,0.857376
/Data/florian.guillaumey/val2/test/video_204363,15,0.575184
/Data/florian.guillaumey/val2/test/video_204460,4,0.594873
/Data/florian.guillaumey/val2/test/video_204461,3,0.850578
/Data/florian.guillaumey/val2/test/video_204467,12,0.291439
/Data/florian.guillaumey/val2/test/video_204510,10,0.226938
/Data/florian.guillaumey/val2/test/video_20453,23,0.266096
/Data/florian.guillaumey/val2/test/video_204538,9,0.855432
/Data/florian.guillaumey/val2/test/video_20465,7,0.849385
/Data/florian.guillaumey/val2/test/video_204653,24,0.528323
/Data/florian.guillaumey/val2/test/video_204688,28,0.153290
/Data/florian.guillaumey/val2/test/video_204699,3,0.506460
/Data/florian.guillaumey/val2/test/video_204730,28,0.319665
/Data/florian.guillaumey/val2/test/video_204745,5,0.653081
/Data/florian.guillaumey/val2/test/video_204834,14,0.784358
/Data/florian.guillaumey/val2/test/video_204903,3,0.594934
/Data/florian.guillaumey/val2/test/video_204930,14,0.819208
/Data/florian.guillaumey/val2/test/video_204975,14,0.297499
/Data/florian.guillaumey/val2/test/video_204989,5,0.930613
/Data/florian.guillaumey/val2/test/video_205019,4,0.228887
/Data/florian.guillaumey/val2/test/video_205043,14,0.208811
/Data/florian.guillaumey/val2/test/video_205052,23,0.885659
/Data/florian.guillaumey/val2/test/video_205055,16,0.497404
/Data/florian.guillaumey/val2/test/video_205080,3,0.932966
/Data/florian.guillaumey/val2/test/video_205153,6,0.854318
/Data/florian.guillaumey/val2/test/video_205157,31,0.895777
/Data/florian.guillaumey/val2/test/video_205176,19,0.232015
/Data/florian.guillaumey/val2/test/video_205224,22,0.667559
/Data/florian.guillaumey/val2/test/video_205322,18,0.688342
/Data/florian.guillaumey/val2/test/video_20541,32,0.814423
/Data/florian.guillaumey/val2/test/video_205431,14,0.355815
/Data/florian.guillaumey/val2/test/video_205536,23,0.882283
/Data/florian.guillaumey/val2/test/video_205549,17,0.558988
/Data/florian.guillaumey/val2/test/video_205579,30,0.905469
/Data/florian.guillaumey/val2/test/video_205599,30,0.643272
/Data/florian.guillaumey/val2/test/video_205628,29,0.891694
/Data/florian.guillaumey/val2/test/video_205647,14,0.719585
/Data/florian.guillaumey/val2/test/video_20566,16,0.541569
/Data/florian.guillaumey/val2/test/video_205675,3,0.252848
/Data/florian.guillaumey/val2/test/video_205699,5,0.864290
/Data/florian.guillaumey/val2/test/video_205709,6,0.910720
/Data/florian.guillaumey/val2/test/video_205711,31,0.594661
/Data/florian.guillaumey/val2/test/video_205712,4,0.630093
/Data/florian.guillaumey/val2/test/video_205755,1,0.900183
/Data/florian.guillaumey/val2/test/video_205772,5,0.246429
/Data/florian.guillaumey/val2/test/video_205808,8,0.249573
/Data/florian.guillaumey/val2/test/video_205823,1,0.440647
/Data/florian.guillaumey/val2/test/video_205836,17,0.294106
/Data/florian.guillaumey/val2/test/video_205845,8,0.892863
/Data/florian.guillaumey/val2/test/video_205879,0,0.542771
/Data/florian.guillaumey/val2/test/video_205895,30,0.807355
/Data/florian.guillaumey/val2/test/video_205907,11,0.267162
/Data/florian.guillaumey/val2/test/video_205925,18,0.441173
/Data/florian.guillaumey/val2/test/video_205929,3,0.864393
/Data/florian.guillaumey/val2/test/video_205947,14,0.307999
/Data/florian.guillaumey/val2/test/video_206018,3,0.698570
/Data/florian.guillaumey/val2/test/video_206032,20,0.178869
/Data/florian.guillaumey/val2/test/video_206087,7,0.813635
/Data/florian.guillaumey/val2/test/video_20614,31,0.893767
/Data/florian.guillaumey/val2/test/video_206140,30,0.704875
/Data/florian.guillaumey/val2/test/video_206173,30,0.799705
/Data/florian.guillaumey/val2/test/video_206196,14,0.281401
/Data/florian.guillaumey/val2/test/video_20624,30,0.303433
/Data/florian.guillaumey/val2/test/video_20625,5,0.882217
/Data/florian.guillaumey/val2/test/video_206271,31,0.756832
/Data/florian.guillaumey/val2/test/video_206277,10,0.262247
/Data/florian.guillaumey/val2/test/video_206278,23,0.806727
/Data/florian.guillaumey/val2/test/video_206301,4,0.693520
/Data/florian.guillaumey/val2/test/video_20634,31,0.700890
/Data/florian.guillaumey/val2/test/video_206352,29,0.926428
/Data/florian.guillaumey/val2/test/video_206363,30,0.886467
/Data/florian.guillaumey/val2/test/video_206386,1,0.566660
/Data/florian.guillaumey/val2/test/video_206431,0,0.290552
/Data/florian.guillaumey/val2/test/video_206458,14,0.461938
/Data/florian.guillaumey/val2/test/video_206461,22,0.487468
/Data/florian.guillaumey/val2/test/video_206464,16,0.766787
/Data/florian.guillaumey/val2/test/video_206472,14,0.193083
/Data/florian.guillaumey/val2/test/video_206543,29,0.730746
/Data/florian.guillaumey/val2/test/video_206547,30,0.624436
/Data/florian.guillaumey/val2/test/video_206712,7,0.893756
/Data/florian.guillaumey/val2/test/video_206718,18,0.624957
/Data/florian.guillaumey/val2/test/video_206777,8,0.918049
/Data/florian.guillaumey/val2/test/video_206778,19,0.402889
/Data/florian.guillaumey/val2/test/video_206802,16,0.561288
/Data/florian.guillaumey/val2/test/video_206901,7,0.362070
/Data/florian.guillaumey/val2/test/video_206908,12,0.761518
/Data/florian.guillaumey/val2/test/video_206959,5,0.872830
/Data/florian.guillaumey/val2/test/video_206976,30,0.888480
/Data/florian.guillaumey/val2/test/video_2070,1,0.216230
/Data/florian.guillaumey/val2/test/video_207006,21,0.801349
/Data/florian.guillaumey/val2/test/video_207057,12,0.385602
/Data/florian.guillaumey/val2/test/video_207091,1,0.858724
/Data/florian.guillaumey/val2/test/video_207092,31,0.482177
/Data/florian.guillaumey/val2/test/video_207203,12,0.836317
/Data/florian.guillaumey/val2/test/video_207218,4,0.276261
/Data/florian.guillaumey/val2/test/video_207219,9,0.765357
/Data/florian.guillaumey/val2/test/video_207253,4,0.286542
/Data/florian.guillaumey/val2/test/video_207293,14,0.804105
/Data/florian.guillaumey/val2/test/video_207294,31,0.524032
/Data/florian.guillaumey/val2/test/video_207324,17,0.137349
/Data/florian.guillaumey/val2/test/video_20734,16,0.640956
/Data/florian.guillaumey/val2/test/video_207371,0,0.781760
/Data/florian.guillaumey/val2/test/video_207381,1,0.832874
/Data/florian.guillaumey/val2/test/video_207415,12,0.285454
/Data/florian.guillaumey/val2/test/video_207434,14,0.689172
/Data/florian.guillaumey/val2/test/video_207463,1,0.892838
/Data/florian.guillaumey/val2/test/video_207485,22,0.503583
/Data/florian.guillaumey/val2/test/video_207538,30,0.888775
/Data/florian.guillaumey/val2/test/video_207562,12,0.858300
/Data/florian.guillaumey/val2/test/video_207631,12,0.366564
/Data/florian.guillaumey/val2/test/video_207675,12,0.121496
/Data/florian.guillaumey/val2/test/video_2077,32,0.741126
/Data/florian.guillaumey/val2/test/video_207711,12,0.611175
/Data/florian.guillaumey/val2/test/video_207743,0,0.834135
/Data/florian.guillaumey/val2/test/video_207758,14,0.406149
/Data/florian.guillaumey/val2/test/video_207764,5,0.380804
/Data/florian.guillaumey/val2/test/video_207787,10,0.835027
/Data/florian.guillaumey/val2/test/video_207788,31,0.316897
/Data/florian.guillaumey/val2/test/video_20779,18,0.430327
/Data/florian.guillaumey/val2/test/video_207878,30,0.861120
/Data/florian.guillaumey/val2/test/video_207957,23,0.812492
/Data/florian.guillaumey/val2/test/video_207958,15,0.814570
/Data/florian.guillaumey/val2/test/video_207964,0,0.283192
/Data/florian.guillaumey/val2/test/video_207965,31,0.649061
/Data/florian.guillaumey/val2/test/video_207978,6,0.640693
/Data/florian.guillaumey/val2/test/video_208,1,0.670793
/Data/florian.guillaumey/val2/test/video_208008,16,0.143254
/Data/florian.guillaumey/val2/test/video_20804,17,0.192310
/Data/florian.guillaumey/val2/test/video_208053,0,0.878441
/Data/florian.guillaumey/val2/test/video_208082,14,0.403402
/Data/florian.guillaumey/val2/test/video_208089,22,0.501949
/Data/florian.guillaumey/val2/test/video_208120,1,0.887554
/Data/florian.guillaumey/val2/test/video_208140,30,0.900772
/Data/florian.guillaumey/val2/test/video_208153,4,0.320972
/Data/florian.guillaumey/val2/test/video_208159,1,0.381439
/Data/florian.guillaumey/val2/test/video_208161,14,0.478817
/Data/florian.guillaumey/val2/test/video_208164,0,0.440766
/Data/florian.guillaumey/val2/test/video_208170,8,0.593380
/Data/florian.guillaumey/val2/test/video_208183,12,0.429873
/Data/florian.guillaumey/val2/test/video_208187,6,0.400968
/Data/florian.guillaumey/val2/test/video_208239,14,0.427624
/Data/florian.guillaumey/val2/test/video_208241,4,0.290482
/Data/florian.guillaumey/val2/test/video_208293,11,0.139969
/Data/florian.guillaumey/val2/test/video_208317,1,0.876507
/Data/florian.guillaumey/val2/test/video_208319,6,0.192314
/Data/florian.guillaumey/val2/test/video_208358,3,0.793639
/Data/florian.guillaumey/val2/test/video_208378,24,0.322433
/Data/florian.guillaumey/val2/test/video_208477,16,0.210576
/Data/florian.guillaumey/val2/test/video_208480,29,0.670853
/Data/florian.guillaumey/val2/test/video_208489,22,0.297783
/Data/florian.guillaumey/val2/test/video_208498,11,0.386528
/Data/florian.guillaumey/val2/test/video_208549,24,0.442123
/Data/florian.guillaumey/val2/test/video_208583,7,0.460853
/Data/florian.guillaumey/val2/test/video_208593,3,0.768430
/Data/florian.guillaumey/val2/test/video_208624,23,0.735192
/Data/florian.guillaumey/val2/test/video_208704,11,0.694999
/Data/florian.guillaumey/val2/test/video_208756,9,0.887601
/Data/florian.guillaumey/val2/test/video_20883,24,0.749053
/Data/florian.guillaumey/val2/test/video_208849,23,0.715280
/Data/florian.guillaumey/val2/test/video_208906,29,0.846829
/Data/florian.guillaumey/val2/test/video_208986,6,0.662815
/Data/florian.guillaumey/val2/test/video_209119,12,0.423525
/Data/florian.guillaumey/val2/test/video_209135,1,0.772264
/Data/florian.guillaumey/val2/test/video_209181,7,0.778750
/Data/florian.guillaumey/val2/test/video_209211,1,0.793708
/Data/florian.guillaumey/val2/test/video_209242,12,0.579676
/Data/florian.guillaumey/val2/test/video_209303,7,0.392296
/Data/florian.guillaumey/val2/test/video_209318,11,0.395199
/Data/florian.guillaumey/val2/test/video_209333,11,0.199816
/Data/florian.guillaumey/val2/test/video_209340,13,0.675002
/Data/florian.guillaumey/val2/test/video_20935,10,0.618634
/Data/florian.guillaumey/val2/test/video_209377,17,0.605726
/Data/florian.guillaumey/val2/test/video_209390,7,0.800537
/Data/florian.guillaumey/val2/test/video_209391,24,0.316814
/Data/florian.guillaumey/val2/test/video_209456,30,0.189752
/Data/florian.guillaumey/val2/test/video_209489,19,0.169972
/Data/florian.guillaumey/val2/test/video_209527,4,0.546564
/Data/florian.guillaumey/val2/test/video_209570,12,0.859942
/Data/florian.guillaumey/val2/test/video_209591,4,0.515628
/Data/florian.guillaumey/val2/test/video_209638,16,0.791017
/Data/florian.guillaumey/val2/test/video_20966,19,0.327775
/Data/florian.guillaumey/val2/test/video_209685,10,0.585241
/Data/florian.guillaumey/val2/test/video_209707,28,0.802820
/Data/florian.guillaumey/val2/test/video_209747,7,0.856580
/Data/florian.guillaumey/val2/test/video_209793,24,0.860381
/Data/florian.guillaumey/val2/test/video_209803,16,0.359601
/Data/florian.guillaumey/val2/test/video_209815,14,0.319816
/Data/florian.guillaumey/val2/test/video_209816,15,0.493420
/Data/florian.guillaumey/val2/test/video_209822,14,0.772880
/Data/florian.guillaumey/val2/test/video_209850,4,0.428318
/Data/florian.guillaumey/val2/test/video_209881,12,0.769218
/Data/florian.guillaumey/val2/test/video_209922,30,0.805741
/Data/florian.guillaumey/val2/test/video_209927,4,0.294440
/Data/florian.guillaumey/val2/test/video_20996,10,0.698644
/Data/florian.guillaumey/val2/test/video_209991,22,0.461825
/Data/florian.guillaumey/val2/test/video_210006,5,0.668925
/Data/florian.guillaumey/val2/test/video_210015,10,0.390060
/Data/florian.guillaumey/val2/test/video_210016,4,0.840714
/Data/florian.guillaumey/val2/test/video_210027,10,0.570342
/Data/florian.guillaumey/val2/test/video_210034,3,0.837066
/Data/florian.guillaumey/val2/test/video_210086,12,0.768651
/Data/florian.guillaumey/val2/test/video_21010,13,0.791710
/Data/florian.guillaumey/val2/test/video_210102,5,0.175894
/Data/florian.guillaumey/val2/test/video_210112,19,0.500400
/Data/florian.guillaumey/val2/test/video_210148,10,0.183075
/Data/florian.guillaumey/val2/test/video_210170,7,0.805729
/Data/florian.guillaumey/val2/test/video_210197,2,0.390050
/Data/florian.guillaumey/val2/test/video_210363,14,0.660156
/Data/florian.guillaumey/val2/test/video_210377,0,0.285227
/Data/florian.guillaumey/val2/test/video_210379,28,0.865439
/Data/florian.guillaumey/val2/test/video_21039,9,0.697123
/Data/florian.guillaumey/val2/test/video_210416,7,0.879296
/Data/florian.guillaumey/val2/test/video_210420,32,0.185952
/Data/florian.guillaumey/val2/test/video_210475,32,0.251721
/Data/florian.guillaumey/val2/test/video_21048,5,0.159551
/Data/florian.guillaumey/val2/test/video_210532,30,0.892968
/Data/florian.guillaumey/val2/test/video_210540,14,0.429187
/Data/florian.guillaumey/val2/test/video_210547,30,0.272596
/Data/florian.guillaumey/val2/test/video_210571,4,0.341516
/Data/florian.guillaumey/val2/test/video_21060,3,0.773024
/Data/florian.guillaumey/val2/test/video_210622,4,0.640454
/Data/florian.guillaumey/val2/test/video_210685,12,0.468359
/Data/florian.guillaumey/val2/test/video_210708,30,0.221015
/Data/florian.guillaumey/val2/test/video_210717,21,0.454499
/Data/florian.guillaumey/val2/test/video_210792,5,0.560201
/Data/florian.guillaumey/val2/test/video_210813,12,0.852867
/Data/florian.guillaumey/val2/test/video_210820,30,0.124277
/Data/florian.guillaumey/val2/test/video_210893,22,0.237319
/Data/florian.guillaumey/val2/test/video_21092,7,0.889402
/Data/florian.guillaumey/val2/test/video_210936,5,0.633593
/Data/florian.guillaumey/val2/test/video_211021,18,0.744233
/Data/florian.guillaumey/val2/test/video_211026,29,0.332763
/Data/florian.guillaumey/val2/test/video_21103,9,0.837463
/Data/florian.guillaumey/val2/test/video_211063,7,0.475426
/Data/florian.guillaumey/val2/test/video_21109,4,0.456377
/Data/florian.guillaumey/val2/test/video_211105,12,0.847168
/Data/florian.guillaumey/val2/test/video_211147,19,0.237709
/Data/florian.guillaumey/val2/test/video_211174,12,0.604888
/Data/florian.guillaumey/val2/test/video_211177,29,0.445367
/Data/florian.guillaumey/val2/test/video_211192,9,0.501269
/Data/florian.guillaumey/val2/test/video_211214,3,0.891079
/Data/florian.guillaumey/val2/test/video_211302,32,0.518296
/Data/florian.guillaumey/val2/test/video_211327,10,0.480449
/Data/florian.guillaumey/val2/test/video_211332,29,0.421624
/Data/florian.guillaumey/val2/test/video_211388,16,0.178957
/Data/florian.guillaumey/val2/test/video_211395,32,0.601254
/Data/florian.guillaumey/val2/test/video_211405,1,0.893354
/Data/florian.guillaumey/val2/test/video_211422,12,0.545408
/Data/florian.guillaumey/val2/test/video_211576,30,0.668344
/Data/florian.guillaumey/val2/test/video_211594,14,0.808043
/Data/florian.guillaumey/val2/test/video_211733,12,0.084923
/Data/florian.guillaumey/val2/test/video_211746,32,0.506093
/Data/florian.guillaumey/val2/test/video_21188,8,0.896316
/Data/florian.guillaumey/val2/test/video_21189,5,0.833665
/Data/florian.guillaumey/val2/test/video_2119,14,0.916281
/Data/florian.guillaumey/val2/test/video_211907,10,0.783764
/Data/florian.guillaumey/val2/test/video_21196,30,0.333999
/Data/florian.guillaumey/val2/test/video_211976,12,0.782015
/Data/florian.guillaumey/val2/test/video_211988,1,0.344937
/Data/florian.guillaumey/val2/test/video_212045,14,0.763894
/Data/florian.guillaumey/val2/test/video_212077,17,0.135925
/Data/florian.guillaumey/val2/test/video_212087,1,0.244292
/Data/florian.guillaumey/val2/test/video_212093,4,0.250527
/Data/florian.guillaumey/val2/test/video_212103,4,0.526116
/Data/florian.guillaumey/val2/test/video_212108,12,0.594751
/Data/florian.guillaumey/val2/test/video_212159,6,0.832190
/Data/florian.guillaumey/val2/test/video_212193,3,0.819373
/Data/florian.guillaumey/val2/test/video_212255,14,0.307500
/Data/florian.guillaumey/val2/test/video_21227,30,0.474003
/Data/florian.guillaumey/val2/test/video_212285,9,0.178823
/Data/florian.guillaumey/val2/test/video_212298,12,0.352334
/Data/florian.guillaumey/val2/test/video_212339,5,0.932775
/Data/florian.guillaumey/val2/test/video_212385,2,0.089400
/Data/florian.guillaumey/val2/test/video_212397,6,0.852058
/Data/florian.guillaumey/val2/test/video_212402,5,0.875667
/Data/florian.guillaumey/val2/test/video_21242,30,0.829609
/Data/florian.guillaumey/val2/test/video_212433,21,0.143460
/Data/florian.guillaumey/val2/test/video_212435,14,0.673311
/Data/florian.guillaumey/val2/test/video_212439,28,0.171834
/Data/florian.guillaumey/val2/test/video_212513,12,0.201618
/Data/florian.guillaumey/val2/test/video_212641,22,0.701928
/Data/florian.guillaumey/val2/test/video_212663,28,0.625148
/Data/florian.guillaumey/val2/test/video_212675,18,0.731490
/Data/florian.guillaumey/val2/test/video_212772,0,0.692414
/Data/florian.guillaumey/val2/test/video_212849,24,0.313667
/Data/florian.guillaumey/val2/test/video_212875,1,0.875696
/Data/florian.guillaumey/val2/test/video_212886,22,0.276327
/Data/florian.guillaumey/val2/test/video_212933,4,0.275100
/Data/florian.guillaumey/val2/test/video_212962,0,0.840839
/Data/florian.guillaumey/val2/test/video_212968,14,0.844821
/Data/florian.guillaumey/val2/test/video_213015,30,0.429920
/Data/florian.guillaumey/val2/test/video_213016,4,0.669708
/Data/florian.guillaumey/val2/test/video_213054,5,0.641970
/Data/florian.guillaumey/val2/test/video_213186,15,0.755534
/Data/florian.guillaumey/val2/test/video_213223,26,0.425877
/Data/florian.guillaumey/val2/test/video_21323,12,0.534584
/Data/florian.guillaumey/val2/test/video_213248,17,0.906511
/Data/florian.guillaumey/val2/test/video_213282,4,0.795091
/Data/florian.guillaumey/val2/test/video_213285,15,0.348491
/Data/florian.guillaumey/val2/test/video_213287,6,0.899916
/Data/florian.guillaumey/val2/test/video_213303,12,0.409506
/Data/florian.guillaumey/val2/test/video_213374,7,0.870796
/Data/florian.guillaumey/val2/test/video_213375,4,0.850557
/Data/florian.guillaumey/val2/test/video_213419,3,0.897891
/Data/florian.guillaumey/val2/test/video_213445,29,0.549328
/Data/florian.guillaumey/val2/test/video_213482,18,0.471383
/Data/florian.guillaumey/val2/test/video_213489,28,0.898667
/Data/florian.guillaumey/val2/test/video_213492,15,0.619327
/Data/florian.guillaumey/val2/test/video_213494,29,0.862409
/Data/florian.guillaumey/val2/test/video_213507,5,0.293978
/Data/florian.guillaumey/val2/test/video_21352,1,0.814392
/Data/florian.guillaumey/val2/test/video_213540,30,0.709819
/Data/florian.guillaumey/val2/test/video_21356,3,0.407278
/Data/florian.guillaumey/val2/test/video_213570,1,0.849600
/Data/florian.guillaumey/val2/test/video_213596,1,0.850165
/Data/florian.guillaumey/val2/test/video_213654,31,0.691002
/Data/florian.guillaumey/val2/test/video_213706,18,0.511484
/Data/florian.guillaumey/val2/test/video_213736,3,0.458713
/Data/florian.guillaumey/val2/test/video_213769,14,0.280012
/Data/florian.guillaumey/val2/test/video_213771,24,0.272841
/Data/florian.guillaumey/val2/test/video_213789,16,0.753069
/Data/florian.guillaumey/val2/test/video_213818,28,0.382576
/Data/florian.guillaumey/val2/test/video_213820,12,0.713805
/Data/florian.guillaumey/val2/test/video_213849,3,0.312394
/Data/florian.guillaumey/val2/test/video_213852,17,0.586198
/Data/florian.guillaumey/val2/test/video_213979,22,0.165735
/Data/florian.guillaumey/val2/test/video_214057,30,0.406050
/Data/florian.guillaumey/val2/test/video_214075,12,0.405482
/Data/florian.guillaumey/val2/test/video_214079,1,0.921995
/Data/florian.guillaumey/val2/test/video_214096,2,0.766112
/Data/florian.guillaumey/val2/test/video_21410,1,0.393613
/Data/florian.guillaumey/val2/test/video_21413,15,0.248263
/Data/florian.guillaumey/val2/test/video_214143,3,0.747960
/Data/florian.guillaumey/val2/test/video_214156,22,0.321773
/Data/florian.guillaumey/val2/test/video_214259,31,0.654644
/Data/florian.guillaumey/val2/test/video_214282,9,0.821777
/Data/florian.guillaumey/val2/test/video_214298,9,0.304591
/Data/florian.guillaumey/val2/test/video_21430,3,0.172743
/Data/florian.guillaumey/val2/test/video_214326,18,0.384891
/Data/florian.guillaumey/val2/test/video_21441,30,0.722365
/Data/florian.guillaumey/val2/test/video_214474,14,0.890667
/Data/florian.guillaumey/val2/test/video_214499,28,0.106896
/Data/florian.guillaumey/val2/test/video_214514,6,0.902281
/Data/florian.guillaumey/val2/test/video_214542,7,0.906819
/Data/florian.guillaumey/val2/test/video_214547,17,0.781936
/Data/florian.guillaumey/val2/test/video_21455,10,0.393090
/Data/florian.guillaumey/val2/test/video_214560,28,0.242302
/Data/florian.guillaumey/val2/test/video_214591,14,0.882862
/Data/florian.guillaumey/val2/test/video_214627,22,0.294964
/Data/florian.guillaumey/val2/test/video_214645,20,0.674017
/Data/florian.guillaumey/val2/test/video_214665,30,0.187633
/Data/florian.guillaumey/val2/test/video_214672,14,0.400396
/Data/florian.guillaumey/val2/test/video_214683,23,0.191278
/Data/florian.guillaumey/val2/test/video_214713,24,0.229567
/Data/florian.guillaumey/val2/test/video_214758,5,0.281235
/Data/florian.guillaumey/val2/test/video_214780,16,0.331461
/Data/florian.guillaumey/val2/test/video_214812,28,0.100517
/Data/florian.guillaumey/val2/test/video_214868,18,0.748339
/Data/florian.guillaumey/val2/test/video_214908,5,0.926601
/Data/florian.guillaumey/val2/test/video_21498,0,0.866026
/Data/florian.guillaumey/val2/test/video_214986,4,0.897576
/Data/florian.guillaumey/val2/test/video_215001,28,0.574272
/Data/florian.guillaumey/val2/test/video_215013,5,0.899498
/Data/florian.guillaumey/val2/test/video_215031,1,0.841394
/Data/florian.guillaumey/val2/test/video_215037,2,0.873194
/Data/florian.guillaumey/val2/test/video_215038,11,0.213817
/Data/florian.guillaumey/val2/test/video_215040,1,0.791078
/Data/florian.guillaumey/val2/test/video_215043,29,0.627983
/Data/florian.guillaumey/val2/test/video_215073,30,0.820917
/Data/florian.guillaumey/val2/test/video_215084,14,0.572607
/Data/florian.guillaumey/val2/test/video_215130,31,0.483383
/Data/florian.guillaumey/val2/test/video_21516,10,0.325985
/Data/florian.guillaumey/val2/test/video_215175,4,0.309845
/Data/florian.guillaumey/val2/test/video_215201,5,0.206380
/Data/florian.guillaumey/val2/test/video_21521,5,0.613531
/Data/florian.guillaumey/val2/test/video_215260,3,0.885083
/Data/florian.guillaumey/val2/test/video_215267,14,0.650793
/Data/florian.guillaumey/val2/test/video_21533,7,0.837755
/Data/florian.guillaumey/val2/test/video_215372,0,0.802077
/Data/florian.guillaumey/val2/test/video_215415,17,0.374023
/Data/florian.guillaumey/val2/test/video_215420,3,0.883982
/Data/florian.guillaumey/val2/test/video_215423,14,0.675260
/Data/florian.guillaumey/val2/test/video_215443,30,0.387697
/Data/florian.guillaumey/val2/test/video_215455,3,0.888898
/Data/florian.guillaumey/val2/test/video_215483,18,0.643819
/Data/florian.guillaumey/val2/test/video_215510,3,0.811200
/Data/florian.guillaumey/val2/test/video_21554,28,0.268189
/Data/florian.guillaumey/val2/test/video_215544,6,0.402296
/Data/florian.guillaumey/val2/test/video_215567,8,0.879398
/Data/florian.guillaumey/val2/test/video_215617,16,0.803393
/Data/florian.guillaumey/val2/test/video_215620,12,0.792456
/Data/florian.guillaumey/val2/test/video_21567,23,0.870998
/Data/florian.guillaumey/val2/test/video_21577,18,0.612995
/Data/florian.guillaumey/val2/test/video_215802,19,0.255963
/Data/florian.guillaumey/val2/test/video_21582,30,0.450565
/Data/florian.guillaumey/val2/test/video_215846,17,0.644067
/Data/florian.guillaumey/val2/test/video_215877,12,0.705259
/Data/florian.guillaumey/val2/test/video_215908,4,0.246978
/Data/florian.guillaumey/val2/test/video_215933,23,0.791303
/Data/florian.guillaumey/val2/test/video_215940,11,0.495445
/Data/florian.guillaumey/val2/test/video_215982,28,0.577613
/Data/florian.guillaumey/val2/test/video_216011,25,0.198890
/Data/florian.guillaumey/val2/test/video_216029,30,0.160453
/Data/florian.guillaumey/val2/test/video_216056,13,0.647379
/Data/florian.guillaumey/val2/test/video_216061,5,0.330056
/Data/florian.guillaumey/val2/test/video_216080,30,0.295514
/Data/florian.guillaumey/val2/test/video_216083,7,0.749085
/Data/florian.guillaumey/val2/test/video_216084,8,0.842427
/Data/florian.guillaumey/val2/test/video_216228,4,0.447908
/Data/florian.guillaumey/val2/test/video_21628,31,0.865831
/Data/florian.guillaumey/val2/test/video_21634,24,0.308298
/Data/florian.guillaumey/val2/test/video_216371,30,0.733739
/Data/florian.guillaumey/val2/test/video_216490,18,0.290654
/Data/florian.guillaumey/val2/test/video_216495,22,0.372577
/Data/florian.guillaumey/val2/test/video_216502,30,0.901796
/Data/florian.guillaumey/val2/test/video_216522,9,0.616510
/Data/florian.guillaumey/val2/test/video_216581,4,0.566323
/Data/florian.guillaumey/val2/test/video_216644,10,0.681120
/Data/florian.guillaumey/val2/test/video_216695,12,0.544894
/Data/florian.guillaumey/val2/test/video_216702,9,0.665190
/Data/florian.guillaumey/val2/test/video_21671,14,0.334801
/Data/florian.guillaumey/val2/test/video_216710,6,0.691039
/Data/florian.guillaumey/val2/test/video_216721,23,0.827011
/Data/florian.guillaumey/val2/test/video_216766,14,0.351670
/Data/florian.guillaumey/val2/test/video_216805,24,0.600055
/Data/florian.guillaumey/val2/test/video_216812,1,0.315711
/Data/florian.guillaumey/val2/test/video_216824,0,0.208904
/Data/florian.guillaumey/val2/test/video_216892,5,0.450211
/Data/florian.guillaumey/val2/test/video_216916,28,0.197685
/Data/florian.guillaumey/val2/test/video_216919,14,0.392192
/Data/florian.guillaumey/val2/test/video_216944,31,0.789400
/Data/florian.guillaumey/val2/test/video_216955,0,0.707159
/Data/florian.guillaumey/val2/test/video_216957,32,0.178122
/Data/florian.guillaumey/val2/test/video_216976,15,0.794998
/Data/florian.guillaumey/val2/test/video_217007,4,0.293074
/Data/florian.guillaumey/val2/test/video_217008,18,0.532124
/Data/florian.guillaumey/val2/test/video_217010,14,0.802688
/Data/florian.guillaumey/val2/test/video_217032,7,0.887895
/Data/florian.guillaumey/val2/test/video_217046,4,0.471352
/Data/florian.guillaumey/val2/test/video_21710,23,0.558734
/Data/florian.guillaumey/val2/test/video_217101,20,0.623392
/Data/florian.guillaumey/val2/test/video_217113,13,0.400468
/Data/florian.guillaumey/val2/test/video_217148,23,0.842180
/Data/florian.guillaumey/val2/test/video_217169,10,0.683276
/Data/florian.guillaumey/val2/test/video_217175,5,0.847121
/Data/florian.guillaumey/val2/test/video_217206,12,0.795687
/Data/florian.guillaumey/val2/test/video_217318,14,0.145161
/Data/florian.guillaumey/val2/test/video_217319,28,0.412085
/Data/florian.guillaumey/val2/test/video_217323,23,0.347538
/Data/florian.guillaumey/val2/test/video_217375,2,0.776576
/Data/florian.guillaumey/val2/test/video_217407,6,0.607657
/Data/florian.guillaumey/val2/test/video_217474,5,0.906711
/Data/florian.guillaumey/val2/test/video_217532,28,0.621591
/Data/florian.guillaumey/val2/test/video_217538,22,0.422628
/Data/florian.guillaumey/val2/test/video_217561,12,0.716229
/Data/florian.guillaumey/val2/test/video_217599,22,0.285616
/Data/florian.guillaumey/val2/test/video_217654,29,0.432508
/Data/florian.guillaumey/val2/test/video_217658,13,0.519771
/Data/florian.guillaumey/val2/test/video_217708,19,0.275962
/Data/florian.guillaumey/val2/test/video_217767,7,0.883394
/Data/florian.guillaumey/val2/test/video_217773,23,0.471148
/Data/florian.guillaumey/val2/test/video_2178,9,0.864144
/Data/florian.guillaumey/val2/test/video_217881,3,0.731169
/Data/florian.guillaumey/val2/test/video_217882,28,0.436264
/Data/florian.guillaumey/val2/test/video_217884,1,0.890134
/Data/florian.guillaumey/val2/test/video_217951,3,0.894455
/Data/florian.guillaumey/val2/test/video_217962,24,0.588051
/Data/florian.guillaumey/val2/test/video_218024,10,0.422381
/Data/florian.guillaumey/val2/test/video_218160,28,0.232772
/Data/florian.guillaumey/val2/test/video_218176,7,0.839013
/Data/florian.guillaumey/val2/test/video_218241,30,0.764061
/Data/florian.guillaumey/val2/test/video_21825,10,0.661235
/Data/florian.guillaumey/val2/test/video_218279,14,0.845376
/Data/florian.guillaumey/val2/test/video_218297,14,0.190489
/Data/florian.guillaumey/val2/test/video_218322,6,0.872152
/Data/florian.guillaumey/val2/test/video_218351,15,0.454636
/Data/florian.guillaumey/val2/test/video_21836,14,0.510081
/Data/florian.guillaumey/val2/test/video_21842,1,0.195133
/Data/florian.guillaumey/val2/test/video_21846,7,0.258784
/Data/florian.guillaumey/val2/test/video_218488,30,0.274167
/Data/florian.guillaumey/val2/test/video_218519,14,0.463642
/Data/florian.guillaumey/val2/test/video_218540,0,0.648628
/Data/florian.guillaumey/val2/test/video_218545,14,0.264444
/Data/florian.guillaumey/val2/test/video_218546,7,0.925750
/Data/florian.guillaumey/val2/test/video_218600,25,0.384565
/Data/florian.guillaumey/val2/test/video_218653,1,0.387735
/Data/florian.guillaumey/val2/test/video_218688,10,0.394683
/Data/florian.guillaumey/val2/test/video_218724,14,0.746008
/Data/florian.guillaumey/val2/test/video_218734,12,0.590997
/Data/florian.guillaumey/val2/test/video_218754,13,0.685304
/Data/florian.guillaumey/val2/test/video_218786,4,0.200428
/Data/florian.guillaumey/val2/test/video_218840,10,0.322461
/Data/florian.guillaumey/val2/test/video_218855,22,0.301903
/Data/florian.guillaumey/val2/test/video_218933,14,0.791311
/Data/florian.guillaumey/val2/test/video_218975,31,0.264135
/Data/florian.guillaumey/val2/test/video_218982,4,0.188767
/Data/florian.guillaumey/val2/test/video_2190,8,0.890055
/Data/florian.guillaumey/val2/test/video_219025,5,0.265853
/Data/florian.guillaumey/val2/test/video_219040,14,0.792668
/Data/florian.guillaumey/val2/test/video_219041,22,0.441039
/Data/florian.guillaumey/val2/test/video_219061,2,0.593450
/Data/florian.guillaumey/val2/test/video_219082,17,0.500796
/Data/florian.guillaumey/val2/test/video_219098,0,0.262311
/Data/florian.guillaumey/val2/test/video_219142,30,0.852513
/Data/florian.guillaumey/val2/test/video_219143,12,0.771700
/Data/florian.guillaumey/val2/test/video_219246,13,0.470374
/Data/florian.guillaumey/val2/test/video_219265,0,0.224268
/Data/florian.guillaumey/val2/test/video_219273,4,0.277124
/Data/florian.guillaumey/val2/test/video_21929,15,0.941703
/Data/florian.guillaumey/val2/test/video_219417,8,0.222259
/Data/florian.guillaumey/val2/test/video_219469,12,0.746787
/Data/florian.guillaumey/val2/test/video_219472,29,0.395374
/Data/florian.guillaumey/val2/test/video_219496,14,0.212377
/Data/florian.guillaumey/val2/test/video_219582,12,0.639863
/Data/florian.guillaumey/val2/test/video_219624,7,0.816664
/Data/florian.guillaumey/val2/test/video_219632,5,0.874134
/Data/florian.guillaumey/val2/test/video_219686,5,0.543754
/Data/florian.guillaumey/val2/test/video_219702,21,0.882324
/Data/florian.guillaumey/val2/test/video_219707,26,0.281775
/Data/florian.guillaumey/val2/test/video_219723,5,0.805936
/Data/florian.guillaumey/val2/test/video_21980,9,0.589551
/Data/florian.guillaumey/val2/test/video_219809,24,0.467674
/Data/florian.guillaumey/val2/test/video_219826,3,0.396476
/Data/florian.guillaumey/val2/test/video_219855,6,0.883823
/Data/florian.guillaumey/val2/test/video_219862,16,0.214184
/Data/florian.guillaumey/val2/test/video_219879,24,0.544395
/Data/florian.guillaumey/val2/test/video_219885,12,0.636674
/Data/florian.guillaumey/val2/test/video_219903,22,0.452553
/Data/florian.guillaumey/val2/test/video_219945,29,0.781408
/Data/florian.guillaumey/val2/test/video_219987,8,0.831376
/Data/florian.guillaumey/val2/test/video_219988,24,0.544145
/Data/florian.guillaumey/val2/test/video_22000,22,0.253666
/Data/florian.guillaumey/val2/test/video_220002,23,0.374216
/Data/florian.guillaumey/val2/test/video_220017,5,0.289335
/Data/florian.guillaumey/val2/test/video_220066,14,0.396204
/Data/florian.guillaumey/val2/test/video_220141,32,0.839609
/Data/florian.guillaumey/val2/test/video_220180,12,0.773822
/Data/florian.guillaumey/val2/test/video_220211,5,0.260985
/Data/florian.guillaumey/val2/test/video_220221,31,0.820807
/Data/florian.guillaumey/val2/test/video_220283,2,0.851031
/Data/florian.guillaumey/val2/test/video_220348,5,0.323692
/Data/florian.guillaumey/val2/test/video_220370,29,0.291871
/Data/florian.guillaumey/val2/test/video_220477,31,0.771723
/Data/florian.guillaumey/val2/test/video_220508,28,0.848509
/Data/florian.guillaumey/val2/test/video_220549,19,0.354596
/Data/florian.guillaumey/val2/test/video_220586,28,0.708551
/Data/florian.guillaumey/val2/test/video_220623,9,0.737957
/Data/florian.guillaumey/val2/test/video_22068,6,0.367057
/Data/florian.guillaumey/val2/test/video_22069,10,0.303089
/Data/florian.guillaumey/val2/test/video_220696,9,0.259706
/Data/florian.guillaumey/val2/test/video_220746,16,0.417329
/Data/florian.guillaumey/val2/test/video_220747,14,0.395018
/Data/florian.guillaumey/val2/test/video_220770,7,0.452760
/Data/florian.guillaumey/val2/test/video_220812,15,0.533001
/Data/florian.guillaumey/val2/test/video_220846,5,0.707353
/Data/florian.guillaumey/val2/test/video_22096,3,0.826767
/Data/florian.guillaumey/val2/test/video_22120,1,0.709430
/Data/florian.guillaumey/val2/test/video_22142,5,0.608750
/Data/florian.guillaumey/val2/test/video_22153,10,0.248857
/Data/florian.guillaumey/val2/test/video_22247,12,0.708098
/Data/florian.guillaumey/val2/test/video_22248,14,0.104448
/Data/florian.guillaumey/val2/test/video_22289,18,0.717893
/Data/florian.guillaumey/val2/test/video_22322,9,0.731767
/Data/florian.guillaumey/val2/test/video_22328,8,0.641345
/Data/florian.guillaumey/val2/test/video_2238,29,0.320054
/Data/florian.guillaumey/val2/test/video_22403,14,0.342069
/Data/florian.guillaumey/val2/test/video_22441,5,0.366898
/Data/florian.guillaumey/val2/test/video_22442,30,0.558773
/Data/florian.guillaumey/val2/test/video_22445,4,0.518760
/Data/florian.guillaumey/val2/test/video_22507,4,0.103698
/Data/florian.guillaumey/val2/test/video_22547,7,0.701639
/Data/florian.guillaumey/val2/test/video_22605,10,0.443937
/Data/florian.guillaumey/val2/test/video_22626,23,0.228840
/Data/florian.guillaumey/val2/test/video_22640,8,0.896188
/Data/florian.guillaumey/val2/test/video_22716,4,0.578180
/Data/florian.guillaumey/val2/test/video_22718,7,0.411405
/Data/florian.guillaumey/val2/test/video_22749,3,0.845958
/Data/florian.guillaumey/val2/test/video_2275,3,0.711452
/Data/florian.guillaumey/val2/test/video_22760,5,0.185648
/Data/florian.guillaumey/val2/test/video_22766,31,0.673965
/Data/florian.guillaumey/val2/test/video_22770,4,0.903707
/Data/florian.guillaumey/val2/test/video_22866,23,0.700405
/Data/florian.guillaumey/val2/test/video_22891,29,0.882559
/Data/florian.guillaumey/val2/test/video_22907,30,0.886824
/Data/florian.guillaumey/val2/test/video_22945,7,0.589867
/Data/florian.guillaumey/val2/test/video_23006,10,0.378625
/Data/florian.guillaumey/val2/test/video_23028,1,0.673575
/Data/florian.guillaumey/val2/test/video_23049,12,0.639082
/Data/florian.guillaumey/val2/test/video_23056,0,0.462178
/Data/florian.guillaumey/val2/test/video_23060,1,0.506632
/Data/florian.guillaumey/val2/test/video_23203,1,0.555015
/Data/florian.guillaumey/val2/test/video_23236,12,0.314031
/Data/florian.guillaumey/val2/test/video_23237,31,0.669696
/Data/florian.guillaumey/val2/test/video_23251,1,0.871617
/Data/florian.guillaumey/val2/test/video_23288,30,0.415020
/Data/florian.guillaumey/val2/test/video_23321,7,0.806253
/Data/florian.guillaumey/val2/test/video_23405,7,0.742212
/Data/florian.guillaumey/val2/test/video_23418,19,0.692591
/Data/florian.guillaumey/val2/test/video_23419,30,0.853570
/Data/florian.guillaumey/val2/test/video_23456,5,0.681612
/Data/florian.guillaumey/val2/test/video_23467,29,0.858944
/Data/florian.guillaumey/val2/test/video_23489,12,0.423134
/Data/florian.guillaumey/val2/test/video_23502,10,0.239673
/Data/florian.guillaumey/val2/test/video_23555,16,0.481601
/Data/florian.guillaumey/val2/test/video_23557,3,0.896250
/Data/florian.guillaumey/val2/test/video_23627,28,0.893601
/Data/florian.guillaumey/val2/test/video_23631,4,0.193183
/Data/florian.guillaumey/val2/test/video_23693,24,0.321357
/Data/florian.guillaumey/val2/test/video_23725,22,0.454354
/Data/florian.guillaumey/val2/test/video_23779,18,0.290879
/Data/florian.guillaumey/val2/test/video_23790,14,0.811289
/Data/florian.guillaumey/val2/test/video_23815,31,0.425390
/Data/florian.guillaumey/val2/test/video_23824,30,0.823310
/Data/florian.guillaumey/val2/test/video_23902,29,0.904410
/Data/florian.guillaumey/val2/test/video_23939,2,0.591357
/Data/florian.guillaumey/val2/test/video_23962,18,0.552894
/Data/florian.guillaumey/val2/test/video_23964,8,0.881161
/Data/florian.guillaumey/val2/test/video_24092,4,0.411862
/Data/florian.guillaumey/val2/test/video_24101,3,0.442512
/Data/florian.guillaumey/val2/test/video_24161,28,0.719696
/Data/florian.guillaumey/val2/test/video_24214,7,0.849801
/Data/florian.guillaumey/val2/test/video_24225,29,0.674450
/Data/florian.guillaumey/val2/test/video_24251,18,0.602281
/Data/florian.guillaumey/val2/test/video_24351,10,0.464753
/Data/florian.guillaumey/val2/test/video_2439,3,0.548831
/Data/florian.guillaumey/val2/test/video_24390,14,0.437552
/Data/florian.guillaumey/val2/test/video_24439,29,0.828142
/Data/florian.guillaumey/val2/test/video_24453,5,0.772940
/Data/florian.guillaumey/val2/test/video_24510,31,0.274075
/Data/florian.guillaumey/val2/test/video_24538,14,0.852904
/Data/florian.guillaumey/val2/test/video_24540,3,0.276881
/Data/florian.guillaumey/val2/test/video_24570,28,0.316438
/Data/florian.guillaumey/val2/test/video_24607,1,0.739388
/Data/florian.guillaumey/val2/test/video_2464,14,0.299827
/Data/florian.guillaumey/val2/test/video_24690,31,0.391027
/Data/florian.guillaumey/val2/test/video_24694,24,0.188303
/Data/florian.guillaumey/val2/test/video_24713,10,0.259974
/Data/florian.guillaumey/val2/test/video_24722,21,0.242686
/Data/florian.guillaumey/val2/test/video_24757,7,0.872374
/Data/florian.guillaumey/val2/test/video_24771,5,0.445635
/Data/florian.guillaumey/val2/test/video_24810,8,0.150359
/Data/florian.guillaumey/val2/test/video_2484,16,0.300594
/Data/florian.guillaumey/val2/test/video_24841,30,0.311167
/Data/florian.guillaumey/val2/test/video_24869,17,0.358642
/Data/florian.guillaumey/val2/test/video_24901,22,0.120151
/Data/florian.guillaumey/val2/test/video_24916,2,0.207439
/Data/florian.guillaumey/val2/test/video_24936,3,0.807094
/Data/florian.guillaumey/val2/test/video_2495,1,0.443676
/Data/florian.guillaumey/val2/test/video_24953,7,0.712039
/Data/florian.guillaumey/val2/test/video_24956,32,0.837638
/Data/florian.guillaumey/val2/test/video_25016,19,0.316012
/Data/florian.guillaumey/val2/test/video_25030,1,0.537830
/Data/florian.guillaumey/val2/test/video_25054,4,0.201739
/Data/florian.guillaumey/val2/test/video_25056,16,0.269363
/Data/florian.guillaumey/val2/test/video_25154,32,0.278786
/Data/florian.guillaumey/val2/test/video_2518,1,0.910776
/Data/florian.guillaumey/val2/test/video_25263,31,0.905904
/Data/florian.guillaumey/val2/test/video_25325,3,0.903395
/Data/florian.guillaumey/val2/test/video_25362,10,0.813244
/Data/florian.guillaumey/val2/test/video_25369,30,0.588604
/Data/florian.guillaumey/val2/test/video_25390,24,0.361488
/Data/florian.guillaumey/val2/test/video_25391,22,0.208656
/Data/florian.guillaumey/val2/test/video_25417,6,0.882331
/Data/florian.guillaumey/val2/test/video_25459,7,0.867994
/Data/florian.guillaumey/val2/test/video_25460,28,0.670058
/Data/florian.guillaumey/val2/test/video_25553,30,0.902374
/Data/florian.guillaumey/val2/test/video_2557,3,0.703905
/Data/florian.guillaumey/val2/test/video_25698,22,0.353904
/Data/florian.guillaumey/val2/test/video_257,1,0.602548
/Data/florian.guillaumey/val2/test/video_25749,28,0.875983
/Data/florian.guillaumey/val2/test/video_25766,22,0.312411
/Data/florian.guillaumey/val2/test/video_25767,23,0.848390
/Data/florian.guillaumey/val2/test/video_25778,31,0.480333
/Data/florian.guillaumey/val2/test/video_25780,2,0.433256
/Data/florian.guillaumey/val2/test/video_25826,31,0.742510
/Data/florian.guillaumey/val2/test/video_25856,12,0.331236
/Data/florian.guillaumey/val2/test/video_25862,14,0.801421
/Data/florian.guillaumey/val2/test/video_25930,16,0.385467
/Data/florian.guillaumey/val2/test/video_25934,24,0.425093
/Data/florian.guillaumey/val2/test/video_25936,28,0.743277
/Data/florian.guillaumey/val2/test/video_2596,12,0.420502
/Data/florian.guillaumey/val2/test/video_26015,10,0.879576
/Data/florian.guillaumey/val2/test/video_26059,13,0.518577
/Data/florian.guillaumey/val2/test/video_26069,31,0.894911
/Data/florian.guillaumey/val2/test/video_2607,10,0.805460
/Data/florian.guillaumey/val2/test/video_26070,12,0.908677
/Data/florian.guillaumey/val2/test/video_26074,29,0.299801
/Data/florian.guillaumey/val2/test/video_26100,14,0.633541
/Data/florian.guillaumey/val2/test/video_26143,15,0.627854
/Data/florian.guillaumey/val2/test/video_26153,4,0.313307
/Data/florian.guillaumey/val2/test/video_26168,11,0.266026
/Data/florian.guillaumey/val2/test/video_26194,14,0.846417
/Data/florian.guillaumey/val2/test/video_26197,12,0.927696
/Data/florian.guillaumey/val2/test/video_26219,10,0.819857
/Data/florian.guillaumey/val2/test/video_26318,12,0.408489
/Data/florian.guillaumey/val2/test/video_26363,31,0.896787
/Data/florian.guillaumey/val2/test/video_26388,10,0.862066
/Data/florian.guillaumey/val2/test/video_26452,20,0.456941
/Data/florian.guillaumey/val2/test/video_2647,2,0.746826
/Data/florian.guillaumey/val2/test/video_2651,14,0.669663
/Data/florian.guillaumey/val2/test/video_26515,4,0.822853
/Data/florian.guillaumey/val2/test/video_26523,3,0.882002
/Data/florian.guillaumey/val2/test/video_26540,30,0.827782
/Data/florian.guillaumey/val2/test/video_26566,29,0.246807
/Data/florian.guillaumey/val2/test/video_26613,29,0.869173
/Data/florian.guillaumey/val2/test/video_26662,31,0.711155
/Data/florian.guillaumey/val2/test/video_26666,14,0.341972
/Data/florian.guillaumey/val2/test/video_26686,4,0.299093
/Data/florian.guillaumey/val2/test/video_2672,4,0.427642
/Data/florian.guillaumey/val2/test/video_26798,32,0.750162
/Data/florian.guillaumey/val2/test/video_26840,28,0.858171
/Data/florian.guillaumey/val2/test/video_26882,14,0.853055
/Data/florian.guillaumey/val2/test/video_26930,22,0.523600
/Data/florian.guillaumey/val2/test/video_26964,32,0.747819
/Data/florian.guillaumey/val2/test/video_2703,14,0.837882
/Data/florian.guillaumey/val2/test/video_27075,16,0.873771
/Data/florian.guillaumey/val2/test/video_27090,13,0.471886
/Data/florian.guillaumey/val2/test/video_27159,9,0.711174
/Data/florian.guillaumey/val2/test/video_2716,12,0.782398
/Data/florian.guillaumey/val2/test/video_27182,29,0.420807
/Data/florian.guillaumey/val2/test/video_27200,12,0.929502
/Data/florian.guillaumey/val2/test/video_27227,15,0.955074
/Data/florian.guillaumey/val2/test/video_27250,30,0.748833
/Data/florian.guillaumey/val2/test/video_27261,10,0.660629
/Data/florian.guillaumey/val2/test/video_27271,5,0.685943
/Data/florian.guillaumey/val2/test/video_27276,14,0.165386
/Data/florian.guillaumey/val2/test/video_27288,0,0.530986
/Data/florian.guillaumey/val2/test/video_27289,12,0.208841
/Data/florian.guillaumey/val2/test/video_27328,16,0.762406
/Data/florian.guillaumey/val2/test/video_27338,22,0.351758
/Data/florian.guillaumey/val2/test/video_27378,1,0.769529
/Data/florian.guillaumey/val2/test/video_27385,13,0.676115
/Data/florian.guillaumey/val2/test/video_27406,6,0.737430
/Data/florian.guillaumey/val2/test/video_27408,3,0.860100
/Data/florian.guillaumey/val2/test/video_27435,14,0.353753
/Data/florian.guillaumey/val2/test/video_27443,4,0.325329
/Data/florian.guillaumey/val2/test/video_27468,4,0.272362
/Data/florian.guillaumey/val2/test/video_27498,29,0.548709
/Data/florian.guillaumey/val2/test/video_2762,12,0.693422
/Data/florian.guillaumey/val2/test/video_27671,6,0.826056
/Data/florian.guillaumey/val2/test/video_27676,9,0.378952
/Data/florian.guillaumey/val2/test/video_27686,7,0.200600
/Data/florian.guillaumey/val2/test/video_27694,13,0.487549
/Data/florian.guillaumey/val2/test/video_27696,28,0.269688
/Data/florian.guillaumey/val2/test/video_27717,1,0.603395
/Data/florian.guillaumey/val2/test/video_27743,1,0.879160
/Data/florian.guillaumey/val2/test/video_27751,28,0.902327
/Data/florian.guillaumey/val2/test/video_27764,29,0.551051
/Data/florian.guillaumey/val2/test/video_27782,2,0.918997
/Data/florian.guillaumey/val2/test/video_27805,29,0.739615
/Data/florian.guillaumey/val2/test/video_27866,3,0.694151
/Data/florian.guillaumey/val2/test/video_27871,4,0.401918
/Data/florian.guillaumey/val2/test/video_27885,7,0.801174
/Data/florian.guillaumey/val2/test/video_27888,30,0.768145
/Data/florian.guillaumey/val2/test/video_27915,29,0.719972
/Data/florian.guillaumey/val2/test/video_27931,28,0.585808
/Data/florian.guillaumey/val2/test/video_27934,31,0.501395
/Data/florian.guillaumey/val2/test/video_27956,9,0.864412
/Data/florian.guillaumey/val2/test/video_27983,17,0.158395
/Data/florian.guillaumey/val2/test/video_28001,0,0.317297
/Data/florian.guillaumey/val2/test/video_28023,0,0.389289
/Data/florian.guillaumey/val2/test/video_28117,31,0.644757
/Data/florian.guillaumey/val2/test/video_28150,23,0.194972
/Data/florian.guillaumey/val2/test/video_28171,8,0.790383
/Data/florian.guillaumey/val2/test/video_28242,8,0.442680
/Data/florian.guillaumey/val2/test/video_28273,28,0.875537
/Data/florian.guillaumey/val2/test/video_28286,5,0.726443
/Data/florian.guillaumey/val2/test/video_28291,14,0.597347
/Data/florian.guillaumey/val2/test/video_2832,14,0.315419
/Data/florian.guillaumey/val2/test/video_28323,31,0.826691
/Data/florian.guillaumey/val2/test/video_28355,3,0.728153
/Data/florian.guillaumey/val2/test/video_28367,15,0.845114
/Data/florian.guillaumey/val2/test/video_28412,3,0.880502
/Data/florian.guillaumey/val2/test/video_28441,19,0.498396
/Data/florian.guillaumey/val2/test/video_28454,28,0.866325
/Data/florian.guillaumey/val2/test/video_28506,12,0.590887
/Data/florian.guillaumey/val2/test/video_28511,3,0.718121
/Data/florian.guillaumey/val2/test/video_28625,14,0.355810
/Data/florian.guillaumey/val2/test/video_28632,15,0.582630
/Data/florian.guillaumey/val2/test/video_28637,30,0.767640
/Data/florian.guillaumey/val2/test/video_2865,4,0.455657
/Data/florian.guillaumey/val2/test/video_28662,1,0.902956
/Data/florian.guillaumey/val2/test/video_28677,4,0.391790
/Data/florian.guillaumey/val2/test/video_28680,7,0.893923
/Data/florian.guillaumey/val2/test/video_28692,29,0.325283
/Data/florian.guillaumey/val2/test/video_28695,29,0.363061
/Data/florian.guillaumey/val2/test/video_28696,12,0.712035
/Data/florian.guillaumey/val2/test/video_28726,30,0.889116
/Data/florian.guillaumey/val2/test/video_28737,9,0.207380
/Data/florian.guillaumey/val2/test/video_28780,7,0.652638
/Data/florian.guillaumey/val2/test/video_28784,1,0.673065
/Data/florian.guillaumey/val2/test/video_2881,12,0.253225
/Data/florian.guillaumey/val2/test/video_28833,17,0.454101
/Data/florian.guillaumey/val2/test/video_28837,5,0.705952
/Data/florian.guillaumey/val2/test/video_28945,14,0.680112
/Data/florian.guillaumey/val2/test/video_28950,19,0.392820
/Data/florian.guillaumey/val2/test/video_29010,4,0.439197
/Data/florian.guillaumey/val2/test/video_29032,6,0.248629
/Data/florian.guillaumey/val2/test/video_29035,14,0.761169
/Data/florian.guillaumey/val2/test/video_2905,2,0.201414
/Data/florian.guillaumey/val2/test/video_29058,7,0.541133
/Data/florian.guillaumey/val2/test/video_29090,21,0.629881
/Data/florian.guillaumey/val2/test/video_29147,17,0.859092
/Data/florian.guillaumey/val2/test/video_29158,30,0.887965
/Data/florian.guillaumey/val2/test/video_29168,12,0.854965
/Data/florian.guillaumey/val2/test/video_29203,23,0.877444
/Data/florian.guillaumey/val2/test/video_29207,19,0.278501
/Data/florian.guillaumey/val2/test/video_29248,3,0.821232
/Data/florian.guillaumey/val2/test/video_29271,6,0.857793
/Data/florian.guillaumey/val2/test/video_2928,24,0.458360
/Data/florian.guillaumey/val2/test/video_29286,2,0.143701
/Data/florian.guillaumey/val2/test/video_29388,14,0.222944
/Data/florian.guillaumey/val2/test/video_29436,5,0.666708
/Data/florian.guillaumey/val2/test/video_2964,31,0.843180
/Data/florian.guillaumey/val2/test/video_29669,20,0.157962
/Data/florian.guillaumey/val2/test/video_29685,23,0.325506
/Data/florian.guillaumey/val2/test/video_29688,10,0.806704
/Data/florian.guillaumey/val2/test/video_29706,30,0.218032
/Data/florian.guillaumey/val2/test/video_29723,7,0.164953
/Data/florian.guillaumey/val2/test/video_2973,5,0.877689
/Data/florian.guillaumey/val2/test/video_29733,30,0.675679
/Data/florian.guillaumey/val2/test/video_2976,28,0.790192
/Data/florian.guillaumey/val2/test/video_29772,30,0.704375
/Data/florian.guillaumey/val2/test/video_29786,14,0.536596
/Data/florian.guillaumey/val2/test/video_29817,5,0.823682
/Data/florian.guillaumey/val2/test/video_29844,3,0.844409
/Data/florian.guillaumey/val2/test/video_29868,1,0.903102
/Data/florian.guillaumey/val2/test/video_29877,17,0.620525
/Data/florian.guillaumey/val2/test/video_29880,3,0.564641
/Data/florian.guillaumey/val2/test/video_29901,1,0.815035
/Data/florian.guillaumey/val2/test/video_29935,30,0.359210
/Data/florian.guillaumey/val2/test/video_29940,13,0.773683
/Data/florian.guillaumey/val2/test/video_29946,4,0.873699
/Data/florian.guillaumey/val2/test/video_29965,10,0.608803
/Data/florian.guillaumey/val2/test/video_30043,4,0.217727
/Data/florian.guillaumey/val2/test/video_30044,5,0.765034
/Data/florian.guillaumey/val2/test/video_30076,22,0.369311
/Data/florian.guillaumey/val2/test/video_30088,7,0.811947
/Data/florian.guillaumey/val2/test/video_30093,29,0.431543
/Data/florian.guillaumey/val2/test/video_30101,5,0.472334
/Data/florian.guillaumey/val2/test/video_30139,1,0.447234
/Data/florian.guillaumey/val2/test/video_30142,30,0.828044
/Data/florian.guillaumey/val2/test/video_30158,16,0.763020
/Data/florian.guillaumey/val2/test/video_30164,14,0.247262
/Data/florian.guillaumey/val2/test/video_30184,7,0.866843
/Data/florian.guillaumey/val2/test/video_3019,28,0.241750
/Data/florian.guillaumey/val2/test/video_30204,2,0.347494
/Data/florian.guillaumey/val2/test/video_30232,9,0.640327
/Data/florian.guillaumey/val2/test/video_30255,14,0.318252
/Data/florian.guillaumey/val2/test/video_30326,4,0.847159
/Data/florian.guillaumey/val2/test/video_30338,28,0.496531
/Data/florian.guillaumey/val2/test/video_30342,23,0.569640
/Data/florian.guillaumey/val2/test/video_30343,2,0.150060
/Data/florian.guillaumey/val2/test/video_30374,14,0.204956
/Data/florian.guillaumey/val2/test/video_30408,6,0.781711
/Data/florian.guillaumey/val2/test/video_30425,4,0.918136
/Data/florian.guillaumey/val2/test/video_30466,22,0.344640
/Data/florian.guillaumey/val2/test/video_30523,4,0.263131
/Data/florian.guillaumey/val2/test/video_30527,3,0.607878
/Data/florian.guillaumey/val2/test/video_30528,12,0.171701
/Data/florian.guillaumey/val2/test/video_30541,6,0.906889
/Data/florian.guillaumey/val2/test/video_30551,21,0.457351
/Data/florian.guillaumey/val2/test/video_30598,12,0.862761
/Data/florian.guillaumey/val2/test/video_30643,30,0.302498
/Data/florian.guillaumey/val2/test/video_30679,24,0.572804
/Data/florian.guillaumey/val2/test/video_3068,4,0.607151
/Data/florian.guillaumey/val2/test/video_3069,2,0.681615
/Data/florian.guillaumey/val2/test/video_30732,4,0.772301
/Data/florian.guillaumey/val2/test/video_30857,14,0.851811
/Data/florian.guillaumey/val2/test/video_30863,24,0.638278
/Data/florian.guillaumey/val2/test/video_30864,14,0.548077
/Data/florian.guillaumey/val2/test/video_30865,28,0.461725
/Data/florian.guillaumey/val2/test/video_30870,3,0.918750
/Data/florian.guillaumey/val2/test/video_30879,30,0.351861
/Data/florian.guillaumey/val2/test/video_30888,7,0.681004
/Data/florian.guillaumey/val2/test/video_30924,0,0.215114
/Data/florian.guillaumey/val2/test/video_30958,22,0.152351
/Data/florian.guillaumey/val2/test/video_30980,30,0.890527
/Data/florian.guillaumey/val2/test/video_30982,24,0.461973
/Data/florian.guillaumey/val2/test/video_30996,23,0.762950
/Data/florian.guillaumey/val2/test/video_31046,6,0.910792
/Data/florian.guillaumey/val2/test/video_31096,10,0.458385
/Data/florian.guillaumey/val2/test/video_31102,15,0.479063
/Data/florian.guillaumey/val2/test/video_3117,15,0.707223
/Data/florian.guillaumey/val2/test/video_31217,19,0.350240
/Data/florian.guillaumey/val2/test/video_31240,15,0.435401
/Data/florian.guillaumey/val2/test/video_31253,24,0.418092
/Data/florian.guillaumey/val2/test/video_31283,29,0.422290
/Data/florian.guillaumey/val2/test/video_31334,2,0.462839
/Data/florian.guillaumey/val2/test/video_31336,18,0.276698
/Data/florian.guillaumey/val2/test/video_31396,28,0.869941
/Data/florian.guillaumey/val2/test/video_31446,21,0.893359
/Data/florian.guillaumey/val2/test/video_31465,17,0.356355
/Data/florian.guillaumey/val2/test/video_31466,14,0.390312
/Data/florian.guillaumey/val2/test/video_31490,24,0.167344
/Data/florian.guillaumey/val2/test/video_31505,15,0.421888
/Data/florian.guillaumey/val2/test/video_31507,7,0.869890
/Data/florian.guillaumey/val2/test/video_31549,24,0.722548
/Data/florian.guillaumey/val2/test/video_31564,15,0.754207
/Data/florian.guillaumey/val2/test/video_31611,32,0.847891
/Data/florian.guillaumey/val2/test/video_31670,22,0.454694
/Data/florian.guillaumey/val2/test/video_31675,28,0.631141
/Data/florian.guillaumey/val2/test/video_31699,29,0.237153
/Data/florian.guillaumey/val2/test/video_31743,5,0.854275
/Data/florian.guillaumey/val2/test/video_31802,5,0.164729
/Data/florian.guillaumey/val2/test/video_31876,10,0.581091
/Data/florian.guillaumey/val2/test/video_31881,30,0.753930
/Data/florian.guillaumey/val2/test/video_3189,1,0.719644
/Data/florian.guillaumey/val2/test/video_31925,29,0.221948
/Data/florian.guillaumey/val2/test/video_31975,12,0.835630
/Data/florian.guillaumey/val2/test/video_32007,24,0.392112
/Data/florian.guillaumey/val2/test/video_32150,0,0.419636
/Data/florian.guillaumey/val2/test/video_32177,3,0.784079
/Data/florian.guillaumey/val2/test/video_3222,24,0.153163
/Data/florian.guillaumey/val2/test/video_32238,10,0.529129
/Data/florian.guillaumey/val2/test/video_32255,4,0.867185
/Data/florian.guillaumey/val2/test/video_32276,28,0.893456
/Data/florian.guillaumey/val2/test/video_32285,16,0.194737
/Data/florian.guillaumey/val2/test/video_32322,2,0.697416
/Data/florian.guillaumey/val2/test/video_32393,0,0.825113
/Data/florian.guillaumey/val2/test/video_32411,1,0.591551
/Data/florian.guillaumey/val2/test/video_32440,10,0.908726
/Data/florian.guillaumey/val2/test/video_32462,31,0.896368
/Data/florian.guillaumey/val2/test/video_32473,4,0.364693
/Data/florian.guillaumey/val2/test/video_32485,12,0.667072
/Data/florian.guillaumey/val2/test/video_32495,28,0.750333
/Data/florian.guillaumey/val2/test/video_32530,7,0.892993
/Data/florian.guillaumey/val2/test/video_32535,12,0.754788
/Data/florian.guillaumey/val2/test/video_32669,32,0.799156
/Data/florian.guillaumey/val2/test/video_3273,7,0.877735
/Data/florian.guillaumey/val2/test/video_32748,6,0.331331
/Data/florian.guillaumey/val2/test/video_32798,2,0.735150
/Data/florian.guillaumey/val2/test/video_3288,5,0.284729
/Data/florian.guillaumey/val2/test/video_32905,14,0.853470
/Data/florian.guillaumey/val2/test/video_32935,29,0.361716
/Data/florian.guillaumey/val2/test/video_32936,24,0.465382
/Data/florian.guillaumey/val2/test/video_32997,23,0.424941
/Data/florian.guillaumey/val2/test/video_32999,14,0.887079
/Data/florian.guillaumey/val2/test/video_33027,4,0.521807
/Data/florian.guillaumey/val2/test/video_33077,0,0.862060
/Data/florian.guillaumey/val2/test/video_33125,22,0.402337
/Data/florian.guillaumey/val2/test/video_33165,21,0.650524
/Data/florian.guillaumey/val2/test/video_33179,18,0.506666
/Data/florian.guillaumey/val2/test/video_33214,3,0.717159
/Data/florian.guillaumey/val2/test/video_3325,14,0.706532
/Data/florian.guillaumey/val2/test/video_33268,23,0.364449
/Data/florian.guillaumey/val2/test/video_33275,5,0.150021
/Data/florian.guillaumey/val2/test/video_33318,31,0.608969
/Data/florian.guillaumey/val2/test/video_33336,31,0.373975
/Data/florian.guillaumey/val2/test/video_33376,15,0.443188
/Data/florian.guillaumey/val2/test/video_33403,0,0.823157
/Data/florian.guillaumey/val2/test/video_33410,16,0.441701
/Data/florian.guillaumey/val2/test/video_3342,15,0.596204
/Data/florian.guillaumey/val2/test/video_33424,5,0.490205
/Data/florian.guillaumey/val2/test/video_33428,10,0.593636
/Data/florian.guillaumey/val2/test/video_33460,23,0.912724
/Data/florian.guillaumey/val2/test/video_33510,8,0.500434
/Data/florian.guillaumey/val2/test/video_33524,14,0.273813
/Data/florian.guillaumey/val2/test/video_33589,18,0.462781
/Data/florian.guillaumey/val2/test/video_33596,32,0.277782
/Data/florian.guillaumey/val2/test/video_33673,17,0.669428
/Data/florian.guillaumey/val2/test/video_33716,2,0.570565
/Data/florian.guillaumey/val2/test/video_33840,14,0.708929
/Data/florian.guillaumey/val2/test/video_33850,14,0.546473
/Data/florian.guillaumey/val2/test/video_33874,28,0.300457
/Data/florian.guillaumey/val2/test/video_33907,4,0.256186
/Data/florian.guillaumey/val2/test/video_3391,5,0.307655
/Data/florian.guillaumey/val2/test/video_33912,14,0.490012
/Data/florian.guillaumey/val2/test/video_33920,4,0.375127
/Data/florian.guillaumey/val2/test/video_33947,9,0.896595
/Data/florian.guillaumey/val2/test/video_33970,29,0.244680
/Data/florian.guillaumey/val2/test/video_33979,3,0.768045
/Data/florian.guillaumey/val2/test/video_34021,6,0.873522
/Data/florian.guillaumey/val2/test/video_34025,5,0.189318
/Data/florian.guillaumey/val2/test/video_3410,30,0.830015
/Data/florian.guillaumey/val2/test/video_34115,9,0.389230
/Data/florian.guillaumey/val2/test/video_34160,16,0.611251
/Data/florian.guillaumey/val2/test/video_34167,22,0.362473
/Data/florian.guillaumey/val2/test/video_34226,6,0.912231
/Data/florian.guillaumey/val2/test/video_34227,9,0.580907
/Data/florian.guillaumey/val2/test/video_34237,4,0.661031
/Data/florian.guillaumey/val2/test/video_34239,14,0.279256
/Data/florian.guillaumey/val2/test/video_34259,10,0.815857
/Data/florian.guillaumey/val2/test/video_34321,4,0.362681
/Data/florian.guillaumey/val2/test/video_3434,12,0.758068
/Data/florian.guillaumey/val2/test/video_34353,23,0.772031
/Data/florian.guillaumey/val2/test/video_34390,5,0.268851
/Data/florian.guillaumey/val2/test/video_34397,7,0.883359
/Data/florian.guillaumey/val2/test/video_34407,12,0.474511
/Data/florian.guillaumey/val2/test/video_34474,14,0.651700
/Data/florian.guillaumey/val2/test/video_34476,17,0.425928
/Data/florian.guillaumey/val2/test/video_34513,16,0.348611
/Data/florian.guillaumey/val2/test/video_34519,8,0.905906
/Data/florian.guillaumey/val2/test/video_34588,21,0.775684
/Data/florian.guillaumey/val2/test/video_3459,5,0.464978
/Data/florian.guillaumey/val2/test/video_34591,5,0.846560
/Data/florian.guillaumey/val2/test/video_34595,7,0.164126
/Data/florian.guillaumey/val2/test/video_34644,14,0.713067
/Data/florian.guillaumey/val2/test/video_34696,9,0.116376
/Data/florian.guillaumey/val2/test/video_34711,16,0.462057
/Data/florian.guillaumey/val2/test/video_34721,3,0.562851
/Data/florian.guillaumey/val2/test/video_34723,14,0.618793
/Data/florian.guillaumey/val2/test/video_3473,31,0.425768
/Data/florian.guillaumey/val2/test/video_34734,18,0.610965
/Data/florian.guillaumey/val2/test/video_34823,30,0.628580
/Data/florian.guillaumey/val2/test/video_34834,9,0.786740
/Data/florian.guillaumey/val2/test/video_34883,10,0.585212
/Data/florian.guillaumey/val2/test/video_34964,28,0.613004
/Data/florian.guillaumey/val2/test/video_34981,12,0.512934
/Data/florian.guillaumey/val2/test/video_34991,31,0.473145
/Data/florian.guillaumey/val2/test/video_35000,12,0.869165
/Data/florian.guillaumey/val2/test/video_35045,21,0.783945
/Data/florian.guillaumey/val2/test/video_35082,30,0.313594
/Data/florian.guillaumey/val2/test/video_35141,24,0.881850
/Data/florian.guillaumey/val2/test/video_35166,3,0.200071
/Data/florian.guillaumey/val2/test/video_35182,6,0.402642
/Data/florian.guillaumey/val2/test/video_3519,6,0.828217
/Data/florian.guillaumey/val2/test/video_35195,11,0.248806
/Data/florian.guillaumey/val2/test/video_35275,21,0.289814
/Data/florian.guillaumey/val2/test/video_35358,0,0.454746
/Data/florian.guillaumey/val2/test/video_35361,31,0.205739
/Data/florian.guillaumey/val2/test/video_35447,14,0.324617
/Data/florian.guillaumey/val2/test/video_35452,25,0.184122
/Data/florian.guillaumey/val2/test/video_35460,16,0.245449
/Data/florian.guillaumey/val2/test/video_35461,14,0.212024
/Data/florian.guillaumey/val2/test/video_35495,29,0.881059
/Data/florian.guillaumey/val2/test/video_355,29,0.580384
/Data/florian.guillaumey/val2/test/video_35524,31,0.821057
/Data/florian.guillaumey/val2/test/video_35546,30,0.665028
/Data/florian.guillaumey/val2/test/video_35590,5,0.774192
/Data/florian.guillaumey/val2/test/video_35647,2,0.183957
/Data/florian.guillaumey/val2/test/video_35658,10,0.656349
/Data/florian.guillaumey/val2/test/video_35705,5,0.358242
/Data/florian.guillaumey/val2/test/video_35753,1,0.856784
/Data/florian.guillaumey/val2/test/video_35854,12,0.838099
/Data/florian.guillaumey/val2/test/video_35918,30,0.877772
/Data/florian.guillaumey/val2/test/video_35928,1,0.378102
/Data/florian.guillaumey/val2/test/video_35932,8,0.851455
/Data/florian.guillaumey/val2/test/video_35942,28,0.474497
/Data/florian.guillaumey/val2/test/video_35969,4,0.214195
/Data/florian.guillaumey/val2/test/video_35972,12,0.541128
/Data/florian.guillaumey/val2/test/video_35973,14,0.807997
/Data/florian.guillaumey/val2/test/video_35984,30,0.404935
/Data/florian.guillaumey/val2/test/video_36050,23,0.314792
/Data/florian.guillaumey/val2/test/video_36115,9,0.287927
/Data/florian.guillaumey/val2/test/video_36171,24,0.605385
/Data/florian.guillaumey/val2/test/video_36313,3,0.798184
/Data/florian.guillaumey/val2/test/video_3639,14,0.272036
/Data/florian.guillaumey/val2/test/video_36447,3,0.198411
/Data/florian.guillaumey/val2/test/video_36463,9,0.840318
/Data/florian.guillaumey/val2/test/video_36472,18,0.505224
/Data/florian.guillaumey/val2/test/video_36489,30,0.231188
/Data/florian.guillaumey/val2/test/video_36531,0,0.758573
/Data/florian.guillaumey/val2/test/video_36624,22,0.583996
/Data/florian.guillaumey/val2/test/video_36638,23,0.894144
/Data/florian.guillaumey/val2/test/video_36666,24,0.584589
/Data/florian.guillaumey/val2/test/video_36707,10,0.837068
/Data/florian.guillaumey/val2/test/video_36740,1,0.866411
/Data/florian.guillaumey/val2/test/video_36756,10,0.671984
/Data/florian.guillaumey/val2/test/video_36757,5,0.883524
/Data/florian.guillaumey/val2/test/video_36780,1,0.356434
/Data/florian.guillaumey/val2/test/video_36811,5,0.450279
/Data/florian.guillaumey/val2/test/video_36817,10,0.190829
/Data/florian.guillaumey/val2/test/video_36821,18,0.637467
/Data/florian.guillaumey/val2/test/video_36853,2,0.771361
/Data/florian.guillaumey/val2/test/video_36884,21,0.327955
/Data/florian.guillaumey/val2/test/video_36902,28,0.262117
/Data/florian.guillaumey/val2/test/video_36959,13,0.365923
/Data/florian.guillaumey/val2/test/video_36969,14,0.510971
/Data/florian.guillaumey/val2/test/video_37034,6,0.389289
/Data/florian.guillaumey/val2/test/video_37041,0,0.741443
/Data/florian.guillaumey/val2/test/video_37298,4,0.802362
/Data/florian.guillaumey/val2/test/video_37310,31,0.349207
/Data/florian.guillaumey/val2/test/video_37343,17,0.552022
/Data/florian.guillaumey/val2/test/video_37384,14,0.353988
/Data/florian.guillaumey/val2/test/video_37409,31,0.111301
/Data/florian.guillaumey/val2/test/video_37482,1,0.224118
/Data/florian.guillaumey/val2/test/video_3753,17,0.519134
/Data/florian.guillaumey/val2/test/video_37547,9,0.275432
/Data/florian.guillaumey/val2/test/video_3756,8,0.755006
/Data/florian.guillaumey/val2/test/video_37600,32,0.745843
/Data/florian.guillaumey/val2/test/video_37614,6,0.604740
/Data/florian.guillaumey/val2/test/video_37628,24,0.811657
/Data/florian.guillaumey/val2/test/video_37671,30,0.515805
/Data/florian.guillaumey/val2/test/video_37695,1,0.360382
/Data/florian.guillaumey/val2/test/video_37699,28,0.123239
/Data/florian.guillaumey/val2/test/video_37711,12,0.912900
/Data/florian.guillaumey/val2/test/video_37758,22,0.186784
/Data/florian.guillaumey/val2/test/video_37760,3,0.761430
/Data/florian.guillaumey/val2/test/video_37840,13,0.425908
/Data/florian.guillaumey/val2/test/video_37852,28,0.688410
/Data/florian.guillaumey/val2/test/video_37866,0,0.837067
/Data/florian.guillaumey/val2/test/video_37874,16,0.684763
/Data/florian.guillaumey/val2/test/video_37877,1,0.594010
/Data/florian.guillaumey/val2/test/video_37961,23,0.859058
/Data/florian.guillaumey/val2/test/video_3798,10,0.490006
/Data/florian.guillaumey/val2/test/video_37993,4,0.353826
/Data/florian.guillaumey/val2/test/video_37999,29,0.120284
/Data/florian.guillaumey/val2/test/video_38067,14,0.322557
/Data/florian.guillaumey/val2/test/video_38077,7,0.788049
/Data/florian.guillaumey/val2/test/video_38078,32,0.335681
/Data/florian.guillaumey/val2/test/video_38107,6,0.660216
/Data/florian.guillaumey/val2/test/video_38126,9,0.358212
/Data/florian.guillaumey/val2/test/video_38129,3,0.297591
/Data/florian.guillaumey/val2/test/video_38132,5,0.875317
/Data/florian.guillaumey/val2/test/video_38227,17,0.582928
/Data/florian.guillaumey/val2/test/video_3824,1,0.836244
/Data/florian.guillaumey/val2/test/video_38268,12,0.463645
/Data/florian.guillaumey/val2/test/video_38294,0,0.471007
/Data/florian.guillaumey/val2/test/video_38319,19,0.675877
/Data/florian.guillaumey/val2/test/video_38320,31,0.619852
/Data/florian.guillaumey/val2/test/video_38330,7,0.893624
/Data/florian.guillaumey/val2/test/video_38334,8,0.244803
/Data/florian.guillaumey/val2/test/video_38354,12,0.758056
/Data/florian.guillaumey/val2/test/video_38360,30,0.866516
/Data/florian.guillaumey/val2/test/video_3841,22,0.313867
/Data/florian.guillaumey/val2/test/video_38468,12,0.873597
/Data/florian.guillaumey/val2/test/video_38478,1,0.277007
/Data/florian.guillaumey/val2/test/video_38480,2,0.387151
/Data/florian.guillaumey/val2/test/video_38492,4,0.355404
/Data/florian.guillaumey/val2/test/video_38536,4,0.525651
/Data/florian.guillaumey/val2/test/video_38544,4,0.914848
/Data/florian.guillaumey/val2/test/video_38582,6,0.614967
/Data/florian.guillaumey/val2/test/video_38618,3,0.376043
/Data/florian.guillaumey/val2/test/video_3864,5,0.131954
/Data/florian.guillaumey/val2/test/video_38647,13,0.188663
/Data/florian.guillaumey/val2/test/video_38652,14,0.795972
/Data/florian.guillaumey/val2/test/video_38663,1,0.359975
/Data/florian.guillaumey/val2/test/video_38670,31,0.258833
/Data/florian.guillaumey/val2/test/video_38706,24,0.630544
/Data/florian.guillaumey/val2/test/video_38739,29,0.900093
/Data/florian.guillaumey/val2/test/video_38773,12,0.335954
/Data/florian.guillaumey/val2/test/video_38790,30,0.898478
/Data/florian.guillaumey/val2/test/video_38809,13,0.558962
/Data/florian.guillaumey/val2/test/video_38812,7,0.867526
/Data/florian.guillaumey/val2/test/video_38818,7,0.856761
/Data/florian.guillaumey/val2/test/video_38858,24,0.254903
/Data/florian.guillaumey/val2/test/video_38938,28,0.739509
/Data/florian.guillaumey/val2/test/video_39058,15,0.460967
/Data/florian.guillaumey/val2/test/video_39059,1,0.833631
/Data/florian.guillaumey/val2/test/video_39069,17,0.493515
/Data/florian.guillaumey/val2/test/video_39072,9,0.213596
/Data/florian.guillaumey/val2/test/video_39114,31,0.669658
/Data/florian.guillaumey/val2/test/video_39115,24,0.706400
/Data/florian.guillaumey/val2/test/video_39116,6,0.731979
/Data/florian.guillaumey/val2/test/video_39121,12,0.807198
/Data/florian.guillaumey/val2/test/video_39149,19,0.158090
/Data/florian.guillaumey/val2/test/video_39188,5,0.829531
/Data/florian.guillaumey/val2/test/video_39226,30,0.850225
/Data/florian.guillaumey/val2/test/video_39253,19,0.394729
/Data/florian.guillaumey/val2/test/video_3926,24,0.795758
/Data/florian.guillaumey/val2/test/video_39272,4,0.876055
/Data/florian.guillaumey/val2/test/video_39279,24,0.383634
/Data/florian.guillaumey/val2/test/video_39304,4,0.802355
/Data/florian.guillaumey/val2/test/video_39340,31,0.158923
/Data/florian.guillaumey/val2/test/video_39341,21,0.826188
/Data/florian.guillaumey/val2/test/video_39373,0,0.170272
/Data/florian.guillaumey/val2/test/video_39419,6,0.621495
/Data/florian.guillaumey/val2/test/video_39428,6,0.873225
/Data/florian.guillaumey/val2/test/video_39442,21,0.477084
/Data/florian.guillaumey/val2/test/video_39545,23,0.886139
/Data/florian.guillaumey/val2/test/video_3956,7,0.862189
/Data/florian.guillaumey/val2/test/video_39571,22,0.317960
/Data/florian.guillaumey/val2/test/video_39582,8,0.529621
/Data/florian.guillaumey/val2/test/video_39609,4,0.469555
/Data/florian.guillaumey/val2/test/video_39633,28,0.733518
/Data/florian.guillaumey/val2/test/video_39649,3,0.307788
/Data/florian.guillaumey/val2/test/video_39677,2,0.828854
/Data/florian.guillaumey/val2/test/video_3975,5,0.655482
/Data/florian.guillaumey/val2/test/video_3980,13,0.553081
/Data/florian.guillaumey/val2/test/video_3981,22,0.357050
/Data/florian.guillaumey/val2/test/video_39821,25,0.146838
/Data/florian.guillaumey/val2/test/video_39953,23,0.325547
/Data/florian.guillaumey/val2/test/video_400,26,0.169540
/Data/florian.guillaumey/val2/test/video_4000,5,0.830606
/Data/florian.guillaumey/val2/test/video_40017,24,0.584566
/Data/florian.guillaumey/val2/test/video_40060,8,0.605833
/Data/florian.guillaumey/val2/test/video_401,6,0.888388
/Data/florian.guillaumey/val2/test/video_40100,17,0.601469
/Data/florian.guillaumey/val2/test/video_40160,21,0.308600
/Data/florian.guillaumey/val2/test/video_40188,30,0.590314
/Data/florian.guillaumey/val2/test/video_4022,13,0.487239
/Data/florian.guillaumey/val2/test/video_40248,2,0.520449
/Data/florian.guillaumey/val2/test/video_40289,22,0.478881
/Data/florian.guillaumey/val2/test/video_40300,2,0.149618
/Data/florian.guillaumey/val2/test/video_40325,12,0.627611
/Data/florian.guillaumey/val2/test/video_40362,5,0.855222
/Data/florian.guillaumey/val2/test/video_40364,13,0.850589
/Data/florian.guillaumey/val2/test/video_40429,30,0.568193
/Data/florian.guillaumey/val2/test/video_40436,10,0.798912
/Data/florian.guillaumey/val2/test/video_40490,14,0.274048
/Data/florian.guillaumey/val2/test/video_40497,7,0.838999
/Data/florian.guillaumey/val2/test/video_40508,17,0.825044
/Data/florian.guillaumey/val2/test/video_40546,30,0.661711
/Data/florian.guillaumey/val2/test/video_40552,5,0.192436
/Data/florian.guillaumey/val2/test/video_40572,19,0.436515
/Data/florian.guillaumey/val2/test/video_40687,9,0.263238
/Data/florian.guillaumey/val2/test/video_40692,30,0.399265
/Data/florian.guillaumey/val2/test/video_407,16,0.466622
/Data/florian.guillaumey/val2/test/video_40762,16,0.655081
/Data/florian.guillaumey/val2/test/video_40763,15,0.651408
/Data/florian.guillaumey/val2/test/video_40765,14,0.476242
/Data/florian.guillaumey/val2/test/video_40829,23,0.856644
/Data/florian.guillaumey/val2/test/video_4085,10,0.331841
/Data/florian.guillaumey/val2/test/video_40866,23,0.871615
/Data/florian.guillaumey/val2/test/video_40892,13,0.645352
/Data/florian.guillaumey/val2/test/video_40900,22,0.659029
/Data/florian.guillaumey/val2/test/video_40943,29,0.365338
/Data/florian.guillaumey/val2/test/video_40975,12,0.812287
/Data/florian.guillaumey/val2/test/video_40988,9,0.849350
/Data/florian.guillaumey/val2/test/video_41018,19,0.529076
/Data/florian.guillaumey/val2/test/video_41092,5,0.905236
/Data/florian.guillaumey/val2/test/video_41122,30,0.782263
/Data/florian.guillaumey/val2/test/video_41146,7,0.383385
/Data/florian.guillaumey/val2/test/video_41152,10,0.263584
/Data/florian.guillaumey/val2/test/video_41164,31,0.333356
/Data/florian.guillaumey/val2/test/video_41249,12,0.774625
/Data/florian.guillaumey/val2/test/video_41251,23,0.399386
/Data/florian.guillaumey/val2/test/video_41258,23,0.307431
/Data/florian.guillaumey/val2/test/video_4127,4,0.892528
/Data/florian.guillaumey/val2/test/video_41281,32,0.528139
/Data/florian.guillaumey/val2/test/video_41283,5,0.848930
/Data/florian.guillaumey/val2/test/video_41317,19,0.303382
/Data/florian.guillaumey/val2/test/video_41451,30,0.743509
/Data/florian.guillaumey/val2/test/video_41461,19,0.464273
/Data/florian.guillaumey/val2/test/video_4148,23,0.418265
/Data/florian.guillaumey/val2/test/video_41484,28,0.346941
/Data/florian.guillaumey/val2/test/video_4149,3,0.853794
/Data/florian.guillaumey/val2/test/video_41525,29,0.403433
/Data/florian.guillaumey/val2/test/video_41532,4,0.678276
/Data/florian.guillaumey/val2/test/video_41533,4,0.278267
/Data/florian.guillaumey/val2/test/video_41562,18,0.615497
/Data/florian.guillaumey/val2/test/video_4157,18,0.429400
/Data/florian.guillaumey/val2/test/video_41589,18,0.597786
/Data/florian.guillaumey/val2/test/video_41606,30,0.721529
/Data/florian.guillaumey/val2/test/video_41751,4,0.933118
/Data/florian.guillaumey/val2/test/video_41763,14,0.195147
/Data/florian.guillaumey/val2/test/video_41770,5,0.296423
/Data/florian.guillaumey/val2/test/video_41808,30,0.193625
/Data/florian.guillaumey/val2/test/video_41905,4,0.229370
/Data/florian.guillaumey/val2/test/video_41976,14,0.616292
/Data/florian.guillaumey/val2/test/video_4200,10,0.874319
/Data/florian.guillaumey/val2/test/video_42023,6,0.826073
/Data/florian.guillaumey/val2/test/video_42099,14,0.445766
/Data/florian.guillaumey/val2/test/video_42177,2,0.141220
/Data/florian.guillaumey/val2/test/video_42221,15,0.583550
/Data/florian.guillaumey/val2/test/video_42261,6,0.863031
/Data/florian.guillaumey/val2/test/video_42270,12,0.613515
/Data/florian.guillaumey/val2/test/video_42288,12,0.622436
/Data/florian.guillaumey/val2/test/video_4229,30,0.906505
/Data/florian.guillaumey/val2/test/video_42307,9,0.615711
/Data/florian.guillaumey/val2/test/video_42364,5,0.780221
/Data/florian.guillaumey/val2/test/video_42386,22,0.306866
/Data/florian.guillaumey/val2/test/video_42460,22,0.285718
/Data/florian.guillaumey/val2/test/video_42476,4,0.245324
/Data/florian.guillaumey/val2/test/video_42525,31,0.610386
/Data/florian.guillaumey/val2/test/video_42622,6,0.821952
/Data/florian.guillaumey/val2/test/video_42646,3,0.889158
/Data/florian.guillaumey/val2/test/video_42703,31,0.653689
/Data/florian.guillaumey/val2/test/video_42711,28,0.850708
/Data/florian.guillaumey/val2/test/video_42719,17,0.349818
/Data/florian.guillaumey/val2/test/video_42724,12,0.782561
/Data/florian.guillaumey/val2/test/video_42726,5,0.729284
/Data/florian.guillaumey/val2/test/video_42757,22,0.416402
/Data/florian.guillaumey/val2/test/video_42779,9,0.439606
/Data/florian.guillaumey/val2/test/video_43,7,0.845897
/Data/florian.guillaumey/val2/test/video_43003,18,0.218229
/Data/florian.guillaumey/val2/test/video_43028,31,0.246150
/Data/florian.guillaumey/val2/test/video_43029,15,0.380316
/Data/florian.guillaumey/val2/test/video_43030,16,0.380908
/Data/florian.guillaumey/val2/test/video_4304,7,0.796244
/Data/florian.guillaumey/val2/test/video_4306,7,0.860311
/Data/florian.guillaumey/val2/test/video_4307,4,0.908421
/Data/florian.guillaumey/val2/test/video_43114,10,0.819074
/Data/florian.guillaumey/val2/test/video_4315,16,0.878873
/Data/florian.guillaumey/val2/test/video_43242,6,0.566229
/Data/florian.guillaumey/val2/test/video_43244,5,0.212026
/Data/florian.guillaumey/val2/test/video_43250,13,0.812436
/Data/florian.guillaumey/val2/test/video_43339,5,0.248212
/Data/florian.guillaumey/val2/test/video_43388,6,0.902878
/Data/florian.guillaumey/val2/test/video_43394,6,0.846172
/Data/florian.guillaumey/val2/test/video_43399,11,0.262901
/Data/florian.guillaumey/val2/test/video_43402,4,0.477645
/Data/florian.guillaumey/val2/test/video_43427,24,0.679496
/Data/florian.guillaumey/val2/test/video_43452,5,0.488030
/Data/florian.guillaumey/val2/test/video_43457,15,0.172037
/Data/florian.guillaumey/val2/test/video_43485,21,0.683203
/Data/florian.guillaumey/val2/test/video_4350,29,0.619422
/Data/florian.guillaumey/val2/test/video_43622,29,0.568122
/Data/florian.guillaumey/val2/test/video_43649,17,0.373159
/Data/florian.guillaumey/val2/test/video_43667,31,0.345061
/Data/florian.guillaumey/val2/test/video_43670,4,0.147339
/Data/florian.guillaumey/val2/test/video_43746,23,0.912016
/Data/florian.guillaumey/val2/test/video_43753,29,0.188254
/Data/florian.guillaumey/val2/test/video_43762,28,0.732402
/Data/florian.guillaumey/val2/test/video_43789,4,0.128748
/Data/florian.guillaumey/val2/test/video_438,6,0.286368
/Data/florian.guillaumey/val2/test/video_43897,10,0.596607
/Data/florian.guillaumey/val2/test/video_4390,9,0.891909
/Data/florian.guillaumey/val2/test/video_43903,16,0.195710
/Data/florian.guillaumey/val2/test/video_43921,8,0.537006
/Data/florian.guillaumey/val2/test/video_43947,31,0.199970
/Data/florian.guillaumey/val2/test/video_43974,6,0.894862
/Data/florian.guillaumey/val2/test/video_43997,3,0.566171
/Data/florian.guillaumey/val2/test/video_43998,1,0.105379
/Data/florian.guillaumey/val2/test/video_44001,15,0.561898
/Data/florian.guillaumey/val2/test/video_44011,23,0.629248
/Data/florian.guillaumey/val2/test/video_44013,32,0.862580
/Data/florian.guillaumey/val2/test/video_44030,23,0.432310
/Data/florian.guillaumey/val2/test/video_44062,31,0.853764
/Data/florian.guillaumey/val2/test/video_4408,18,0.263569
/Data/florian.guillaumey/val2/test/video_44120,15,0.781245
/Data/florian.guillaumey/val2/test/video_44124,14,0.374445
/Data/florian.guillaumey/val2/test/video_44178,5,0.673634
/Data/florian.guillaumey/val2/test/video_44216,5,0.359056
/Data/florian.guillaumey/val2/test/video_44272,5,0.894986
/Data/florian.guillaumey/val2/test/video_4428,15,0.736306
/Data/florian.guillaumey/val2/test/video_44384,16,0.507835
/Data/florian.guillaumey/val2/test/video_44406,23,0.331166
/Data/florian.guillaumey/val2/test/video_44417,23,0.894947
/Data/florian.guillaumey/val2/test/video_4449,4,0.259272
/Data/florian.guillaumey/val2/test/video_44490,23,0.136639
/Data/florian.guillaumey/val2/test/video_4450,7,0.452579
/Data/florian.guillaumey/val2/test/video_44535,3,0.464490
/Data/florian.guillaumey/val2/test/video_44541,3,0.872437
/Data/florian.guillaumey/val2/test/video_44569,23,0.820590
/Data/florian.guillaumey/val2/test/video_44584,7,0.202458
/Data/florian.guillaumey/val2/test/video_44642,14,0.449281
/Data/florian.guillaumey/val2/test/video_44646,0,0.648037
/Data/florian.guillaumey/val2/test/video_44654,14,0.554719
/Data/florian.guillaumey/val2/test/video_44678,30,0.885641
/Data/florian.guillaumey/val2/test/video_44761,30,0.824471
/Data/florian.guillaumey/val2/test/video_44764,15,0.567178
/Data/florian.guillaumey/val2/test/video_44779,4,0.244133
/Data/florian.guillaumey/val2/test/video_44783,30,0.808958
/Data/florian.guillaumey/val2/test/video_44790,16,0.879579
/Data/florian.guillaumey/val2/test/video_44791,25,0.269114
/Data/florian.guillaumey/val2/test/video_44805,19,0.359817
/Data/florian.guillaumey/val2/test/video_44874,14,0.276878
/Data/florian.guillaumey/val2/test/video_4489,7,0.422869
/Data/florian.guillaumey/val2/test/video_44920,14,0.862594
/Data/florian.guillaumey/val2/test/video_44944,0,0.367508
/Data/florian.guillaumey/val2/test/video_45003,30,0.235251
/Data/florian.guillaumey/val2/test/video_45029,13,0.805278
/Data/florian.guillaumey/val2/test/video_45071,28,0.147107
/Data/florian.guillaumey/val2/test/video_45101,16,0.795738
/Data/florian.guillaumey/val2/test/video_45117,10,0.418851
/Data/florian.guillaumey/val2/test/video_45173,5,0.903149
/Data/florian.guillaumey/val2/test/video_45218,10,0.185505
/Data/florian.guillaumey/val2/test/video_45245,30,0.738858
/Data/florian.guillaumey/val2/test/video_45271,24,0.913063
/Data/florian.guillaumey/val2/test/video_45280,26,0.461935
/Data/florian.guillaumey/val2/test/video_45289,23,0.753760
/Data/florian.guillaumey/val2/test/video_45296,1,0.891610
/Data/florian.guillaumey/val2/test/video_45359,5,0.418404
/Data/florian.guillaumey/val2/test/video_45360,9,0.508482
/Data/florian.guillaumey/val2/test/video_45380,18,0.660647
/Data/florian.guillaumey/val2/test/video_45407,23,0.336126
/Data/florian.guillaumey/val2/test/video_45439,23,0.206090
/Data/florian.guillaumey/val2/test/video_45498,16,0.854873
/Data/florian.guillaumey/val2/test/video_45555,14,0.325713
/Data/florian.guillaumey/val2/test/video_45576,16,0.761861
/Data/florian.guillaumey/val2/test/video_45591,14,0.745088
/Data/florian.guillaumey/val2/test/video_45601,22,0.460090
/Data/florian.guillaumey/val2/test/video_4568,29,0.828399
/Data/florian.guillaumey/val2/test/video_45798,9,0.710101
/Data/florian.guillaumey/val2/test/video_45804,12,0.745857
/Data/florian.guillaumey/val2/test/video_45810,13,0.446199
/Data/florian.guillaumey/val2/test/video_45831,6,0.735334
/Data/florian.guillaumey/val2/test/video_45832,0,0.345602
/Data/florian.guillaumey/val2/test/video_45875,5,0.628159
/Data/florian.guillaumey/val2/test/video_4588,17,0.286670
/Data/florian.guillaumey/val2/test/video_45881,2,0.711015
/Data/florian.guillaumey/val2/test/video_45924,14,0.740234
/Data/florian.guillaumey/val2/test/video_46019,11,0.429259
/Data/florian.guillaumey/val2/test/video_46023,10,0.597331
/Data/florian.guillaumey/val2/test/video_46024,5,0.203613
/Data/florian.guillaumey/val2/test/video_46047,29,0.917120
/Data/florian.guillaumey/val2/test/video_46070,30,0.530462
/Data/florian.guillaumey/val2/test/video_46093,4,0.477027
/Data/florian.guillaumey/val2/test/video_46133,24,0.359065
/Data/florian.guillaumey/val2/test/video_46152,6,0.336820
/Data/florian.guillaumey/val2/test/video_46198,22,0.470276
/Data/florian.guillaumey/val2/test/video_4626,7,0.865685
/Data/florian.guillaumey/val2/test/video_46286,12,0.165573
/Data/florian.guillaumey/val2/test/video_46340,30,0.889131
/Data/florian.guillaumey/val2/test/video_46347,5,0.266052
/Data/florian.guillaumey/val2/test/video_46393,17,0.363627
/Data/florian.guillaumey/val2/test/video_46495,15,0.557029
/Data/florian.guillaumey/val2/test/video_46499,30,0.486759
/Data/florian.guillaumey/val2/test/video_46502,30,0.474415
/Data/florian.guillaumey/val2/test/video_46503,23,0.771461
/Data/florian.guillaumey/val2/test/video_46565,12,0.553303
/Data/florian.guillaumey/val2/test/video_46570,12,0.743192
/Data/florian.guillaumey/val2/test/video_46615,31,0.831363
/Data/florian.guillaumey/val2/test/video_46635,2,0.787313
/Data/florian.guillaumey/val2/test/video_46652,12,0.892143
/Data/florian.guillaumey/val2/test/video_46656,5,0.714620
/Data/florian.guillaumey/val2/test/video_46664,29,0.442012
/Data/florian.guillaumey/val2/test/video_4671,22,0.326009
/Data/florian.guillaumey/val2/test/video_46758,30,0.884180
/Data/florian.guillaumey/val2/test/video_46759,30,0.375431
/Data/florian.guillaumey/val2/test/video_46773,3,0.890216
/Data/florian.guillaumey/val2/test/video_46821,23,0.403323
/Data/florian.guillaumey/val2/test/video_46857,4,0.583305
/Data/florian.guillaumey/val2/test/video_4688,28,0.537081
/Data/florian.guillaumey/val2/test/video_46896,23,0.878767
/Data/florian.guillaumey/val2/test/video_46931,3,0.809302
/Data/florian.guillaumey/val2/test/video_46956,5,0.728575
/Data/florian.guillaumey/val2/test/video_46959,9,0.875417
/Data/florian.guillaumey/val2/test/video_46981,28,0.631217
/Data/florian.guillaumey/val2/test/video_47012,18,0.329839
/Data/florian.guillaumey/val2/test/video_47020,23,0.397024
/Data/florian.guillaumey/val2/test/video_47048,12,0.421117
/Data/florian.guillaumey/val2/test/video_47053,0,0.747159
/Data/florian.guillaumey/val2/test/video_47084,9,0.205191
/Data/florian.guillaumey/val2/test/video_47103,7,0.916987
/Data/florian.guillaumey/val2/test/video_47178,4,0.288108
/Data/florian.guillaumey/val2/test/video_47201,31,0.546842
/Data/florian.guillaumey/val2/test/video_47202,6,0.861544
/Data/florian.guillaumey/val2/test/video_47213,16,0.296287
/Data/florian.guillaumey/val2/test/video_47228,16,0.827898
/Data/florian.guillaumey/val2/test/video_47231,3,0.890541
/Data/florian.guillaumey/val2/test/video_47250,28,0.762647
/Data/florian.guillaumey/val2/test/video_47275,30,0.373305
/Data/florian.guillaumey/val2/test/video_47287,1,0.887407
/Data/florian.guillaumey/val2/test/video_47334,6,0.352840
/Data/florian.guillaumey/val2/test/video_4735,5,0.918579
/Data/florian.guillaumey/val2/test/video_47418,17,0.833471
/Data/florian.guillaumey/val2/test/video_47448,30,0.459071
/Data/florian.guillaumey/val2/test/video_47449,1,0.503050
/Data/florian.guillaumey/val2/test/video_47516,8,0.520466
/Data/florian.guillaumey/val2/test/video_47525,3,0.611680
/Data/florian.guillaumey/val2/test/video_47543,14,0.178091
/Data/florian.guillaumey/val2/test/video_47591,14,0.875477
/Data/florian.guillaumey/val2/test/video_47617,7,0.861246
/Data/florian.guillaumey/val2/test/video_47705,30,0.282657
/Data/florian.guillaumey/val2/test/video_47719,12,0.459100
/Data/florian.guillaumey/val2/test/video_47745,2,0.604768
/Data/florian.guillaumey/val2/test/video_47790,19,0.222996
/Data/florian.guillaumey/val2/test/video_47807,20,0.694144
/Data/florian.guillaumey/val2/test/video_47874,30,0.567236
/Data/florian.guillaumey/val2/test/video_47876,5,0.133907
/Data/florian.guillaumey/val2/test/video_47933,30,0.159820
/Data/florian.guillaumey/val2/test/video_47948,31,0.713778
/Data/florian.guillaumey/val2/test/video_47967,28,0.769036
/Data/florian.guillaumey/val2/test/video_47968,3,0.725812
/Data/florian.guillaumey/val2/test/video_47970,19,0.518738
/Data/florian.guillaumey/val2/test/video_47974,1,0.875189
/Data/florian.guillaumey/val2/test/video_48000,3,0.464150
/Data/florian.guillaumey/val2/test/video_48043,25,0.217950
/Data/florian.guillaumey/val2/test/video_48054,7,0.588567
/Data/florian.guillaumey/val2/test/video_48079,29,0.125046
/Data/florian.guillaumey/val2/test/video_48116,22,0.328726
/Data/florian.guillaumey/val2/test/video_48124,18,0.692717
/Data/florian.guillaumey/val2/test/video_48139,22,0.507067
/Data/florian.guillaumey/val2/test/video_48174,0,0.177418
/Data/florian.guillaumey/val2/test/video_48232,7,0.871336
/Data/florian.guillaumey/val2/test/video_48245,4,0.306335
/Data/florian.guillaumey/val2/test/video_48247,16,0.845684
/Data/florian.guillaumey/val2/test/video_48260,13,0.382405
/Data/florian.guillaumey/val2/test/video_48285,5,0.605617
/Data/florian.guillaumey/val2/test/video_48287,21,0.637108
/Data/florian.guillaumey/val2/test/video_48330,12,0.219078
/Data/florian.guillaumey/val2/test/video_48338,3,0.749267
/Data/florian.guillaumey/val2/test/video_48365,22,0.285152
/Data/florian.guillaumey/val2/test/video_48374,8,0.193995
/Data/florian.guillaumey/val2/test/video_4842,30,0.856119
/Data/florian.guillaumey/val2/test/video_48447,0,0.298606
/Data/florian.guillaumey/val2/test/video_48463,5,0.245427
/Data/florian.guillaumey/val2/test/video_48471,16,0.316652
/Data/florian.guillaumey/val2/test/video_48496,6,0.857175
/Data/florian.guillaumey/val2/test/video_48529,6,0.747493
/Data/florian.guillaumey/val2/test/video_48543,8,0.773829
/Data/florian.guillaumey/val2/test/video_48546,17,0.200530
/Data/florian.guillaumey/val2/test/video_48557,3,0.401008
/Data/florian.guillaumey/val2/test/video_48571,14,0.336990
/Data/florian.guillaumey/val2/test/video_48576,5,0.591536
/Data/florian.guillaumey/val2/test/video_48616,3,0.834474
/Data/florian.guillaumey/val2/test/video_48683,2,0.640248
/Data/florian.guillaumey/val2/test/video_48719,3,0.531944
/Data/florian.guillaumey/val2/test/video_48729,10,0.688725
/Data/florian.guillaumey/val2/test/video_4873,17,0.572466
/Data/florian.guillaumey/val2/test/video_48804,7,0.305778
/Data/florian.guillaumey/val2/test/video_48834,7,0.625788
/Data/florian.guillaumey/val2/test/video_48925,14,0.371273
/Data/florian.guillaumey/val2/test/video_49011,10,0.191619
/Data/florian.guillaumey/val2/test/video_4905,29,0.922570
/Data/florian.guillaumey/val2/test/video_49067,6,0.812698
/Data/florian.guillaumey/val2/test/video_4915,7,0.890728
/Data/florian.guillaumey/val2/test/video_49218,22,0.729915
/Data/florian.guillaumey/val2/test/video_4928,19,0.552506
/Data/florian.guillaumey/val2/test/video_49296,30,0.383371
/Data/florian.guillaumey/val2/test/video_49328,23,0.873777
/Data/florian.guillaumey/val2/test/video_49361,30,0.695433
/Data/florian.guillaumey/val2/test/video_4950,7,0.902617
/Data/florian.guillaumey/val2/test/video_49512,11,0.297739
/Data/florian.guillaumey/val2/test/video_49513,5,0.894995
/Data/florian.guillaumey/val2/test/video_49531,3,0.682611
/Data/florian.guillaumey/val2/test/video_49535,28,0.605394
/Data/florian.guillaumey/val2/test/video_49575,3,0.426559
/Data/florian.guillaumey/val2/test/video_49618,10,0.622424
/Data/florian.guillaumey/val2/test/video_49621,12,0.425335
/Data/florian.guillaumey/val2/test/video_49628,30,0.799071
/Data/florian.guillaumey/val2/test/video_49685,19,0.386596
/Data/florian.guillaumey/val2/test/video_49732,24,0.425497
/Data/florian.guillaumey/val2/test/video_49736,2,0.160228
/Data/florian.guillaumey/val2/test/video_498,4,0.583615
/Data/florian.guillaumey/val2/test/video_4988,4,0.296204
/Data/florian.guillaumey/val2/test/video_49928,12,0.862710
/Data/florian.guillaumey/val2/test/video_50049,5,0.508405
/Data/florian.guillaumey/val2/test/video_50057,28,0.830629
/Data/florian.guillaumey/val2/test/video_50058,24,0.248753
/Data/florian.guillaumey/val2/test/video_50060,9,0.352036
/Data/florian.guillaumey/val2/test/video_50062,14,0.828438
/Data/florian.guillaumey/val2/test/video_50101,3,0.797432
/Data/florian.guillaumey/val2/test/video_5011,7,0.842173
/Data/florian.guillaumey/val2/test/video_50119,10,0.831518
/Data/florian.guillaumey/val2/test/video_50130,3,0.906544
/Data/florian.guillaumey/val2/test/video_50145,23,0.726867
/Data/florian.guillaumey/val2/test/video_50161,4,0.381242
/Data/florian.guillaumey/val2/test/video_50176,31,0.719797
/Data/florian.guillaumey/val2/test/video_50209,10,0.463355
/Data/florian.guillaumey/val2/test/video_50248,10,0.547703
/Data/florian.guillaumey/val2/test/video_50255,30,0.446827
/Data/florian.guillaumey/val2/test/video_50287,10,0.690385
/Data/florian.guillaumey/val2/test/video_50314,5,0.544730
/Data/florian.guillaumey/val2/test/video_50357,0,0.901244
/Data/florian.guillaumey/val2/test/video_50407,29,0.806680
/Data/florian.guillaumey/val2/test/video_50442,6,0.765858
/Data/florian.guillaumey/val2/test/video_5061,14,0.897355
/Data/florian.guillaumey/val2/test/video_50611,1,0.634486
/Data/florian.guillaumey/val2/test/video_50622,1,0.820863
/Data/florian.guillaumey/val2/test/video_50684,24,0.268339
/Data/florian.guillaumey/val2/test/video_50685,30,0.453316
/Data/florian.guillaumey/val2/test/video_50687,5,0.271285
/Data/florian.guillaumey/val2/test/video_50714,15,0.272067
/Data/florian.guillaumey/val2/test/video_50761,22,0.328673
/Data/florian.guillaumey/val2/test/video_50768,9,0.461853
/Data/florian.guillaumey/val2/test/video_50778,12,0.783842
/Data/florian.guillaumey/val2/test/video_50801,31,0.779193
/Data/florian.guillaumey/val2/test/video_50809,4,0.501356
/Data/florian.guillaumey/val2/test/video_50813,14,0.251481
/Data/florian.guillaumey/val2/test/video_50819,29,0.897174
/Data/florian.guillaumey/val2/test/video_50827,28,0.929450
/Data/florian.guillaumey/val2/test/video_50861,5,0.192023
/Data/florian.guillaumey/val2/test/video_50898,2,0.279608
/Data/florian.guillaumey/val2/test/video_50948,31,0.492331
/Data/florian.guillaumey/val2/test/video_50960,32,0.187256
/Data/florian.guillaumey/val2/test/video_50979,14,0.573157
/Data/florian.guillaumey/val2/test/video_51001,6,0.630148
/Data/florian.guillaumey/val2/test/video_51006,23,0.313742
/Data/florian.guillaumey/val2/test/video_51086,0,0.451187
/Data/florian.guillaumey/val2/test/video_51154,14,0.499129
/Data/florian.guillaumey/val2/test/video_51161,31,0.446462
/Data/florian.guillaumey/val2/test/video_51182,1,0.707408
/Data/florian.guillaumey/val2/test/video_51235,10,0.254162
/Data/florian.guillaumey/val2/test/video_51293,8,0.220345
/Data/florian.guillaumey/val2/test/video_51326,14,0.538225
/Data/florian.guillaumey/val2/test/video_51341,30,0.285565
/Data/florian.guillaumey/val2/test/video_51344,4,0.340511
/Data/florian.guillaumey/val2/test/video_51377,6,0.757060
/Data/florian.guillaumey/val2/test/video_51447,2,0.798849
/Data/florian.guillaumey/val2/test/video_51471,8,0.874743
/Data/florian.guillaumey/val2/test/video_51603,2,0.454284
/Data/florian.guillaumey/val2/test/video_51612,14,0.825585
/Data/florian.guillaumey/val2/test/video_51643,29,0.554928
/Data/florian.guillaumey/val2/test/video_51665,6,0.741972
/Data/florian.guillaumey/val2/test/video_51667,5,0.530257
/Data/florian.guillaumey/val2/test/video_51680,14,0.381685
/Data/florian.guillaumey/val2/test/video_51699,5,0.362402
/Data/florian.guillaumey/val2/test/video_51735,1,0.601409
/Data/florian.guillaumey/val2/test/video_51827,5,0.361259
/Data/florian.guillaumey/val2/test/video_51840,5,0.718506
/Data/florian.guillaumey/val2/test/video_5185,10,0.189781
/Data/florian.guillaumey/val2/test/video_51878,10,0.165671
/Data/florian.guillaumey/val2/test/video_51887,24,0.345252
/Data/florian.guillaumey/val2/test/video_51894,1,0.864482
/Data/florian.guillaumey/val2/test/video_51964,18,0.768489
/Data/florian.guillaumey/val2/test/video_51980,28,0.547084
/Data/florian.guillaumey/val2/test/video_51987,13,0.785756
/Data/florian.guillaumey/val2/test/video_52006,19,0.488619
/Data/florian.guillaumey/val2/test/video_52011,4,0.404643
/Data/florian.guillaumey/val2/test/video_52012,4,0.219630
/Data/florian.guillaumey/val2/test/video_52021,15,0.326206
/Data/florian.guillaumey/val2/test/video_52030,14,0.740645
/Data/florian.guillaumey/val2/test/video_52033,9,0.514967
/Data/florian.guillaumey/val2/test/video_5204,13,0.846703
/Data/florian.guillaumey/val2/test/video_52045,23,0.528106
/Data/florian.guillaumey/val2/test/video_52110,23,0.522845
/Data/florian.guillaumey/val2/test/video_52116,30,0.203084
/Data/florian.guillaumey/val2/test/video_52123,6,0.652233
/Data/florian.guillaumey/val2/test/video_52126,24,0.822548
/Data/florian.guillaumey/val2/test/video_52177,10,0.246341
/Data/florian.guillaumey/val2/test/video_52227,12,0.943938
/Data/florian.guillaumey/val2/test/video_52282,11,0.615945
/Data/florian.guillaumey/val2/test/video_52291,30,0.855471
/Data/florian.guillaumey/val2/test/video_52389,10,0.794213
/Data/florian.guillaumey/val2/test/video_52429,0,0.852730
/Data/florian.guillaumey/val2/test/video_52434,23,0.806149
/Data/florian.guillaumey/val2/test/video_52459,21,0.892460
/Data/florian.guillaumey/val2/test/video_52471,1,0.780609
/Data/florian.guillaumey/val2/test/video_52473,22,0.259052
/Data/florian.guillaumey/val2/test/video_52476,18,0.434883
/Data/florian.guillaumey/val2/test/video_52588,2,0.870018
/Data/florian.guillaumey/val2/test/video_5274,24,0.477587
/Data/florian.guillaumey/val2/test/video_5290,23,0.860029
/Data/florian.guillaumey/val2/test/video_52959,18,0.595831
/Data/florian.guillaumey/val2/test/video_52964,17,0.413947
/Data/florian.guillaumey/val2/test/video_52988,14,0.216351
/Data/florian.guillaumey/val2/test/video_53118,17,0.507041
/Data/florian.guillaumey/val2/test/video_5312,31,0.344120
/Data/florian.guillaumey/val2/test/video_53228,12,0.899167
/Data/florian.guillaumey/val2/test/video_53265,17,0.355914
/Data/florian.guillaumey/val2/test/video_5329,32,0.649098
/Data/florian.guillaumey/val2/test/video_5332,30,0.327632
/Data/florian.guillaumey/val2/test/video_53328,1,0.239852
/Data/florian.guillaumey/val2/test/video_53383,8,0.423668
/Data/florian.guillaumey/val2/test/video_53389,28,0.846231
/Data/florian.guillaumey/val2/test/video_53400,10,0.737447
/Data/florian.guillaumey/val2/test/video_53428,12,0.883977
/Data/florian.guillaumey/val2/test/video_53439,22,0.573846
/Data/florian.guillaumey/val2/test/video_53449,6,0.492211
/Data/florian.guillaumey/val2/test/video_53450,2,0.872897
/Data/florian.guillaumey/val2/test/video_53486,3,0.717059
/Data/florian.guillaumey/val2/test/video_53513,14,0.289065
/Data/florian.guillaumey/val2/test/video_53516,4,0.340959
/Data/florian.guillaumey/val2/test/video_53517,3,0.796135
/Data/florian.guillaumey/val2/test/video_53563,19,0.471275
/Data/florian.guillaumey/val2/test/video_5359,28,0.685699
/Data/florian.guillaumey/val2/test/video_53632,2,0.328588
/Data/florian.guillaumey/val2/test/video_53669,3,0.230752
/Data/florian.guillaumey/val2/test/video_53704,1,0.843955
/Data/florian.guillaumey/val2/test/video_53732,12,0.705482
/Data/florian.guillaumey/val2/test/video_53767,3,0.781928
/Data/florian.guillaumey/val2/test/video_53831,12,0.699942
/Data/florian.guillaumey/val2/test/video_5386,6,0.692418
/Data/florian.guillaumey/val2/test/video_53876,30,0.216676
/Data/florian.guillaumey/val2/test/video_53892,18,0.557651
/Data/florian.guillaumey/val2/test/video_53894,5,0.356411
/Data/florian.guillaumey/val2/test/video_53910,0,0.912513
/Data/florian.guillaumey/val2/test/video_53914,8,0.235203
/Data/florian.guillaumey/val2/test/video_53991,4,0.853234
/Data/florian.guillaumey/val2/test/video_54035,16,0.321910
/Data/florian.guillaumey/val2/test/video_54055,21,0.832044
/Data/florian.guillaumey/val2/test/video_54151,8,0.861828
/Data/florian.guillaumey/val2/test/video_5418,17,0.260536
/Data/florian.guillaumey/val2/test/video_54197,29,0.479797
/Data/florian.guillaumey/val2/test/video_54255,9,0.842942
/Data/florian.guillaumey/val2/test/video_54317,28,0.580749
/Data/florian.guillaumey/val2/test/video_54345,4,0.630680
/Data/florian.guillaumey/val2/test/video_54369,28,0.562578
/Data/florian.guillaumey/val2/test/video_54381,29,0.407543
/Data/florian.guillaumey/val2/test/video_54395,1,0.889673
/Data/florian.guillaumey/val2/test/video_54408,22,0.313987
/Data/florian.guillaumey/val2/test/video_54411,1,0.724148
/Data/florian.guillaumey/val2/test/video_54448,23,0.195609
/Data/florian.guillaumey/val2/test/video_54498,14,0.517189
/Data/florian.guillaumey/val2/test/video_54532,17,0.358092
/Data/florian.guillaumey/val2/test/video_54760,30,0.768089
/Data/florian.guillaumey/val2/test/video_54774,10,0.475700
/Data/florian.guillaumey/val2/test/video_54902,12,0.549594
/Data/florian.guillaumey/val2/test/video_54910,0,0.615968
/Data/florian.guillaumey/val2/test/video_54927,6,0.640935
/Data/florian.guillaumey/val2/test/video_54948,12,0.779767
/Data/florian.guillaumey/val2/test/video_5496,22,0.225479
/Data/florian.guillaumey/val2/test/video_550,14,0.470338
/Data/florian.guillaumey/val2/test/video_55005,7,0.753371
/Data/florian.guillaumey/val2/test/video_55021,1,0.873071
/Data/florian.guillaumey/val2/test/video_5506,4,0.941901
/Data/florian.guillaumey/val2/test/video_55215,4,0.260587
/Data/florian.guillaumey/val2/test/video_55223,5,0.857182
/Data/florian.guillaumey/val2/test/video_55237,13,0.612588
/Data/florian.guillaumey/val2/test/video_55249,30,0.642799
/Data/florian.guillaumey/val2/test/video_55277,22,0.179365
/Data/florian.guillaumey/val2/test/video_55279,3,0.898497
/Data/florian.guillaumey/val2/test/video_55298,4,0.579782
/Data/florian.guillaumey/val2/test/video_55312,7,0.796784
/Data/florian.guillaumey/val2/test/video_55324,8,0.910903
/Data/florian.guillaumey/val2/test/video_55327,22,0.725357
/Data/florian.guillaumey/val2/test/video_55344,2,0.237832
/Data/florian.guillaumey/val2/test/video_55514,24,0.161338
/Data/florian.guillaumey/val2/test/video_55517,16,0.267318
/Data/florian.guillaumey/val2/test/video_55547,5,0.121064
/Data/florian.guillaumey/val2/test/video_5557,21,0.825411
/Data/florian.guillaumey/val2/test/video_55593,15,0.751926
/Data/florian.guillaumey/val2/test/video_55630,4,0.514944
/Data/florian.guillaumey/val2/test/video_55692,5,0.452579
/Data/florian.guillaumey/val2/test/video_55746,20,0.641626
/Data/florian.guillaumey/val2/test/video_55751,2,0.377527
/Data/florian.guillaumey/val2/test/video_55772,24,0.317310
/Data/florian.guillaumey/val2/test/video_55785,9,0.472257
/Data/florian.guillaumey/val2/test/video_55816,9,0.829296
/Data/florian.guillaumey/val2/test/video_55822,2,0.903476
/Data/florian.guillaumey/val2/test/video_5583,4,0.496906
/Data/florian.guillaumey/val2/test/video_55830,28,0.407335
/Data/florian.guillaumey/val2/test/video_5584,16,0.502612
/Data/florian.guillaumey/val2/test/video_55843,24,0.808233
/Data/florian.guillaumey/val2/test/video_55845,1,0.248164
/Data/florian.guillaumey/val2/test/video_55853,14,0.812114
/Data/florian.guillaumey/val2/test/video_5586,23,0.518416
/Data/florian.guillaumey/val2/test/video_55876,32,0.868211
/Data/florian.guillaumey/val2/test/video_55887,4,0.289718
/Data/florian.guillaumey/val2/test/video_55892,5,0.433925
/Data/florian.guillaumey/val2/test/video_5592,24,0.824164
/Data/florian.guillaumey/val2/test/video_56009,8,0.673422
/Data/florian.guillaumey/val2/test/video_5601,3,0.874851
/Data/florian.guillaumey/val2/test/video_56016,18,0.133425
/Data/florian.guillaumey/val2/test/video_5607,16,0.523439
/Data/florian.guillaumey/val2/test/video_56082,32,0.336548
/Data/florian.guillaumey/val2/test/video_56096,3,0.253998
/Data/florian.guillaumey/val2/test/video_56139,14,0.325844
/Data/florian.guillaumey/val2/test/video_56153,23,0.783286
/Data/florian.guillaumey/val2/test/video_56172,6,0.331025
/Data/florian.guillaumey/val2/test/video_56174,12,0.670012
/Data/florian.guillaumey/val2/test/video_56176,20,0.874377
/Data/florian.guillaumey/val2/test/video_5619,9,0.342108
/Data/florian.guillaumey/val2/test/video_56198,0,0.697739
/Data/florian.guillaumey/val2/test/video_56209,26,0.832319
/Data/florian.guillaumey/val2/test/video_56217,3,0.870910
/Data/florian.guillaumey/val2/test/video_56218,32,0.767221
/Data/florian.guillaumey/val2/test/video_56242,9,0.445475
/Data/florian.guillaumey/val2/test/video_56246,16,0.616343
/Data/florian.guillaumey/val2/test/video_56253,4,0.824058
/Data/florian.guillaumey/val2/test/video_56338,28,0.784839
/Data/florian.guillaumey/val2/test/video_56358,30,0.831505
/Data/florian.guillaumey/val2/test/video_56365,11,0.639014
/Data/florian.guillaumey/val2/test/video_56375,14,0.317306
/Data/florian.guillaumey/val2/test/video_56377,5,0.911261
/Data/florian.guillaumey/val2/test/video_56390,22,0.367691
/Data/florian.guillaumey/val2/test/video_56416,4,0.163061
/Data/florian.guillaumey/val2/test/video_56448,7,0.355917
/Data/florian.guillaumey/val2/test/video_56450,24,0.259491
/Data/florian.guillaumey/val2/test/video_56459,10,0.453424
/Data/florian.guillaumey/val2/test/video_56460,12,0.508385
/Data/florian.guillaumey/val2/test/video_56474,22,0.536464
/Data/florian.guillaumey/val2/test/video_56556,6,0.361742
/Data/florian.guillaumey/val2/test/video_56574,16,0.768181
/Data/florian.guillaumey/val2/test/video_56600,7,0.227434
/Data/florian.guillaumey/val2/test/video_56662,6,0.701147
/Data/florian.guillaumey/val2/test/video_56665,17,0.389941
/Data/florian.guillaumey/val2/test/video_56745,24,0.280914
/Data/florian.guillaumey/val2/test/video_56746,6,0.608489
/Data/florian.guillaumey/val2/test/video_56753,10,0.226580
/Data/florian.guillaumey/val2/test/video_56756,12,0.837892
/Data/florian.guillaumey/val2/test/video_5683,16,0.213247
/Data/florian.guillaumey/val2/test/video_56878,4,0.201038
/Data/florian.guillaumey/val2/test/video_56921,28,0.295166
/Data/florian.guillaumey/val2/test/video_56998,14,0.271252
/Data/florian.guillaumey/val2/test/video_57008,32,0.278198
/Data/florian.guillaumey/val2/test/video_57058,9,0.804214
/Data/florian.guillaumey/val2/test/video_57064,3,0.909917
/Data/florian.guillaumey/val2/test/video_57101,28,0.250404
/Data/florian.guillaumey/val2/test/video_57117,32,0.884607
/Data/florian.guillaumey/val2/test/video_57166,18,0.497560
/Data/florian.guillaumey/val2/test/video_57168,4,0.901928
/Data/florian.guillaumey/val2/test/video_57171,4,0.884000
/Data/florian.guillaumey/val2/test/video_57187,30,0.253774
/Data/florian.guillaumey/val2/test/video_57253,9,0.896382
/Data/florian.guillaumey/val2/test/video_57275,5,0.588831
/Data/florian.guillaumey/val2/test/video_57308,13,0.566841
/Data/florian.guillaumey/val2/test/video_5731,29,0.222318
/Data/florian.guillaumey/val2/test/video_57349,12,0.695995
/Data/florian.guillaumey/val2/test/video_57361,5,0.158843
/Data/florian.guillaumey/val2/test/video_57376,16,0.749979
/Data/florian.guillaumey/val2/test/video_57416,31,0.848128
/Data/florian.guillaumey/val2/test/video_57422,30,0.740240
/Data/florian.guillaumey/val2/test/video_57443,0,0.299780
/Data/florian.guillaumey/val2/test/video_57538,31,0.379958
/Data/florian.guillaumey/val2/test/video_57568,30,0.868503
/Data/florian.guillaumey/val2/test/video_57584,0,0.335031
/Data/florian.guillaumey/val2/test/video_57591,10,0.768029
/Data/florian.guillaumey/val2/test/video_57616,31,0.529630
/Data/florian.guillaumey/val2/test/video_57623,1,0.672913
/Data/florian.guillaumey/val2/test/video_5763,18,0.396648
/Data/florian.guillaumey/val2/test/video_57632,10,0.290080
/Data/florian.guillaumey/val2/test/video_57648,2,0.235068
/Data/florian.guillaumey/val2/test/video_5768,1,0.347166
/Data/florian.guillaumey/val2/test/video_57700,31,0.274379
/Data/florian.guillaumey/val2/test/video_57769,4,0.184699
/Data/florian.guillaumey/val2/test/video_57789,17,0.589025
/Data/florian.guillaumey/val2/test/video_57817,16,0.532045
/Data/florian.guillaumey/val2/test/video_57839,7,0.608351
/Data/florian.guillaumey/val2/test/video_5784,31,0.440678
/Data/florian.guillaumey/val2/test/video_57893,12,0.802819
/Data/florian.guillaumey/val2/test/video_57954,31,0.496158
/Data/florian.guillaumey/val2/test/video_57968,0,0.679903
/Data/florian.guillaumey/val2/test/video_57987,12,0.463833
/Data/florian.guillaumey/val2/test/video_58087,14,0.801625
/Data/florian.guillaumey/val2/test/video_5809,7,0.825892
/Data/florian.guillaumey/val2/test/video_58103,22,0.398121
/Data/florian.guillaumey/val2/test/video_58117,31,0.279790
/Data/florian.guillaumey/val2/test/video_58153,20,0.422376
/Data/florian.guillaumey/val2/test/video_58219,10,0.281046
/Data/florian.guillaumey/val2/test/video_58318,19,0.704993
/Data/florian.guillaumey/val2/test/video_58333,5,0.852972
/Data/florian.guillaumey/val2/test/video_58334,0,0.199553
/Data/florian.guillaumey/val2/test/video_58364,30,0.373249
/Data/florian.guillaumey/val2/test/video_58421,10,0.253626
/Data/florian.guillaumey/val2/test/video_58454,15,0.787255
/Data/florian.guillaumey/val2/test/video_58516,5,0.813632
/Data/florian.guillaumey/val2/test/video_58518,3,0.420236
/Data/florian.guillaumey/val2/test/video_58529,3,0.901653
/Data/florian.guillaumey/val2/test/video_58534,31,0.379179
/Data/florian.guillaumey/val2/test/video_58670,10,0.420866
/Data/florian.guillaumey/val2/test/video_58701,9,0.884255
/Data/florian.guillaumey/val2/test/video_58719,14,0.203488
/Data/florian.guillaumey/val2/test/video_58731,23,0.866556
/Data/florian.guillaumey/val2/test/video_58743,1,0.849189
/Data/florian.guillaumey/val2/test/video_58746,30,0.253765
/Data/florian.guillaumey/val2/test/video_58798,29,0.392628
/Data/florian.guillaumey/val2/test/video_58799,4,0.188243
/Data/florian.guillaumey/val2/test/video_588,9,0.136970
/Data/florian.guillaumey/val2/test/video_58882,28,0.272794
/Data/florian.guillaumey/val2/test/video_58885,14,0.697019
/Data/florian.guillaumey/val2/test/video_58998,4,0.273033
/Data/florian.guillaumey/val2/test/video_59000,7,0.385974
/Data/florian.guillaumey/val2/test/video_59016,6,0.463096
/Data/florian.guillaumey/val2/test/video_59025,4,0.364585
/Data/florian.guillaumey/val2/test/video_59032,18,0.455440
/Data/florian.guillaumey/val2/test/video_59118,30,0.704180
/Data/florian.guillaumey/val2/test/video_59119,24,0.759209
/Data/florian.guillaumey/val2/test/video_59155,17,0.418275
/Data/florian.guillaumey/val2/test/video_59157,30,0.250154
/Data/florian.guillaumey/val2/test/video_5917,5,0.260321
/Data/florian.guillaumey/val2/test/video_59178,10,0.254494
/Data/florian.guillaumey/val2/test/video_59196,9,0.724309
/Data/florian.guillaumey/val2/test/video_59228,30,0.837361
/Data/florian.guillaumey/val2/test/video_59251,14,0.417543
/Data/florian.guillaumey/val2/test/video_59265,12,0.702538
/Data/florian.guillaumey/val2/test/video_59292,30,0.170621
/Data/florian.guillaumey/val2/test/video_59314,7,0.273406
/Data/florian.guillaumey/val2/test/video_59317,9,0.571244
/Data/florian.guillaumey/val2/test/video_59346,31,0.564737
/Data/florian.guillaumey/val2/test/video_59394,21,0.732157
/Data/florian.guillaumey/val2/test/video_59402,2,0.544577
/Data/florian.guillaumey/val2/test/video_59463,14,0.403487
/Data/florian.guillaumey/val2/test/video_59496,12,0.925360
/Data/florian.guillaumey/val2/test/video_59518,30,0.764407
/Data/florian.guillaumey/val2/test/video_59519,12,0.725223
/Data/florian.guillaumey/val2/test/video_59561,24,0.433604
/Data/florian.guillaumey/val2/test/video_596,2,0.254538
/Data/florian.guillaumey/val2/test/video_59604,3,0.758075
/Data/florian.guillaumey/val2/test/video_59608,13,0.629590
/Data/florian.guillaumey/val2/test/video_59609,10,0.278041
/Data/florian.guillaumey/val2/test/video_59653,1,0.657659
/Data/florian.guillaumey/val2/test/video_59677,5,0.719792
/Data/florian.guillaumey/val2/test/video_59747,21,0.646896
/Data/florian.guillaumey/val2/test/video_59877,24,0.662417
/Data/florian.guillaumey/val2/test/video_59914,10,0.347282
/Data/florian.guillaumey/val2/test/video_59928,10,0.762086
/Data/florian.guillaumey/val2/test/video_59963,12,0.472636
/Data/florian.guillaumey/val2/test/video_59980,9,0.677616
/Data/florian.guillaumey/val2/test/video_59997,2,0.672477
/Data/florian.guillaumey/val2/test/video_60054,12,0.391257
/Data/florian.guillaumey/val2/test/video_60061,24,0.657120
/Data/florian.guillaumey/val2/test/video_60080,18,0.694545
/Data/florian.guillaumey/val2/test/video_60146,14,0.662899
/Data/florian.guillaumey/val2/test/video_60161,23,0.291428
/Data/florian.guillaumey/val2/test/video_60190,28,0.160821
/Data/florian.guillaumey/val2/test/video_60211,23,0.765570
/Data/florian.guillaumey/val2/test/video_6027,29,0.845472
/Data/florian.guillaumey/val2/test/video_60319,14,0.647965
/Data/florian.guillaumey/val2/test/video_60369,14,0.246345
/Data/florian.guillaumey/val2/test/video_60390,30,0.685030
/Data/florian.guillaumey/val2/test/video_604,1,0.914004
/Data/florian.guillaumey/val2/test/video_60405,4,0.853420
/Data/florian.guillaumey/val2/test/video_60427,13,0.784212
/Data/florian.guillaumey/val2/test/video_60429,6,0.407725
/Data/florian.guillaumey/val2/test/video_607,1,0.784317
/Data/florian.guillaumey/val2/test/video_60773,22,0.274343
/Data/florian.guillaumey/val2/test/video_60783,5,0.853511
/Data/florian.guillaumey/val2/test/video_60840,2,0.484533
/Data/florian.guillaumey/val2/test/video_60858,17,0.513087
/Data/florian.guillaumey/val2/test/video_60876,22,0.449556
/Data/florian.guillaumey/val2/test/video_60926,4,0.581357
/Data/florian.guillaumey/val2/test/video_61026,1,0.841973
/Data/florian.guillaumey/val2/test/video_61035,6,0.604601
/Data/florian.guillaumey/val2/test/video_61048,4,0.358019
/Data/florian.guillaumey/val2/test/video_61049,22,0.594057
/Data/florian.guillaumey/val2/test/video_61066,14,0.632430
/Data/florian.guillaumey/val2/test/video_61100,17,0.860394
/Data/florian.guillaumey/val2/test/video_61120,3,0.842310
/Data/florian.guillaumey/val2/test/video_61161,24,0.248516
/Data/florian.guillaumey/val2/test/video_61197,4,0.164706
/Data/florian.guillaumey/val2/test/video_61200,5,0.666987
/Data/florian.guillaumey/val2/test/video_61209,22,0.765078
/Data/florian.guillaumey/val2/test/video_61249,0,0.875786
/Data/florian.guillaumey/val2/test/video_61280,7,0.524304
/Data/florian.guillaumey/val2/test/video_61302,7,0.863655
/Data/florian.guillaumey/val2/test/video_61332,14,0.323866
/Data/florian.guillaumey/val2/test/video_61340,1,0.632128
/Data/florian.guillaumey/val2/test/video_61350,21,0.407159
/Data/florian.guillaumey/val2/test/video_61368,5,0.858209
/Data/florian.guillaumey/val2/test/video_61376,12,0.381700
/Data/florian.guillaumey/val2/test/video_61432,3,0.250269
/Data/florian.guillaumey/val2/test/video_61555,21,0.914964
/Data/florian.guillaumey/val2/test/video_61556,14,0.458382
/Data/florian.guillaumey/val2/test/video_61571,5,0.421346
/Data/florian.guillaumey/val2/test/video_6158,16,0.907864
/Data/florian.guillaumey/val2/test/video_61581,28,0.366016
/Data/florian.guillaumey/val2/test/video_61582,12,0.829917
/Data/florian.guillaumey/val2/test/video_6160,14,0.614227
/Data/florian.guillaumey/val2/test/video_61663,13,0.464818
/Data/florian.guillaumey/val2/test/video_61689,2,0.904619
/Data/florian.guillaumey/val2/test/video_61732,7,0.657307
/Data/florian.guillaumey/val2/test/video_61793,10,0.459545
/Data/florian.guillaumey/val2/test/video_61848,12,0.916362
/Data/florian.guillaumey/val2/test/video_61872,5,0.920898
/Data/florian.guillaumey/val2/test/video_61971,1,0.876789
/Data/florian.guillaumey/val2/test/video_62014,12,0.702861
/Data/florian.guillaumey/val2/test/video_62020,14,0.385828
/Data/florian.guillaumey/val2/test/video_62034,15,0.459019
/Data/florian.guillaumey/val2/test/video_6204,19,0.418983
/Data/florian.guillaumey/val2/test/video_62040,16,0.163563
/Data/florian.guillaumey/val2/test/video_62046,1,0.248062
/Data/florian.guillaumey/val2/test/video_62139,8,0.745097
/Data/florian.guillaumey/val2/test/video_62172,3,0.804170
/Data/florian.guillaumey/val2/test/video_62342,29,0.583111
/Data/florian.guillaumey/val2/test/video_6235,3,0.310480
/Data/florian.guillaumey/val2/test/video_62363,0,0.442924
/Data/florian.guillaumey/val2/test/video_62390,31,0.840606
/Data/florian.guillaumey/val2/test/video_62400,30,0.833321
/Data/florian.guillaumey/val2/test/video_62405,29,0.831850
/Data/florian.guillaumey/val2/test/video_6250,14,0.839559
/Data/florian.guillaumey/val2/test/video_62520,17,0.216991
/Data/florian.guillaumey/val2/test/video_62574,12,0.878336
/Data/florian.guillaumey/val2/test/video_62585,1,0.843790
/Data/florian.guillaumey/val2/test/video_62635,3,0.882553
/Data/florian.guillaumey/val2/test/video_62749,7,0.845380
/Data/florian.guillaumey/val2/test/video_62847,24,0.585834
/Data/florian.guillaumey/val2/test/video_62851,23,0.795114
/Data/florian.guillaumey/val2/test/video_62876,12,0.718603
/Data/florian.guillaumey/val2/test/video_6289,14,0.408581
/Data/florian.guillaumey/val2/test/video_62917,0,0.871339
/Data/florian.guillaumey/val2/test/video_62975,14,0.302998
/Data/florian.guillaumey/val2/test/video_62988,3,0.745285
/Data/florian.guillaumey/val2/test/video_62997,2,0.497422
/Data/florian.guillaumey/val2/test/video_63028,1,0.473337
/Data/florian.guillaumey/val2/test/video_63052,7,0.171622
/Data/florian.guillaumey/val2/test/video_63066,17,0.357037
/Data/florian.guillaumey/val2/test/video_63074,25,0.193641
/Data/florian.guillaumey/val2/test/video_63075,15,0.672907
/Data/florian.guillaumey/val2/test/video_63079,4,0.367046
/Data/florian.guillaumey/val2/test/video_63144,3,0.701256
/Data/florian.guillaumey/val2/test/video_63149,24,0.399805
/Data/florian.guillaumey/val2/test/video_63169,3,0.436127
/Data/florian.guillaumey/val2/test/video_6324,9,0.397757
/Data/florian.guillaumey/val2/test/video_63329,32,0.856786
/Data/florian.guillaumey/val2/test/video_63339,28,0.351520
/Data/florian.guillaumey/val2/test/video_63505,6,0.730582
/Data/florian.guillaumey/val2/test/video_63507,32,0.518891
/Data/florian.guillaumey/val2/test/video_63511,31,0.729444
/Data/florian.guillaumey/val2/test/video_63513,4,0.579509
/Data/florian.guillaumey/val2/test/video_63574,13,0.603150
/Data/florian.guillaumey/val2/test/video_63576,18,0.568458
/Data/florian.guillaumey/val2/test/video_63583,6,0.842818
/Data/florian.guillaumey/val2/test/video_63592,8,0.728714
/Data/florian.guillaumey/val2/test/video_63601,12,0.647530
/Data/florian.guillaumey/val2/test/video_63602,4,0.431227
/Data/florian.guillaumey/val2/test/video_63603,30,0.302663
/Data/florian.guillaumey/val2/test/video_63627,1,0.859024
/Data/florian.guillaumey/val2/test/video_63649,2,0.328291
/Data/florian.guillaumey/val2/test/video_63690,31,0.271982
/Data/florian.guillaumey/val2/test/video_63701,14,0.507311
/Data/florian.guillaumey/val2/test/video_6372,14,0.344871
/Data/florian.guillaumey/val2/test/video_63727,4,0.338713
/Data/florian.guillaumey/val2/test/video_63748,8,0.598639
/Data/florian.guillaumey/val2/test/video_63768,30,0.369088
/Data/florian.guillaumey/val2/test/video_63799,22,0.718570
/Data/florian.guillaumey/val2/test/video_63835,12,0.692862
/Data/florian.guillaumey/val2/test/video_63845,28,0.156761
/Data/florian.guillaumey/val2/test/video_63856,23,0.237519
/Data/florian.guillaumey/val2/test/video_63865,30,0.698535
/Data/florian.guillaumey/val2/test/video_63868,30,0.442420
/Data/florian.guillaumey/val2/test/video_63958,3,0.814927
/Data/florian.guillaumey/val2/test/video_63968,4,0.350754
/Data/florian.guillaumey/val2/test/video_63994,30,0.238057
/Data/florian.guillaumey/val2/test/video_64000,10,0.372388
/Data/florian.guillaumey/val2/test/video_64004,29,0.259245
/Data/florian.guillaumey/val2/test/video_64010,1,0.626748
/Data/florian.guillaumey/val2/test/video_64093,3,0.897408
/Data/florian.guillaumey/val2/test/video_64183,10,0.610246
/Data/florian.guillaumey/val2/test/video_64200,12,0.489326
/Data/florian.guillaumey/val2/test/video_64242,7,0.378204
/Data/florian.guillaumey/val2/test/video_64247,1,0.648104
/Data/florian.guillaumey/val2/test/video_64275,4,0.514853
/Data/florian.guillaumey/val2/test/video_64283,22,0.925380
/Data/florian.guillaumey/val2/test/video_64318,5,0.699900
/Data/florian.guillaumey/val2/test/video_64354,30,0.841150
/Data/florian.guillaumey/val2/test/video_64364,14,0.382571
/Data/florian.guillaumey/val2/test/video_64468,5,0.897570
/Data/florian.guillaumey/val2/test/video_64536,3,0.241286
/Data/florian.guillaumey/val2/test/video_64579,8,0.884836
/Data/florian.guillaumey/val2/test/video_64653,23,0.498347
/Data/florian.guillaumey/val2/test/video_64659,30,0.423226
/Data/florian.guillaumey/val2/test/video_64670,18,0.441179
/Data/florian.guillaumey/val2/test/video_64676,24,0.867674
/Data/florian.guillaumey/val2/test/video_64698,32,0.294938
/Data/florian.guillaumey/val2/test/video_64772,12,0.641556
/Data/florian.guillaumey/val2/test/video_64782,13,0.853482
/Data/florian.guillaumey/val2/test/video_64844,12,0.813167
/Data/florian.guillaumey/val2/test/video_64866,15,0.915107
/Data/florian.guillaumey/val2/test/video_6487,28,0.470173
/Data/florian.guillaumey/val2/test/video_64891,0,0.572401
/Data/florian.guillaumey/val2/test/video_64896,18,0.383252
/Data/florian.guillaumey/val2/test/video_64936,30,0.704450
/Data/florian.guillaumey/val2/test/video_64939,12,0.793231
/Data/florian.guillaumey/val2/test/video_64946,31,0.574189
/Data/florian.guillaumey/val2/test/video_64954,5,0.365911
/Data/florian.guillaumey/val2/test/video_64984,7,0.876938
/Data/florian.guillaumey/val2/test/video_65057,8,0.889027
/Data/florian.guillaumey/val2/test/video_65079,3,0.412449
/Data/florian.guillaumey/val2/test/video_65103,20,0.134448
/Data/florian.guillaumey/val2/test/video_65136,5,0.203727
/Data/florian.guillaumey/val2/test/video_65190,0,0.890495
/Data/florian.guillaumey/val2/test/video_65236,5,0.220662
/Data/florian.guillaumey/val2/test/video_65242,14,0.221202
/Data/florian.guillaumey/val2/test/video_65243,6,0.808852
/Data/florian.guillaumey/val2/test/video_65246,10,0.809880
/Data/florian.guillaumey/val2/test/video_6528,30,0.567894
/Data/florian.guillaumey/val2/test/video_65288,23,0.446544
/Data/florian.guillaumey/val2/test/video_65305,17,0.283427
/Data/florian.guillaumey/val2/test/video_65332,31,0.359695
/Data/florian.guillaumey/val2/test/video_65353,3,0.856645
/Data/florian.guillaumey/val2/test/video_65392,16,0.299287
/Data/florian.guillaumey/val2/test/video_65427,12,0.802402
/Data/florian.guillaumey/val2/test/video_65438,8,0.939780
/Data/florian.guillaumey/val2/test/video_65447,32,0.375334
/Data/florian.guillaumey/val2/test/video_65451,28,0.605478
/Data/florian.guillaumey/val2/test/video_65452,14,0.438833
/Data/florian.guillaumey/val2/test/video_65474,9,0.582757
/Data/florian.guillaumey/val2/test/video_65528,14,0.242887
/Data/florian.guillaumey/val2/test/video_6558,29,0.330400
/Data/florian.guillaumey/val2/test/video_65587,31,0.256292
/Data/florian.guillaumey/val2/test/video_656,1,0.903923
/Data/florian.guillaumey/val2/test/video_65624,1,0.474892
/Data/florian.guillaumey/val2/test/video_65686,12,0.788508
/Data/florian.guillaumey/val2/test/video_65750,16,0.192505
/Data/florian.guillaumey/val2/test/video_65773,14,0.460426
/Data/florian.guillaumey/val2/test/video_65774,24,0.376334
/Data/florian.guillaumey/val2/test/video_65782,10,0.715556
/Data/florian.guillaumey/val2/test/video_65786,4,0.143019
/Data/florian.guillaumey/val2/test/video_65791,10,0.262366
/Data/florian.guillaumey/val2/test/video_65795,8,0.659084
/Data/florian.guillaumey/val2/test/video_65840,9,0.240181
/Data/florian.guillaumey/val2/test/video_65938,7,0.905676
/Data/florian.guillaumey/val2/test/video_6595,29,0.292106
/Data/florian.guillaumey/val2/test/video_66001,31,0.578617
/Data/florian.guillaumey/val2/test/video_66023,7,0.904367
/Data/florian.guillaumey/val2/test/video_66053,29,0.402544
/Data/florian.guillaumey/val2/test/video_66075,3,0.636028
/Data/florian.guillaumey/val2/test/video_66133,6,0.353367
/Data/florian.guillaumey/val2/test/video_66148,24,0.492576
/Data/florian.guillaumey/val2/test/video_6615,0,0.393522
/Data/florian.guillaumey/val2/test/video_66151,5,0.860492
/Data/florian.guillaumey/val2/test/video_66177,4,0.880284
/Data/florian.guillaumey/val2/test/video_66210,4,0.461431
/Data/florian.guillaumey/val2/test/video_66249,4,0.574773
/Data/florian.guillaumey/val2/test/video_66265,21,0.384111
/Data/florian.guillaumey/val2/test/video_66275,5,0.856037
/Data/florian.guillaumey/val2/test/video_66330,32,0.894804
/Data/florian.guillaumey/val2/test/video_66350,24,0.834074
/Data/florian.guillaumey/val2/test/video_66375,5,0.659431
/Data/florian.guillaumey/val2/test/video_66441,30,0.258890
/Data/florian.guillaumey/val2/test/video_66483,14,0.233884
/Data/florian.guillaumey/val2/test/video_66515,32,0.265640
/Data/florian.guillaumey/val2/test/video_66537,24,0.637733
/Data/florian.guillaumey/val2/test/video_66553,30,0.439966
/Data/florian.guillaumey/val2/test/video_66567,22,0.269083
/Data/florian.guillaumey/val2/test/video_66697,14,0.514268
/Data/florian.guillaumey/val2/test/video_66709,1,0.583178
/Data/florian.guillaumey/val2/test/video_66718,12,0.585580
/Data/florian.guillaumey/val2/test/video_6672,18,0.574889
/Data/florian.guillaumey/val2/test/video_66762,5,0.543389
/Data/florian.guillaumey/val2/test/video_66805,30,0.883375
/Data/florian.guillaumey/val2/test/video_66830,12,0.624876
/Data/florian.guillaumey/val2/test/video_66862,12,0.766430
/Data/florian.guillaumey/val2/test/video_66910,28,0.592698
/Data/florian.guillaumey/val2/test/video_66933,6,0.808284
/Data/florian.guillaumey/val2/test/video_66959,10,0.542810
/Data/florian.guillaumey/val2/test/video_66980,23,0.885038
/Data/florian.guillaumey/val2/test/video_66984,30,0.894287
/Data/florian.guillaumey/val2/test/video_67027,18,0.365189
/Data/florian.guillaumey/val2/test/video_67086,8,0.888417
/Data/florian.guillaumey/val2/test/video_67105,31,0.599292
/Data/florian.guillaumey/val2/test/video_67172,4,0.776102
/Data/florian.guillaumey/val2/test/video_67204,9,0.907631
/Data/florian.guillaumey/val2/test/video_67256,4,0.438765
/Data/florian.guillaumey/val2/test/video_67258,20,0.871367
/Data/florian.guillaumey/val2/test/video_6727,22,0.430508
/Data/florian.guillaumey/val2/test/video_67290,29,0.255163
/Data/florian.guillaumey/val2/test/video_67330,15,0.753787
/Data/florian.guillaumey/val2/test/video_67364,23,0.900069
/Data/florian.guillaumey/val2/test/video_67374,6,0.766218
/Data/florian.guillaumey/val2/test/video_67383,24,0.154047
/Data/florian.guillaumey/val2/test/video_67429,0,0.714747
/Data/florian.guillaumey/val2/test/video_67473,6,0.299833
/Data/florian.guillaumey/val2/test/video_67484,28,0.474212
/Data/florian.guillaumey/val2/test/video_67497,21,0.111045
/Data/florian.guillaumey/val2/test/video_675,18,0.201617
/Data/florian.guillaumey/val2/test/video_67509,17,0.845357
/Data/florian.guillaumey/val2/test/video_67518,16,0.649948
/Data/florian.guillaumey/val2/test/video_67568,9,0.856437
/Data/florian.guillaumey/val2/test/video_67614,12,0.600846
/Data/florian.guillaumey/val2/test/video_67625,17,0.579191
/Data/florian.guillaumey/val2/test/video_67686,31,0.769857
/Data/florian.guillaumey/val2/test/video_67690,8,0.512021
/Data/florian.guillaumey/val2/test/video_67701,20,0.850643
/Data/florian.guillaumey/val2/test/video_67705,23,0.896521
/Data/florian.guillaumey/val2/test/video_67713,20,0.144389
/Data/florian.guillaumey/val2/test/video_67731,31,0.773658
/Data/florian.guillaumey/val2/test/video_67765,30,0.222370
/Data/florian.guillaumey/val2/test/video_67773,9,0.443298
/Data/florian.guillaumey/val2/test/video_67803,5,0.144781
/Data/florian.guillaumey/val2/test/video_6783,18,0.310961
/Data/florian.guillaumey/val2/test/video_67857,24,0.640017
/Data/florian.guillaumey/val2/test/video_6786,20,0.839061
/Data/florian.guillaumey/val2/test/video_67861,30,0.647517
/Data/florian.guillaumey/val2/test/video_67892,28,0.566839
/Data/florian.guillaumey/val2/test/video_67998,3,0.876004
/Data/florian.guillaumey/val2/test/video_68002,2,0.422016
/Data/florian.guillaumey/val2/test/video_68018,3,0.362639
/Data/florian.guillaumey/val2/test/video_68052,12,0.678278
/Data/florian.guillaumey/val2/test/video_68055,20,0.408575
/Data/florian.guillaumey/val2/test/video_68092,11,0.186095
/Data/florian.guillaumey/val2/test/video_68104,8,0.861563
/Data/florian.guillaumey/val2/test/video_6811,1,0.312737
/Data/florian.guillaumey/val2/test/video_68113,6,0.629333
/Data/florian.guillaumey/val2/test/video_68141,14,0.804965
/Data/florian.guillaumey/val2/test/video_68190,16,0.292194
/Data/florian.guillaumey/val2/test/video_68286,14,0.418162
/Data/florian.guillaumey/val2/test/video_68320,22,0.323094
/Data/florian.guillaumey/val2/test/video_68337,31,0.880936
/Data/florian.guillaumey/val2/test/video_68347,7,0.207700
/Data/florian.guillaumey/val2/test/video_6843,4,0.496045
/Data/florian.guillaumey/val2/test/video_6850,4,0.440541
/Data/florian.guillaumey/val2/test/video_68532,3,0.481049
/Data/florian.guillaumey/val2/test/video_68535,5,0.869684
/Data/florian.guillaumey/val2/test/video_6859,3,0.405975
/Data/florian.guillaumey/val2/test/video_68590,20,0.468915
/Data/florian.guillaumey/val2/test/video_68596,4,0.325415
/Data/florian.guillaumey/val2/test/video_68603,7,0.405411
/Data/florian.guillaumey/val2/test/video_68651,14,0.771343
/Data/florian.guillaumey/val2/test/video_68675,15,0.238213
/Data/florian.guillaumey/val2/test/video_68813,11,0.455217
/Data/florian.guillaumey/val2/test/video_68875,12,0.517090
/Data/florian.guillaumey/val2/test/video_68998,30,0.889040
/Data/florian.guillaumey/val2/test/video_69014,1,0.873876
/Data/florian.guillaumey/val2/test/video_69017,5,0.736165
/Data/florian.guillaumey/val2/test/video_69030,6,0.625701
/Data/florian.guillaumey/val2/test/video_69100,31,0.206958
/Data/florian.guillaumey/val2/test/video_69124,17,0.300648
/Data/florian.guillaumey/val2/test/video_69134,3,0.605406
/Data/florian.guillaumey/val2/test/video_69200,7,0.720012
/Data/florian.guillaumey/val2/test/video_69278,13,0.630362
/Data/florian.guillaumey/val2/test/video_6931,22,0.252087
/Data/florian.guillaumey/val2/test/video_69341,5,0.378908
/Data/florian.guillaumey/val2/test/video_69343,14,0.506445
/Data/florian.guillaumey/val2/test/video_69382,16,0.650016
/Data/florian.guillaumey/val2/test/video_69447,7,0.879657
/Data/florian.guillaumey/val2/test/video_69509,31,0.479825
/Data/florian.guillaumey/val2/test/video_69511,1,0.713206
/Data/florian.guillaumey/val2/test/video_69540,16,0.764750
/Data/florian.guillaumey/val2/test/video_69549,6,0.741865
/Data/florian.guillaumey/val2/test/video_69576,17,0.523436
/Data/florian.guillaumey/val2/test/video_69585,29,0.571421
/Data/florian.guillaumey/val2/test/video_69588,4,0.702339
/Data/florian.guillaumey/val2/test/video_6963,1,0.880773
/Data/florian.guillaumey/val2/test/video_69632,24,0.304701
/Data/florian.guillaumey/val2/test/video_69640,28,0.577977
/Data/florian.guillaumey/val2/test/video_69651,10,0.886997
/Data/florian.guillaumey/val2/test/video_69658,24,0.580611
/Data/florian.guillaumey/val2/test/video_69670,32,0.234428
/Data/florian.guillaumey/val2/test/video_69684,23,0.340737
/Data/florian.guillaumey/val2/test/video_69691,3,0.430124
/Data/florian.guillaumey/val2/test/video_69724,29,0.709490
/Data/florian.guillaumey/val2/test/video_69738,9,0.711238
/Data/florian.guillaumey/val2/test/video_69764,29,0.174320
/Data/florian.guillaumey/val2/test/video_69788,29,0.895847
/Data/florian.guillaumey/val2/test/video_69842,6,0.877855
/Data/florian.guillaumey/val2/test/video_69855,4,0.876465
/Data/florian.guillaumey/val2/test/video_69922,30,0.323272
/Data/florian.guillaumey/val2/test/video_70012,12,0.716661
/Data/florian.guillaumey/val2/test/video_70035,3,0.799073
/Data/florian.guillaumey/val2/test/video_70109,9,0.531029
/Data/florian.guillaumey/val2/test/video_70113,31,0.498171
/Data/florian.guillaumey/val2/test/video_70152,30,0.285514
/Data/florian.guillaumey/val2/test/video_70182,12,0.627318
/Data/florian.guillaumey/val2/test/video_70197,24,0.511794
/Data/florian.guillaumey/val2/test/video_7022,4,0.248498
/Data/florian.guillaumey/val2/test/video_70224,6,0.907188
/Data/florian.guillaumey/val2/test/video_70237,3,0.611731
/Data/florian.guillaumey/val2/test/video_70293,10,0.411825
/Data/florian.guillaumey/val2/test/video_70295,12,0.800399
/Data/florian.guillaumey/val2/test/video_70319,0,0.310444
/Data/florian.guillaumey/val2/test/video_70322,12,0.837918
/Data/florian.guillaumey/val2/test/video_7033,7,0.795946
/Data/florian.guillaumey/val2/test/video_7035,10,0.656852
/Data/florian.guillaumey/val2/test/video_70353,6,0.629459
/Data/florian.guillaumey/val2/test/video_70399,7,0.815681
/Data/florian.guillaumey/val2/test/video_704,24,0.746485
/Data/florian.guillaumey/val2/test/video_70460,12,0.443785
/Data/florian.guillaumey/val2/test/video_70490,18,0.334876
/Data/florian.guillaumey/val2/test/video_70526,15,0.301892
/Data/florian.guillaumey/val2/test/video_70605,32,0.399455
/Data/florian.guillaumey/val2/test/video_70623,3,0.864786
/Data/florian.guillaumey/val2/test/video_70640,1,0.224239
/Data/florian.guillaumey/val2/test/video_70698,7,0.785410
/Data/florian.guillaumey/val2/test/video_70705,16,0.643980
/Data/florian.guillaumey/val2/test/video_7071,14,0.814370
/Data/florian.guillaumey/val2/test/video_70715,3,0.640947
/Data/florian.guillaumey/val2/test/video_70748,20,0.134191
/Data/florian.guillaumey/val2/test/video_70866,14,0.749283
/Data/florian.guillaumey/val2/test/video_70893,3,0.720634
/Data/florian.guillaumey/val2/test/video_70895,4,0.328718
/Data/florian.guillaumey/val2/test/video_70914,7,0.891124
/Data/florian.guillaumey/val2/test/video_70933,5,0.688739
/Data/florian.guillaumey/val2/test/video_70939,2,0.911520
/Data/florian.guillaumey/val2/test/video_70958,16,0.925252
/Data/florian.guillaumey/val2/test/video_7102,28,0.594687
/Data/florian.guillaumey/val2/test/video_71056,12,0.869407
/Data/florian.guillaumey/val2/test/video_71084,3,0.868841
/Data/florian.guillaumey/val2/test/video_71123,28,0.771398
/Data/florian.guillaumey/val2/test/video_7115,23,0.553421
/Data/florian.guillaumey/val2/test/video_71197,14,0.417248
/Data/florian.guillaumey/val2/test/video_71258,1,0.360994
/Data/florian.guillaumey/val2/test/video_71276,7,0.547514
/Data/florian.guillaumey/val2/test/video_71294,3,0.718945
/Data/florian.guillaumey/val2/test/video_71310,28,0.203891
/Data/florian.guillaumey/val2/test/video_71331,17,0.275769
/Data/florian.guillaumey/val2/test/video_71349,28,0.658203
/Data/florian.guillaumey/val2/test/video_71367,0,0.674838
/Data/florian.guillaumey/val2/test/video_71401,26,0.236163
/Data/florian.guillaumey/val2/test/video_71404,31,0.731163
/Data/florian.guillaumey/val2/test/video_7141,10,0.314173
/Data/florian.guillaumey/val2/test/video_71414,14,0.342854
/Data/florian.guillaumey/val2/test/video_71459,7,0.810194
/Data/florian.guillaumey/val2/test/video_71569,7,0.258302
/Data/florian.guillaumey/val2/test/video_71628,8,0.386919
/Data/florian.guillaumey/val2/test/video_71638,7,0.622940
/Data/florian.guillaumey/val2/test/video_71663,13,0.762811
/Data/florian.guillaumey/val2/test/video_71673,4,0.357722
/Data/florian.guillaumey/val2/test/video_71825,3,0.841036
/Data/florian.guillaumey/val2/test/video_71828,32,0.706618
/Data/florian.guillaumey/val2/test/video_71866,7,0.119097
/Data/florian.guillaumey/val2/test/video_71946,5,0.719901
/Data/florian.guillaumey/val2/test/video_72000,11,0.355735
/Data/florian.guillaumey/val2/test/video_72017,23,0.551466
/Data/florian.guillaumey/val2/test/video_72039,5,0.331997
/Data/florian.guillaumey/val2/test/video_72071,0,0.421362
/Data/florian.guillaumey/val2/test/video_72090,14,0.200917
/Data/florian.guillaumey/val2/test/video_72111,30,0.157780
/Data/florian.guillaumey/val2/test/video_72133,4,0.367754
/Data/florian.guillaumey/val2/test/video_72161,15,0.754992
/Data/florian.guillaumey/val2/test/video_72191,30,0.830455
/Data/florian.guillaumey/val2/test/video_7235,14,0.458107
/Data/florian.guillaumey/val2/test/video_72405,30,0.422915
/Data/florian.guillaumey/val2/test/video_72578,6,0.872269
/Data/florian.guillaumey/val2/test/video_72591,3,0.577457
/Data/florian.guillaumey/val2/test/video_72597,22,0.568689
/Data/florian.guillaumey/val2/test/video_72621,17,0.232492
/Data/florian.guillaumey/val2/test/video_72650,19,0.313878
/Data/florian.guillaumey/val2/test/video_72683,18,0.750536
/Data/florian.guillaumey/val2/test/video_72713,5,0.211551
/Data/florian.guillaumey/val2/test/video_72732,18,0.740750
/Data/florian.guillaumey/val2/test/video_72740,4,0.372779
/Data/florian.guillaumey/val2/test/video_72752,16,0.279540
/Data/florian.guillaumey/val2/test/video_72762,18,0.792579
/Data/florian.guillaumey/val2/test/video_72771,16,0.720753
/Data/florian.guillaumey/val2/test/video_72781,30,0.546487
/Data/florian.guillaumey/val2/test/video_72881,20,0.210970
/Data/florian.guillaumey/val2/test/video_72933,1,0.428558
/Data/florian.guillaumey/val2/test/video_7294,4,0.363185
/Data/florian.guillaumey/val2/test/video_72984,7,0.463675
/Data/florian.guillaumey/val2/test/video_730,14,0.147325
/Data/florian.guillaumey/val2/test/video_73004,3,0.843452
/Data/florian.guillaumey/val2/test/video_73013,24,0.878755
/Data/florian.guillaumey/val2/test/video_73015,18,0.574340
/Data/florian.guillaumey/val2/test/video_73041,14,0.582250
/Data/florian.guillaumey/val2/test/video_73050,3,0.667983
/Data/florian.guillaumey/val2/test/video_73077,23,0.725981
/Data/florian.guillaumey/val2/test/video_73079,15,0.569284
/Data/florian.guillaumey/val2/test/video_73084,24,0.347974
/Data/florian.guillaumey/val2/test/video_73162,8,0.888015
/Data/florian.guillaumey/val2/test/video_73178,14,0.589740
/Data/florian.guillaumey/val2/test/video_73203,4,0.562130
/Data/florian.guillaumey/val2/test/video_73230,12,0.350147
/Data/florian.guillaumey/val2/test/video_73251,14,0.342995
/Data/florian.guillaumey/val2/test/video_73254,6,0.346335
/Data/florian.guillaumey/val2/test/video_7328,10,0.806082
/Data/florian.guillaumey/val2/test/video_73280,7,0.705097
/Data/florian.guillaumey/val2/test/video_73304,9,0.483139
/Data/florian.guillaumey/val2/test/video_73389,6,0.913783
/Data/florian.guillaumey/val2/test/video_73400,28,0.323259
/Data/florian.guillaumey/val2/test/video_73443,6,0.784864
/Data/florian.guillaumey/val2/test/video_7346,2,0.617801
/Data/florian.guillaumey/val2/test/video_73533,6,0.754303
/Data/florian.guillaumey/val2/test/video_73562,3,0.856198
/Data/florian.guillaumey/val2/test/video_7357,18,0.339077
/Data/florian.guillaumey/val2/test/video_73614,12,0.563468
/Data/florian.guillaumey/val2/test/video_73626,3,0.823009
/Data/florian.guillaumey/val2/test/video_73645,31,0.301286
/Data/florian.guillaumey/val2/test/video_73648,7,0.881748
/Data/florian.guillaumey/val2/test/video_73659,5,0.528632
/Data/florian.guillaumey/val2/test/video_73694,12,0.198891
/Data/florian.guillaumey/val2/test/video_73704,10,0.635429
/Data/florian.guillaumey/val2/test/video_73731,22,0.396466
/Data/florian.guillaumey/val2/test/video_73748,9,0.723092
/Data/florian.guillaumey/val2/test/video_73768,6,0.886231
/Data/florian.guillaumey/val2/test/video_73772,8,0.854513
/Data/florian.guillaumey/val2/test/video_73783,18,0.387129
/Data/florian.guillaumey/val2/test/video_73910,16,0.631517
/Data/florian.guillaumey/val2/test/video_73956,1,0.476684
/Data/florian.guillaumey/val2/test/video_7397,28,0.142575
/Data/florian.guillaumey/val2/test/video_7400,19,0.643902
/Data/florian.guillaumey/val2/test/video_74011,6,0.723232
/Data/florian.guillaumey/val2/test/video_74030,2,0.203033
/Data/florian.guillaumey/val2/test/video_74040,29,0.696761
/Data/florian.guillaumey/val2/test/video_74043,22,0.761360
/Data/florian.guillaumey/val2/test/video_7409,5,0.678043
/Data/florian.guillaumey/val2/test/video_74093,15,0.747597
/Data/florian.guillaumey/val2/test/video_74159,3,0.852272
/Data/florian.guillaumey/val2/test/video_74161,23,0.877758
/Data/florian.guillaumey/val2/test/video_74174,7,0.801699
/Data/florian.guillaumey/val2/test/video_74212,5,0.296071
/Data/florian.guillaumey/val2/test/video_74215,18,0.429657
/Data/florian.guillaumey/val2/test/video_74223,30,0.611168
/Data/florian.guillaumey/val2/test/video_74244,14,0.749661
/Data/florian.guillaumey/val2/test/video_74361,12,0.615022
/Data/florian.guillaumey/val2/test/video_74368,28,0.423090
/Data/florian.guillaumey/val2/test/video_74373,19,0.518221
/Data/florian.guillaumey/val2/test/video_74410,28,0.730592
/Data/florian.guillaumey/val2/test/video_74417,0,0.902638
/Data/florian.guillaumey/val2/test/video_74490,16,0.227700
/Data/florian.guillaumey/val2/test/video_74501,9,0.343664
/Data/florian.guillaumey/val2/test/video_74502,22,0.380346
/Data/florian.guillaumey/val2/test/video_74553,6,0.889838
/Data/florian.guillaumey/val2/test/video_74597,7,0.637274
/Data/florian.guillaumey/val2/test/video_74609,1,0.900413
/Data/florian.guillaumey/val2/test/video_74622,2,0.288645
/Data/florian.guillaumey/val2/test/video_74646,4,0.284863
/Data/florian.guillaumey/val2/test/video_74677,23,0.679412
/Data/florian.guillaumey/val2/test/video_7468,24,0.431228
/Data/florian.guillaumey/val2/test/video_74693,6,0.861229
/Data/florian.guillaumey/val2/test/video_74700,3,0.886271
/Data/florian.guillaumey/val2/test/video_74722,28,0.507636
/Data/florian.guillaumey/val2/test/video_74780,5,0.260378
/Data/florian.guillaumey/val2/test/video_74781,19,0.568136
/Data/florian.guillaumey/val2/test/video_74784,10,0.671517
/Data/florian.guillaumey/val2/test/video_74806,24,0.763264
/Data/florian.guillaumey/val2/test/video_74867,14,0.607554
/Data/florian.guillaumey/val2/test/video_74903,4,0.753364
/Data/florian.guillaumey/val2/test/video_74958,4,0.590549
/Data/florian.guillaumey/val2/test/video_74974,24,0.857488
/Data/florian.guillaumey/val2/test/video_75041,12,0.464906
/Data/florian.guillaumey/val2/test/video_75059,5,0.778619
/Data/florian.guillaumey/val2/test/video_75070,6,0.887030
/Data/florian.guillaumey/val2/test/video_7511,29,0.577763
/Data/florian.guillaumey/val2/test/video_75128,11,0.324456
/Data/florian.guillaumey/val2/test/video_75133,30,0.492842
/Data/florian.guillaumey/val2/test/video_75144,23,0.170985
/Data/florian.guillaumey/val2/test/video_75182,23,0.394179
/Data/florian.guillaumey/val2/test/video_75222,24,0.366727
/Data/florian.guillaumey/val2/test/video_7524,20,0.193944
/Data/florian.guillaumey/val2/test/video_75286,19,0.683549
/Data/florian.guillaumey/val2/test/video_75300,3,0.873631
/Data/florian.guillaumey/val2/test/video_75329,31,0.814241
/Data/florian.guillaumey/val2/test/video_75363,18,0.186622
/Data/florian.guillaumey/val2/test/video_75365,3,0.374878
/Data/florian.guillaumey/val2/test/video_75406,31,0.847726
/Data/florian.guillaumey/val2/test/video_75427,24,0.393187
/Data/florian.guillaumey/val2/test/video_75448,12,0.826162
/Data/florian.guillaumey/val2/test/video_75507,4,0.136898
/Data/florian.guillaumey/val2/test/video_75534,13,0.218821
/Data/florian.guillaumey/val2/test/video_75616,13,0.631333
/Data/florian.guillaumey/val2/test/video_75694,31,0.696328
/Data/florian.guillaumey/val2/test/video_75711,12,0.660553
/Data/florian.guillaumey/val2/test/video_75726,21,0.489017
/Data/florian.guillaumey/val2/test/video_75729,28,0.333997
/Data/florian.guillaumey/val2/test/video_75765,10,0.648402
/Data/florian.guillaumey/val2/test/video_75799,8,0.713262
/Data/florian.guillaumey/val2/test/video_75813,16,0.892751
/Data/florian.guillaumey/val2/test/video_75853,8,0.893962
/Data/florian.guillaumey/val2/test/video_75862,0,0.562927
/Data/florian.guillaumey/val2/test/video_75956,30,0.499721
/Data/florian.guillaumey/val2/test/video_75968,28,0.292273
/Data/florian.guillaumey/val2/test/video_76001,14,0.801344
/Data/florian.guillaumey/val2/test/video_76018,14,0.252235
/Data/florian.guillaumey/val2/test/video_76052,12,0.833005
/Data/florian.guillaumey/val2/test/video_76067,0,0.292210
/Data/florian.guillaumey/val2/test/video_76085,29,0.911621
/Data/florian.guillaumey/val2/test/video_76092,30,0.895531
/Data/florian.guillaumey/val2/test/video_76205,23,0.457539
/Data/florian.guillaumey/val2/test/video_76236,7,0.889546
/Data/florian.guillaumey/val2/test/video_76248,17,0.817348
/Data/florian.guillaumey/val2/test/video_76251,29,0.581764
/Data/florian.guillaumey/val2/test/video_76279,9,0.656878
/Data/florian.guillaumey/val2/test/video_76348,16,0.762381
/Data/florian.guillaumey/val2/test/video_76350,31,0.756092
/Data/florian.guillaumey/val2/test/video_7641,5,0.552773
/Data/florian.guillaumey/val2/test/video_76481,23,0.828058
/Data/florian.guillaumey/val2/test/video_76486,10,0.642852
/Data/florian.guillaumey/val2/test/video_76539,28,0.176625
/Data/florian.guillaumey/val2/test/video_7656,1,0.232927
/Data/florian.guillaumey/val2/test/video_76586,9,0.756770
/Data/florian.guillaumey/val2/test/video_7666,6,0.908711
/Data/florian.guillaumey/val2/test/video_76674,12,0.898696
/Data/florian.guillaumey/val2/test/video_76717,1,0.823605
/Data/florian.guillaumey/val2/test/video_76778,31,0.258338
/Data/florian.guillaumey/val2/test/video_76783,3,0.841873
/Data/florian.guillaumey/val2/test/video_76826,30,0.865845
/Data/florian.guillaumey/val2/test/video_7684,30,0.543291
/Data/florian.guillaumey/val2/test/video_76898,7,0.907890
/Data/florian.guillaumey/val2/test/video_76909,3,0.895113
/Data/florian.guillaumey/val2/test/video_76927,30,0.484581
/Data/florian.guillaumey/val2/test/video_76947,14,0.341089
/Data/florian.guillaumey/val2/test/video_76958,1,0.867887
/Data/florian.guillaumey/val2/test/video_76960,30,0.923948
/Data/florian.guillaumey/val2/test/video_76997,20,0.290362
/Data/florian.guillaumey/val2/test/video_77034,10,0.724072
/Data/florian.guillaumey/val2/test/video_77040,5,0.164845
/Data/florian.guillaumey/val2/test/video_77102,5,0.871163
/Data/florian.guillaumey/val2/test/video_77156,23,0.608189
/Data/florian.guillaumey/val2/test/video_77160,18,0.333579
/Data/florian.guillaumey/val2/test/video_77189,5,0.907745
/Data/florian.guillaumey/val2/test/video_77232,28,0.863217
/Data/florian.guillaumey/val2/test/video_77251,10,0.555971
/Data/florian.guillaumey/val2/test/video_7735,6,0.490028
/Data/florian.guillaumey/val2/test/video_77352,10,0.828960
/Data/florian.guillaumey/val2/test/video_77372,4,0.145959
/Data/florian.guillaumey/val2/test/video_77385,29,0.232493
/Data/florian.guillaumey/val2/test/video_774,17,0.293964
/Data/florian.guillaumey/val2/test/video_77411,12,0.171335
/Data/florian.guillaumey/val2/test/video_77423,1,0.504469
/Data/florian.guillaumey/val2/test/video_77430,24,0.267466
/Data/florian.guillaumey/val2/test/video_77448,3,0.858820
/Data/florian.guillaumey/val2/test/video_7745,1,0.622290
/Data/florian.guillaumey/val2/test/video_77464,3,0.919941
/Data/florian.guillaumey/val2/test/video_77498,10,0.229594
/Data/florian.guillaumey/val2/test/video_77504,1,0.604615
/Data/florian.guillaumey/val2/test/video_77540,10,0.611487
/Data/florian.guillaumey/val2/test/video_77613,2,0.625975
/Data/florian.guillaumey/val2/test/video_77645,3,0.882997
/Data/florian.guillaumey/val2/test/video_77658,24,0.146971
/Data/florian.guillaumey/val2/test/video_77663,21,0.792199
/Data/florian.guillaumey/val2/test/video_7768,14,0.178711
/Data/florian.guillaumey/val2/test/video_77747,1,0.584802
/Data/florian.guillaumey/val2/test/video_77776,28,0.893712
/Data/florian.guillaumey/val2/test/video_77830,7,0.894470
/Data/florian.guillaumey/val2/test/video_77836,24,0.633138
/Data/florian.guillaumey/val2/test/video_77837,4,0.749921
/Data/florian.guillaumey/val2/test/video_77838,5,0.699025
/Data/florian.guillaumey/val2/test/video_77845,29,0.291189
/Data/florian.guillaumey/val2/test/video_77910,4,0.354848
/Data/florian.guillaumey/val2/test/video_77920,15,0.320251
/Data/florian.guillaumey/val2/test/video_77952,14,0.397065
/Data/florian.guillaumey/val2/test/video_77969,14,0.449942
/Data/florian.guillaumey/val2/test/video_77985,30,0.703112
/Data/florian.guillaumey/val2/test/video_77996,13,0.204486
/Data/florian.guillaumey/val2/test/video_78005,22,0.703288
/Data/florian.guillaumey/val2/test/video_78016,17,0.649922
/Data/florian.guillaumey/val2/test/video_78033,23,0.887712
/Data/florian.guillaumey/val2/test/video_78079,7,0.892666
/Data/florian.guillaumey/val2/test/video_78130,0,0.555550
/Data/florian.guillaumey/val2/test/video_78163,6,0.796549
/Data/florian.guillaumey/val2/test/video_78182,9,0.925614
/Data/florian.guillaumey/val2/test/video_78186,14,0.168132
/Data/florian.guillaumey/val2/test/video_78210,7,0.466979
/Data/florian.guillaumey/val2/test/video_78228,5,0.809058
/Data/florian.guillaumey/val2/test/video_78349,2,0.836792
/Data/florian.guillaumey/val2/test/video_78366,4,0.858935
/Data/florian.guillaumey/val2/test/video_78411,17,0.629516
/Data/florian.guillaumey/val2/test/video_78412,5,0.138906
/Data/florian.guillaumey/val2/test/video_78440,7,0.869714
/Data/florian.guillaumey/val2/test/video_78442,10,0.257894
/Data/florian.guillaumey/val2/test/video_78514,9,0.749934
/Data/florian.guillaumey/val2/test/video_78525,20,0.358413
/Data/florian.guillaumey/val2/test/video_78547,19,0.274339
/Data/florian.guillaumey/val2/test/video_78562,31,0.887785
/Data/florian.guillaumey/val2/test/video_78653,0,0.234726
/Data/florian.guillaumey/val2/test/video_78668,30,0.371585
/Data/florian.guillaumey/val2/test/video_78686,13,0.761205
/Data/florian.guillaumey/val2/test/video_78702,20,0.265177
/Data/florian.guillaumey/val2/test/video_78703,2,0.279934
/Data/florian.guillaumey/val2/test/video_78715,6,0.528792
/Data/florian.guillaumey/val2/test/video_78785,14,0.295055
/Data/florian.guillaumey/val2/test/video_78824,29,0.849605
/Data/florian.guillaumey/val2/test/video_78832,30,0.537048
/Data/florian.guillaumey/val2/test/video_78860,28,0.840531
/Data/florian.guillaumey/val2/test/video_78920,28,0.236298
/Data/florian.guillaumey/val2/test/video_78923,30,0.869359
/Data/florian.guillaumey/val2/test/video_78924,14,0.320736
/Data/florian.guillaumey/val2/test/video_78962,14,0.576021
/Data/florian.guillaumey/val2/test/video_78965,2,0.918118
/Data/florian.guillaumey/val2/test/video_78972,13,0.450033
/Data/florian.guillaumey/val2/test/video_78976,13,0.358525
/Data/florian.guillaumey/val2/test/video_79009,4,0.437406
/Data/florian.guillaumey/val2/test/video_79046,23,0.330429
/Data/florian.guillaumey/val2/test/video_79081,6,0.772730
/Data/florian.guillaumey/val2/test/video_79095,9,0.477612
/Data/florian.guillaumey/val2/test/video_79142,14,0.410057
/Data/florian.guillaumey/val2/test/video_79176,5,0.403047
/Data/florian.guillaumey/val2/test/video_79183,12,0.893621
/Data/florian.guillaumey/val2/test/video_79238,14,0.919932
/Data/florian.guillaumey/val2/test/video_79245,4,0.260887
/Data/florian.guillaumey/val2/test/video_79278,22,0.357427
/Data/florian.guillaumey/val2/test/video_7930,1,0.906532
/Data/florian.guillaumey/val2/test/video_79326,32,0.279221
/Data/florian.guillaumey/val2/test/video_79346,18,0.375993
/Data/florian.guillaumey/val2/test/video_79348,18,0.579002
/Data/florian.guillaumey/val2/test/video_79359,9,0.325773
/Data/florian.guillaumey/val2/test/video_79360,28,0.397714
/Data/florian.guillaumey/val2/test/video_79367,6,0.819765
/Data/florian.guillaumey/val2/test/video_79391,16,0.161937
/Data/florian.guillaumey/val2/test/video_79394,0,0.218687
/Data/florian.guillaumey/val2/test/video_79409,10,0.459976
/Data/florian.guillaumey/val2/test/video_79450,32,0.533188
/Data/florian.guillaumey/val2/test/video_79461,9,0.811283
/Data/florian.guillaumey/val2/test/video_79475,28,0.827948
/Data/florian.guillaumey/val2/test/video_7948,5,0.316592
/Data/florian.guillaumey/val2/test/video_79494,14,0.349712
/Data/florian.guillaumey/val2/test/video_79527,6,0.663076
/Data/florian.guillaumey/val2/test/video_79568,8,0.790413
/Data/florian.guillaumey/val2/test/video_79573,0,0.748172
/Data/florian.guillaumey/val2/test/video_79580,14,0.174694
/Data/florian.guillaumey/val2/test/video_79622,12,0.532561
/Data/florian.guillaumey/val2/test/video_79657,14,0.514278
/Data/florian.guillaumey/val2/test/video_79691,3,0.268837
/Data/florian.guillaumey/val2/test/video_79722,6,0.882915
/Data/florian.guillaumey/val2/test/video_79727,28,0.285486
/Data/florian.guillaumey/val2/test/video_79745,7,0.882895
/Data/florian.guillaumey/val2/test/video_79756,30,0.766248
/Data/florian.guillaumey/val2/test/video_79772,19,0.468438
/Data/florian.guillaumey/val2/test/video_79853,0,0.763726
/Data/florian.guillaumey/val2/test/video_79881,13,0.514884
/Data/florian.guillaumey/val2/test/video_79929,32,0.682076
/Data/florian.guillaumey/val2/test/video_7995,24,0.335841
/Data/florian.guillaumey/val2/test/video_80017,23,0.378430
/Data/florian.guillaumey/val2/test/video_80018,14,0.392158
/Data/florian.guillaumey/val2/test/video_80056,28,0.404232
/Data/florian.guillaumey/val2/test/video_80137,24,0.771479
/Data/florian.guillaumey/val2/test/video_80164,15,0.382537
/Data/florian.guillaumey/val2/test/video_80192,23,0.308135
/Data/florian.guillaumey/val2/test/video_80314,30,0.209404
/Data/florian.guillaumey/val2/test/video_80355,21,0.761723
/Data/florian.guillaumey/val2/test/video_80381,6,0.716196
/Data/florian.guillaumey/val2/test/video_80467,6,0.884930
/Data/florian.guillaumey/val2/test/video_80493,12,0.891961
/Data/florian.guillaumey/val2/test/video_80499,23,0.519137
/Data/florian.guillaumey/val2/test/video_80516,28,0.333704
/Data/florian.guillaumey/val2/test/video_80541,14,0.824830
/Data/florian.guillaumey/val2/test/video_80546,28,0.885787
/Data/florian.guillaumey/val2/test/video_80616,9,0.418809
/Data/florian.guillaumey/val2/test/video_80682,30,0.180386
/Data/florian.guillaumey/val2/test/video_80719,16,0.711171
/Data/florian.guillaumey/val2/test/video_80809,30,0.568922
/Data/florian.guillaumey/val2/test/video_8081,22,0.580437
/Data/florian.guillaumey/val2/test/video_80827,19,0.679640
/Data/florian.guillaumey/val2/test/video_80830,9,0.325445
/Data/florian.guillaumey/val2/test/video_80832,16,0.529368
/Data/florian.guillaumey/val2/test/video_80887,3,0.579323
/Data/florian.guillaumey/val2/test/video_80903,4,0.802864
/Data/florian.guillaumey/val2/test/video_80914,29,0.630208
/Data/florian.guillaumey/val2/test/video_8093,5,0.418804
/Data/florian.guillaumey/val2/test/video_80942,28,0.319842
/Data/florian.guillaumey/val2/test/video_80949,28,0.855740
/Data/florian.guillaumey/val2/test/video_81015,9,0.174065
/Data/florian.guillaumey/val2/test/video_81077,24,0.425359
/Data/florian.guillaumey/val2/test/video_81125,24,0.393498
/Data/florian.guillaumey/val2/test/video_81174,18,0.118989
/Data/florian.guillaumey/val2/test/video_81178,5,0.833349
/Data/florian.guillaumey/val2/test/video_81197,28,0.868211
/Data/florian.guillaumey/val2/test/video_8125,0,0.576615
/Data/florian.guillaumey/val2/test/video_81288,5,0.640538
/Data/florian.guillaumey/val2/test/video_81302,30,0.470182
/Data/florian.guillaumey/val2/test/video_81331,21,0.789208
/Data/florian.guillaumey/val2/test/video_81344,32,0.337727
/Data/florian.guillaumey/val2/test/video_81349,31,0.334397
/Data/florian.guillaumey/val2/test/video_81362,18,0.177939
/Data/florian.guillaumey/val2/test/video_81364,14,0.520468
/Data/florian.guillaumey/val2/test/video_81451,7,0.903503
/Data/florian.guillaumey/val2/test/video_81458,12,0.743062
/Data/florian.guillaumey/val2/test/video_81491,21,0.789232
/Data/florian.guillaumey/val2/test/video_8150,31,0.293570
/Data/florian.guillaumey/val2/test/video_81504,0,0.166801
/Data/florian.guillaumey/val2/test/video_81535,24,0.177714
/Data/florian.guillaumey/val2/test/video_81557,30,0.889115
/Data/florian.guillaumey/val2/test/video_81560,3,0.273330
/Data/florian.guillaumey/val2/test/video_81581,8,0.893648
/Data/florian.guillaumey/val2/test/video_81663,1,0.738826
/Data/florian.guillaumey/val2/test/video_81768,21,0.778218
/Data/florian.guillaumey/val2/test/video_81770,8,0.284433
/Data/florian.guillaumey/val2/test/video_81779,4,0.287212
/Data/florian.guillaumey/val2/test/video_81808,24,0.325338
/Data/florian.guillaumey/val2/test/video_81831,12,0.748766
/Data/florian.guillaumey/val2/test/video_81903,28,0.842046
/Data/florian.guillaumey/val2/test/video_81917,14,0.639062
/Data/florian.guillaumey/val2/test/video_81936,32,0.838656
/Data/florian.guillaumey/val2/test/video_81963,8,0.916692
/Data/florian.guillaumey/val2/test/video_81995,24,0.260064
/Data/florian.guillaumey/val2/test/video_81997,24,0.330596
/Data/florian.guillaumey/val2/test/video_82044,29,0.515883
/Data/florian.guillaumey/val2/test/video_82084,23,0.894703
/Data/florian.guillaumey/val2/test/video_82127,22,0.584591
/Data/florian.guillaumey/val2/test/video_82232,1,0.340490
/Data/florian.guillaumey/val2/test/video_82233,16,0.303553
/Data/florian.guillaumey/val2/test/video_82254,32,0.852856
/Data/florian.guillaumey/val2/test/video_82258,14,0.752378
/Data/florian.guillaumey/val2/test/video_8226,22,0.534724
/Data/florian.guillaumey/val2/test/video_82315,5,0.660481
/Data/florian.guillaumey/val2/test/video_8241,9,0.449316
/Data/florian.guillaumey/val2/test/video_8243,14,0.289884
/Data/florian.guillaumey/val2/test/video_82462,12,0.249843
/Data/florian.guillaumey/val2/test/video_82473,8,0.826396
/Data/florian.guillaumey/val2/test/video_82490,13,0.436943
/Data/florian.guillaumey/val2/test/video_82495,28,0.135563
/Data/florian.guillaumey/val2/test/video_82565,5,0.338053
/Data/florian.guillaumey/val2/test/video_82569,12,0.860614
/Data/florian.guillaumey/val2/test/video_82600,2,0.900309
/Data/florian.guillaumey/val2/test/video_82629,6,0.860059
/Data/florian.guillaumey/val2/test/video_82716,8,0.506507
/Data/florian.guillaumey/val2/test/video_82728,21,0.782243
/Data/florian.guillaumey/val2/test/video_82730,6,0.170205
/Data/florian.guillaumey/val2/test/video_82731,10,0.895828
/Data/florian.guillaumey/val2/test/video_82759,32,0.340450
/Data/florian.guillaumey/val2/test/video_82832,14,0.515989
/Data/florian.guillaumey/val2/test/video_82857,6,0.902459
/Data/florian.guillaumey/val2/test/video_82925,8,0.548523
/Data/florian.guillaumey/val2/test/video_82932,13,0.363818
/Data/florian.guillaumey/val2/test/video_83062,24,0.280295
/Data/florian.guillaumey/val2/test/video_8311,0,0.871192
/Data/florian.guillaumey/val2/test/video_83148,24,0.524819
/Data/florian.guillaumey/val2/test/video_83173,24,0.812778
/Data/florian.guillaumey/val2/test/video_83231,2,0.312907
/Data/florian.guillaumey/val2/test/video_83326,1,0.869023
/Data/florian.guillaumey/val2/test/video_83328,9,0.551907
/Data/florian.guillaumey/val2/test/video_83337,29,0.565825
/Data/florian.guillaumey/val2/test/video_83357,3,0.884727
/Data/florian.guillaumey/val2/test/video_83408,10,0.622291
/Data/florian.guillaumey/val2/test/video_83497,9,0.328382
/Data/florian.guillaumey/val2/test/video_83534,31,0.870581
/Data/florian.guillaumey/val2/test/video_83575,5,0.237628
/Data/florian.guillaumey/val2/test/video_83596,21,0.730486
/Data/florian.guillaumey/val2/test/video_83631,3,0.436400
/Data/florian.guillaumey/val2/test/video_83643,17,0.410719
/Data/florian.guillaumey/val2/test/video_83647,14,0.828293
/Data/florian.guillaumey/val2/test/video_8365,1,0.891671
/Data/florian.guillaumey/val2/test/video_83670,10,0.196995
/Data/florian.guillaumey/val2/test/video_83672,5,0.478748
/Data/florian.guillaumey/val2/test/video_83721,3,0.424147
/Data/florian.guillaumey/val2/test/video_8373,12,0.492166
/Data/florian.guillaumey/val2/test/video_83738,30,0.889895
/Data/florian.guillaumey/val2/test/video_83771,13,0.418874
/Data/florian.guillaumey/val2/test/video_83782,31,0.202045
/Data/florian.guillaumey/val2/test/video_83808,31,0.166283
/Data/florian.guillaumey/val2/test/video_83849,14,0.748210
/Data/florian.guillaumey/val2/test/video_83889,14,0.848017
/Data/florian.guillaumey/val2/test/video_83927,14,0.579448
/Data/florian.guillaumey/val2/test/video_8396,31,0.863005
/Data/florian.guillaumey/val2/test/video_84010,12,0.429333
/Data/florian.guillaumey/val2/test/video_84022,4,0.866280
/Data/florian.guillaumey/val2/test/video_84033,8,0.747454
/Data/florian.guillaumey/val2/test/video_84084,15,0.259133
/Data/florian.guillaumey/val2/test/video_84096,29,0.869924
/Data/florian.guillaumey/val2/test/video_84183,1,0.855375
/Data/florian.guillaumey/val2/test/video_84193,22,0.430998
/Data/florian.guillaumey/val2/test/video_8423,30,0.789849
/Data/florian.guillaumey/val2/test/video_84319,19,0.495176
/Data/florian.guillaumey/val2/test/video_84411,30,0.654669
/Data/florian.guillaumey/val2/test/video_84470,30,0.304591
/Data/florian.guillaumey/val2/test/video_84525,18,0.265136
/Data/florian.guillaumey/val2/test/video_84566,23,0.901361
/Data/florian.guillaumey/val2/test/video_84583,31,0.873001
/Data/florian.guillaumey/val2/test/video_8459,4,0.651954
/Data/florian.guillaumey/val2/test/video_84591,18,0.431521
/Data/florian.guillaumey/val2/test/video_84624,2,0.921005
/Data/florian.guillaumey/val2/test/video_84630,5,0.288380
/Data/florian.guillaumey/val2/test/video_84648,21,0.317130
/Data/florian.guillaumey/val2/test/video_84798,15,0.837830
/Data/florian.guillaumey/val2/test/video_84850,17,0.827495
/Data/florian.guillaumey/val2/test/video_84852,3,0.479680
/Data/florian.guillaumey/val2/test/video_84922,10,0.312833
/Data/florian.guillaumey/val2/test/video_85126,1,0.917299
/Data/florian.guillaumey/val2/test/video_85183,9,0.472355
/Data/florian.guillaumey/val2/test/video_85228,19,0.473066
/Data/florian.guillaumey/val2/test/video_85271,7,0.871789
/Data/florian.guillaumey/val2/test/video_85272,6,0.415039
/Data/florian.guillaumey/val2/test/video_85278,17,0.569672
/Data/florian.guillaumey/val2/test/video_85325,25,0.211178
/Data/florian.guillaumey/val2/test/video_85343,1,0.672475
/Data/florian.guillaumey/val2/test/video_85383,8,0.557741
/Data/florian.guillaumey/val2/test/video_85439,24,0.911048
/Data/florian.guillaumey/val2/test/video_85449,12,0.726778
/Data/florian.guillaumey/val2/test/video_85471,31,0.296909
/Data/florian.guillaumey/val2/test/video_85550,9,0.636942
/Data/florian.guillaumey/val2/test/video_85552,1,0.786366
/Data/florian.guillaumey/val2/test/video_85566,20,0.712496
/Data/florian.guillaumey/val2/test/video_85613,8,0.611560
/Data/florian.guillaumey/val2/test/video_85627,8,0.888878
/Data/florian.guillaumey/val2/test/video_85633,0,0.512665
/Data/florian.guillaumey/val2/test/video_85666,15,0.512851
/Data/florian.guillaumey/val2/test/video_8567,6,0.861579
/Data/florian.guillaumey/val2/test/video_85672,28,0.567554
/Data/florian.guillaumey/val2/test/video_85714,7,0.240463
/Data/florian.guillaumey/val2/test/video_8573,24,0.220434
/Data/florian.guillaumey/val2/test/video_85737,3,0.875724
/Data/florian.guillaumey/val2/test/video_8574,30,0.800777
/Data/florian.guillaumey/val2/test/video_85751,8,0.903879
/Data/florian.guillaumey/val2/test/video_85824,3,0.228618
/Data/florian.guillaumey/val2/test/video_85849,13,0.791252
/Data/florian.guillaumey/val2/test/video_85850,5,0.707637
/Data/florian.guillaumey/val2/test/video_85904,9,0.570810
/Data/florian.guillaumey/val2/test/video_85933,6,0.863342
/Data/florian.guillaumey/val2/test/video_85987,18,0.359822
/Data/florian.guillaumey/val2/test/video_86020,4,0.304286
/Data/florian.guillaumey/val2/test/video_86023,2,0.621826
/Data/florian.guillaumey/val2/test/video_86034,14,0.494961
/Data/florian.guillaumey/val2/test/video_86077,24,0.408495
/Data/florian.guillaumey/val2/test/video_86123,19,0.774844
/Data/florian.guillaumey/val2/test/video_86151,16,0.227079
/Data/florian.guillaumey/val2/test/video_86160,1,0.694678
/Data/florian.guillaumey/val2/test/video_86176,31,0.327971
/Data/florian.guillaumey/val2/test/video_86254,14,0.336898
/Data/florian.guillaumey/val2/test/video_86262,8,0.241990
/Data/florian.guillaumey/val2/test/video_86349,31,0.851603
/Data/florian.guillaumey/val2/test/video_86386,12,0.124008
/Data/florian.guillaumey/val2/test/video_8639,2,0.109777
/Data/florian.guillaumey/val2/test/video_86441,3,0.271630
/Data/florian.guillaumey/val2/test/video_86478,24,0.560448
/Data/florian.guillaumey/val2/test/video_86482,31,0.868711
/Data/florian.guillaumey/val2/test/video_86517,14,0.430677
/Data/florian.guillaumey/val2/test/video_86552,28,0.420756
/Data/florian.guillaumey/val2/test/video_866,18,0.429405
/Data/florian.guillaumey/val2/test/video_86606,14,0.468736
/Data/florian.guillaumey/val2/test/video_86682,2,0.806816
/Data/florian.guillaumey/val2/test/video_86712,14,0.572989
/Data/florian.guillaumey/val2/test/video_86786,19,0.553671
/Data/florian.guillaumey/val2/test/video_86853,3,0.253163
/Data/florian.guillaumey/val2/test/video_86865,1,0.601941
/Data/florian.guillaumey/val2/test/video_86918,32,0.806299
/Data/florian.guillaumey/val2/test/video_86950,4,0.286182
/Data/florian.guillaumey/val2/test/video_86973,31,0.868714
/Data/florian.guillaumey/val2/test/video_86985,6,0.453659
/Data/florian.guillaumey/val2/test/video_87007,24,0.209488
/Data/florian.guillaumey/val2/test/video_87046,9,0.523859
/Data/florian.guillaumey/val2/test/video_87086,29,0.313363
/Data/florian.guillaumey/val2/test/video_87103,19,0.204854
/Data/florian.guillaumey/val2/test/video_87113,28,0.515743
/Data/florian.guillaumey/val2/test/video_87176,31,0.841762
/Data/florian.guillaumey/val2/test/video_87184,12,0.535634
/Data/florian.guillaumey/val2/test/video_87277,32,0.718208
/Data/florian.guillaumey/val2/test/video_87346,19,0.417746
/Data/florian.guillaumey/val2/test/video_87371,21,0.262357
/Data/florian.guillaumey/val2/test/video_87391,28,0.494756
/Data/florian.guillaumey/val2/test/video_87400,1,0.847116
/Data/florian.guillaumey/val2/test/video_87417,30,0.315333
/Data/florian.guillaumey/val2/test/video_87431,31,0.853602
/Data/florian.guillaumey/val2/test/video_87439,2,0.588668
/Data/florian.guillaumey/val2/test/video_87511,1,0.631173
/Data/florian.guillaumey/val2/test/video_87573,15,0.623182
/Data/florian.guillaumey/val2/test/video_87597,14,0.256122
/Data/florian.guillaumey/val2/test/video_87611,10,0.616450
/Data/florian.guillaumey/val2/test/video_87614,10,0.659597
/Data/florian.guillaumey/val2/test/video_87649,30,0.693828
/Data/florian.guillaumey/val2/test/video_8766,6,0.902338
/Data/florian.guillaumey/val2/test/video_87667,1,0.216854
/Data/florian.guillaumey/val2/test/video_87703,24,0.183128
/Data/florian.guillaumey/val2/test/video_87736,3,0.841155
/Data/florian.guillaumey/val2/test/video_87780,3,0.738652
/Data/florian.guillaumey/val2/test/video_87794,16,0.364012
/Data/florian.guillaumey/val2/test/video_8788,22,0.144080
/Data/florian.guillaumey/val2/test/video_87908,23,0.880912
/Data/florian.guillaumey/val2/test/video_87940,12,0.744246
/Data/florian.guillaumey/val2/test/video_87950,1,0.718906
/Data/florian.guillaumey/val2/test/video_88016,14,0.858038
/Data/florian.guillaumey/val2/test/video_8804,16,0.610054
/Data/florian.guillaumey/val2/test/video_88104,23,0.588126
/Data/florian.guillaumey/val2/test/video_88136,15,0.730332
/Data/florian.guillaumey/val2/test/video_88168,30,0.892563
/Data/florian.guillaumey/val2/test/video_8817,18,0.862631
/Data/florian.guillaumey/val2/test/video_88176,8,0.900286
/Data/florian.guillaumey/val2/test/video_88184,29,0.580505
/Data/florian.guillaumey/val2/test/video_88216,23,0.386919
/Data/florian.guillaumey/val2/test/video_88224,15,0.394387
/Data/florian.guillaumey/val2/test/video_88236,31,0.563916
/Data/florian.guillaumey/val2/test/video_88248,30,0.430359
/Data/florian.guillaumey/val2/test/video_88391,12,0.324815
/Data/florian.guillaumey/val2/test/video_88408,3,0.811000
/Data/florian.guillaumey/val2/test/video_88425,3,0.625287
/Data/florian.guillaumey/val2/test/video_88455,6,0.092909
/Data/florian.guillaumey/val2/test/video_88558,30,0.648319
/Data/florian.guillaumey/val2/test/video_88629,12,0.544346
/Data/florian.guillaumey/val2/test/video_88674,18,0.405857
/Data/florian.guillaumey/val2/test/video_88696,6,0.403795
/Data/florian.guillaumey/val2/test/video_88725,12,0.874096
/Data/florian.guillaumey/val2/test/video_88727,32,0.666074
/Data/florian.guillaumey/val2/test/video_88751,14,0.392311
/Data/florian.guillaumey/val2/test/video_88824,15,0.212334
/Data/florian.guillaumey/val2/test/video_88831,9,0.821404
/Data/florian.guillaumey/val2/test/video_88932,28,0.723485
/Data/florian.guillaumey/val2/test/video_88966,14,0.369084
/Data/florian.guillaumey/val2/test/video_89029,29,0.418587
/Data/florian.guillaumey/val2/test/video_89041,6,0.648097
/Data/florian.guillaumey/val2/test/video_89042,31,0.820898
/Data/florian.guillaumey/val2/test/video_8907,13,0.600305
/Data/florian.guillaumey/val2/test/video_89125,4,0.329924
/Data/florian.guillaumey/val2/test/video_8917,20,0.864681
/Data/florian.guillaumey/val2/test/video_89186,22,0.474725
/Data/florian.guillaumey/val2/test/video_89219,3,0.290869
/Data/florian.guillaumey/val2/test/video_89326,21,0.429577
/Data/florian.guillaumey/val2/test/video_89345,18,0.558927
/Data/florian.guillaumey/val2/test/video_89413,28,0.565500
/Data/florian.guillaumey/val2/test/video_89418,30,0.587699
/Data/florian.guillaumey/val2/test/video_89441,6,0.480238
/Data/florian.guillaumey/val2/test/video_89472,3,0.864136
/Data/florian.guillaumey/val2/test/video_89484,3,0.574660
/Data/florian.guillaumey/val2/test/video_89516,2,0.891278
/Data/florian.guillaumey/val2/test/video_89518,6,0.558030
/Data/florian.guillaumey/val2/test/video_89644,4,0.871282
/Data/florian.guillaumey/val2/test/video_89664,28,0.346155
/Data/florian.guillaumey/val2/test/video_89795,14,0.428675
/Data/florian.guillaumey/val2/test/video_89869,22,0.440057
/Data/florian.guillaumey/val2/test/video_89885,12,0.184419
/Data/florian.guillaumey/val2/test/video_89910,0,0.295373
/Data/florian.guillaumey/val2/test/video_8993,9,0.390566
/Data/florian.guillaumey/val2/test/video_89941,12,0.691558
/Data/florian.guillaumey/val2/test/video_89946,17,0.774041
/Data/florian.guillaumey/val2/test/video_90017,7,0.883513
/Data/florian.guillaumey/val2/test/video_90020,20,0.883495
/Data/florian.guillaumey/val2/test/video_9004,28,0.220281
/Data/florian.guillaumey/val2/test/video_90060,14,0.623884
/Data/florian.guillaumey/val2/test/video_90072,9,0.365893
/Data/florian.guillaumey/val2/test/video_90100,14,0.410891
/Data/florian.guillaumey/val2/test/video_90108,5,0.822772
/Data/florian.guillaumey/val2/test/video_90176,12,0.686413
/Data/florian.guillaumey/val2/test/video_90185,1,0.516273
/Data/florian.guillaumey/val2/test/video_90193,31,0.461522
/Data/florian.guillaumey/val2/test/video_90245,29,0.128010
/Data/florian.guillaumey/val2/test/video_90295,28,0.712687
/Data/florian.guillaumey/val2/test/video_90314,18,0.515992
/Data/florian.guillaumey/val2/test/video_90343,15,0.608056
/Data/florian.guillaumey/val2/test/video_90354,29,0.724492
/Data/florian.guillaumey/val2/test/video_90363,19,0.522242
/Data/florian.guillaumey/val2/test/video_90389,11,0.237289
/Data/florian.guillaumey/val2/test/video_90390,12,0.464801
/Data/florian.guillaumey/val2/test/video_90469,13,0.733821
/Data/florian.guillaumey/val2/test/video_90499,7,0.879070
/Data/florian.guillaumey/val2/test/video_90515,22,0.292459
/Data/florian.guillaumey/val2/test/video_90546,9,0.799979
/Data/florian.guillaumey/val2/test/video_90606,7,0.895613
/Data/florian.guillaumey/val2/test/video_9066,31,0.518643
/Data/florian.guillaumey/val2/test/video_90700,28,0.872409
/Data/florian.guillaumey/val2/test/video_90716,29,0.379272
/Data/florian.guillaumey/val2/test/video_90731,21,0.799087
/Data/florian.guillaumey/val2/test/video_90732,2,0.595183
/Data/florian.guillaumey/val2/test/video_90750,18,0.263827
/Data/florian.guillaumey/val2/test/video_90760,4,0.772001
/Data/florian.guillaumey/val2/test/video_90842,14,0.545020
/Data/florian.guillaumey/val2/test/video_9089,18,0.594279
/Data/florian.guillaumey/val2/test/video_90923,21,0.738048
/Data/florian.guillaumey/val2/test/video_90934,30,0.837550
/Data/florian.guillaumey/val2/test/video_90950,22,0.227911
/Data/florian.guillaumey/val2/test/video_91027,10,0.921520
/Data/florian.guillaumey/val2/test/video_91065,20,0.384645
/Data/florian.guillaumey/val2/test/video_9112,10,0.771731
/Data/florian.guillaumey/val2/test/video_91121,11,0.800031
/Data/florian.guillaumey/val2/test/video_91143,30,0.656432
/Data/florian.guillaumey/val2/test/video_91167,14,0.270502
/Data/florian.guillaumey/val2/test/video_91243,1,0.488835
/Data/florian.guillaumey/val2/test/video_91260,2,0.341774
/Data/florian.guillaumey/val2/test/video_9146,9,0.780220
/Data/florian.guillaumey/val2/test/video_91487,0,0.894374
/Data/florian.guillaumey/val2/test/video_9149,6,0.611526
/Data/florian.guillaumey/val2/test/video_91493,24,0.519167
/Data/florian.guillaumey/val2/test/video_91501,12,0.551894
/Data/florian.guillaumey/val2/test/video_91502,31,0.197380
/Data/florian.guillaumey/val2/test/video_91525,5,0.237552
/Data/florian.guillaumey/val2/test/video_91550,21,0.390099
/Data/florian.guillaumey/val2/test/video_91593,12,0.673783
/Data/florian.guillaumey/val2/test/video_91598,3,0.676749
/Data/florian.guillaumey/val2/test/video_91620,14,0.144251
/Data/florian.guillaumey/val2/test/video_91635,24,0.570625
/Data/florian.guillaumey/val2/test/video_9164,4,0.947080
/Data/florian.guillaumey/val2/test/video_91651,30,0.589048
/Data/florian.guillaumey/val2/test/video_91666,12,0.902500
/Data/florian.guillaumey/val2/test/video_91679,14,0.309019
/Data/florian.guillaumey/val2/test/video_91686,14,0.254495
/Data/florian.guillaumey/val2/test/video_91740,24,0.359940
/Data/florian.guillaumey/val2/test/video_91813,9,0.898393
/Data/florian.guillaumey/val2/test/video_91845,1,0.893255
/Data/florian.guillaumey/val2/test/video_9192,24,0.586970
/Data/florian.guillaumey/val2/test/video_91925,25,0.333129
/Data/florian.guillaumey/val2/test/video_91928,5,0.185451
/Data/florian.guillaumey/val2/test/video_91979,4,0.365361
/Data/florian.guillaumey/val2/test/video_91982,8,0.772111
/Data/florian.guillaumey/val2/test/video_92015,29,0.831826
/Data/florian.guillaumey/val2/test/video_92016,0,0.202789
/Data/florian.guillaumey/val2/test/video_9204,7,0.793862
/Data/florian.guillaumey/val2/test/video_92054,4,0.157358
/Data/florian.guillaumey/val2/test/video_92083,7,0.442995
/Data/florian.guillaumey/val2/test/video_92084,30,0.529834
/Data/florian.guillaumey/val2/test/video_92106,4,0.678401
/Data/florian.guillaumey/val2/test/video_92111,2,0.601972
/Data/florian.guillaumey/val2/test/video_92138,5,0.928322
/Data/florian.guillaumey/val2/test/video_92170,28,0.102941
/Data/florian.guillaumey/val2/test/video_92205,14,0.705813
/Data/florian.guillaumey/val2/test/video_92218,3,0.850694
/Data/florian.guillaumey/val2/test/video_9224,10,0.371779
/Data/florian.guillaumey/val2/test/video_923,28,0.763512
/Data/florian.guillaumey/val2/test/video_92309,24,0.629216
/Data/florian.guillaumey/val2/test/video_92323,22,0.275764
/Data/florian.guillaumey/val2/test/video_92332,15,0.784370
/Data/florian.guillaumey/val2/test/video_92425,31,0.642626
/Data/florian.guillaumey/val2/test/video_92445,12,0.585532
/Data/florian.guillaumey/val2/test/video_92513,6,0.831402
/Data/florian.guillaumey/val2/test/video_92563,8,0.651135
/Data/florian.guillaumey/val2/test/video_92564,16,0.539284
/Data/florian.guillaumey/val2/test/video_92582,6,0.891745
/Data/florian.guillaumey/val2/test/video_92599,18,0.179086
/Data/florian.guillaumey/val2/test/video_92761,3,0.899752
/Data/florian.guillaumey/val2/test/video_92766,29,0.229667
/Data/florian.guillaumey/val2/test/video_92784,12,0.845687
/Data/florian.guillaumey/val2/test/video_92815,31,0.602250
/Data/florian.guillaumey/val2/test/video_92876,7,0.877107
/Data/florian.guillaumey/val2/test/video_92917,11,0.198656
/Data/florian.guillaumey/val2/test/video_92954,13,0.781566
/Data/florian.guillaumey/val2/test/video_93016,22,0.313322
/Data/florian.guillaumey/val2/test/video_93065,19,0.605054
/Data/florian.guillaumey/val2/test/video_93106,32,0.648861
/Data/florian.guillaumey/val2/test/video_93120,23,0.722452
/Data/florian.guillaumey/val2/test/video_93136,9,0.901463
/Data/florian.guillaumey/val2/test/video_93148,14,0.705068
/Data/florian.guillaumey/val2/test/video_93150,8,0.156001
/Data/florian.guillaumey/val2/test/video_93173,23,0.423242
/Data/florian.guillaumey/val2/test/video_9324,32,0.720557
/Data/florian.guillaumey/val2/test/video_93240,32,0.494667
/Data/florian.guillaumey/val2/test/video_93289,11,0.863453
/Data/florian.guillaumey/val2/test/video_93336,31,0.298057
/Data/florian.guillaumey/val2/test/video_93468,1,0.379600
/Data/florian.guillaumey/val2/test/video_93477,7,0.760382
/Data/florian.guillaumey/val2/test/video_93479,26,0.335103
/Data/florian.guillaumey/val2/test/video_93480,28,0.898263
/Data/florian.guillaumey/val2/test/video_93488,22,0.505653
/Data/florian.guillaumey/val2/test/video_93516,1,0.334138
/Data/florian.guillaumey/val2/test/video_93578,4,0.451315
/Data/florian.guillaumey/val2/test/video_93703,2,0.840526
/Data/florian.guillaumey/val2/test/video_93729,12,0.624372
/Data/florian.guillaumey/val2/test/video_93778,15,0.832546
/Data/florian.guillaumey/val2/test/video_93791,28,0.871855
/Data/florian.guillaumey/val2/test/video_93841,9,0.252052
/Data/florian.guillaumey/val2/test/video_93855,0,0.838531
/Data/florian.guillaumey/val2/test/video_93887,24,0.371721
/Data/florian.guillaumey/val2/test/video_93928,26,0.639713
/Data/florian.guillaumey/val2/test/video_93954,6,0.525057
/Data/florian.guillaumey/val2/test/video_93968,10,0.840880
/Data/florian.guillaumey/val2/test/video_94012,0,0.492486
/Data/florian.guillaumey/val2/test/video_94080,9,0.874701
/Data/florian.guillaumey/val2/test/video_94084,31,0.629958
/Data/florian.guillaumey/val2/test/video_94086,18,0.482161
/Data/florian.guillaumey/val2/test/video_94091,21,0.537108
/Data/florian.guillaumey/val2/test/video_94094,0,0.814511
/Data/florian.guillaumey/val2/test/video_94130,0,0.896738
/Data/florian.guillaumey/val2/test/video_94163,18,0.219040
/Data/florian.guillaumey/val2/test/video_94164,3,0.901757
/Data/florian.guillaumey/val2/test/video_9420,29,0.157045
/Data/florian.guillaumey/val2/test/video_94219,32,0.094619
/Data/florian.guillaumey/val2/test/video_94266,30,0.706242
/Data/florian.guillaumey/val2/test/video_94270,6,0.892031
/Data/florian.guillaumey/val2/test/video_943,5,0.631050
/Data/florian.guillaumey/val2/test/video_94308,3,0.740978
/Data/florian.guillaumey/val2/test/video_94321,28,0.644204
/Data/florian.guillaumey/val2/test/video_94379,4,0.685121
/Data/florian.guillaumey/val2/test/video_9438,32,0.270933
/Data/florian.guillaumey/val2/test/video_94414,29,0.901014
/Data/florian.guillaumey/val2/test/video_94440,14,0.408619
/Data/florian.guillaumey/val2/test/video_94450,16,0.360461
/Data/florian.guillaumey/val2/test/video_94476,9,0.316220
/Data/florian.guillaumey/val2/test/video_94489,23,0.891939
/Data/florian.guillaumey/val2/test/video_94510,5,0.695054
/Data/florian.guillaumey/val2/test/video_94536,23,0.285726
/Data/florian.guillaumey/val2/test/video_94564,28,0.298112
/Data/florian.guillaumey/val2/test/video_9457,1,0.328098
/Data/florian.guillaumey/val2/test/video_94584,21,0.530942
/Data/florian.guillaumey/val2/test/video_94593,2,0.742266
/Data/florian.guillaumey/val2/test/video_94619,28,0.376097
/Data/florian.guillaumey/val2/test/video_94631,1,0.134423
/Data/florian.guillaumey/val2/test/video_94680,4,0.902583
/Data/florian.guillaumey/val2/test/video_94697,4,0.580563
/Data/florian.guillaumey/val2/test/video_94768,24,0.753308
/Data/florian.guillaumey/val2/test/video_94772,15,0.799454
/Data/florian.guillaumey/val2/test/video_94782,28,0.583302
/Data/florian.guillaumey/val2/test/video_9486,6,0.504828
/Data/florian.guillaumey/val2/test/video_94864,4,0.842008
/Data/florian.guillaumey/val2/test/video_94913,21,0.899488
/Data/florian.guillaumey/val2/test/video_94952,18,0.286147
/Data/florian.guillaumey/val2/test/video_94973,30,0.615088
/Data/florian.guillaumey/val2/test/video_95016,17,0.837472
/Data/florian.guillaumey/val2/test/video_95066,2,0.912434
/Data/florian.guillaumey/val2/test/video_9507,11,0.495054
/Data/florian.guillaumey/val2/test/video_95144,7,0.852923
/Data/florian.guillaumey/val2/test/video_95183,17,0.725493
/Data/florian.guillaumey/val2/test/video_95207,5,0.921775
/Data/florian.guillaumey/val2/test/video_95223,12,0.758435
/Data/florian.guillaumey/val2/test/video_95235,30,0.862163
/Data/florian.guillaumey/val2/test/video_95247,14,0.526005
/Data/florian.guillaumey/val2/test/video_95259,14,0.640751
/Data/florian.guillaumey/val2/test/video_95266,31,0.542089
/Data/florian.guillaumey/val2/test/video_95292,4,0.669653
/Data/florian.guillaumey/val2/test/video_95297,29,0.909957
/Data/florian.guillaumey/val2/test/video_95314,19,0.240014
/Data/florian.guillaumey/val2/test/video_95316,31,0.711681
/Data/florian.guillaumey/val2/test/video_9532,5,0.481496
/Data/florian.guillaumey/val2/test/video_95331,18,0.552024
/Data/florian.guillaumey/val2/test/video_95373,14,0.298782
/Data/florian.guillaumey/val2/test/video_95401,1,0.697225
/Data/florian.guillaumey/val2/test/video_95410,17,0.362697
/Data/florian.guillaumey/val2/test/video_95417,28,0.709811
/Data/florian.guillaumey/val2/test/video_9547,0,0.358599
/Data/florian.guillaumey/val2/test/video_95510,18,0.728196
/Data/florian.guillaumey/val2/test/video_9562,29,0.808088
/Data/florian.guillaumey/val2/test/video_95630,29,0.838068
/Data/florian.guillaumey/val2/test/video_95687,4,0.893767
/Data/florian.guillaumey/val2/test/video_9573,30,0.571963
/Data/florian.guillaumey/val2/test/video_95735,22,0.384628
/Data/florian.guillaumey/val2/test/video_95799,11,0.198076
/Data/florian.guillaumey/val2/test/video_95806,31,0.873986
/Data/florian.guillaumey/val2/test/video_95810,16,0.744637
/Data/florian.guillaumey/val2/test/video_95823,0,0.905329
/Data/florian.guillaumey/val2/test/video_95832,1,0.883809
/Data/florian.guillaumey/val2/test/video_95850,16,0.549580
/Data/florian.guillaumey/val2/test/video_95854,24,0.429733
/Data/florian.guillaumey/val2/test/video_95871,3,0.591000
/Data/florian.guillaumey/val2/test/video_95887,20,0.887989
/Data/florian.guillaumey/val2/test/video_95988,15,0.436392
/Data/florian.guillaumey/val2/test/video_95994,30,0.211199
/Data/florian.guillaumey/val2/test/video_96046,1,0.261181
/Data/florian.guillaumey/val2/test/video_9607,14,0.296539
/Data/florian.guillaumey/val2/test/video_96121,7,0.530427
/Data/florian.guillaumey/val2/test/video_96131,9,0.748873
/Data/florian.guillaumey/val2/test/video_96176,7,0.864594
/Data/florian.guillaumey/val2/test/video_96194,7,0.862892
/Data/florian.guillaumey/val2/test/video_96235,29,0.417922
/Data/florian.guillaumey/val2/test/video_96262,30,0.384071
/Data/florian.guillaumey/val2/test/video_96264,2,0.447645
/Data/florian.guillaumey/val2/test/video_96269,28,0.534375
/Data/florian.guillaumey/val2/test/video_96301,8,0.635507
/Data/florian.guillaumey/val2/test/video_96304,14,0.745491
/Data/florian.guillaumey/val2/test/video_96335,4,0.229577
/Data/florian.guillaumey/val2/test/video_96351,31,0.450883
/Data/florian.guillaumey/val2/test/video_96352,0,0.493284
/Data/florian.guillaumey/val2/test/video_96403,30,0.711900
/Data/florian.guillaumey/val2/test/video_96418,9,0.510512
/Data/florian.guillaumey/val2/test/video_96432,18,0.192336
/Data/florian.guillaumey/val2/test/video_96435,15,0.448859
/Data/florian.guillaumey/val2/test/video_96439,1,0.862049
/Data/florian.guillaumey/val2/test/video_96470,29,0.390004
/Data/florian.guillaumey/val2/test/video_965,6,0.646531
/Data/florian.guillaumey/val2/test/video_96501,30,0.718158
/Data/florian.guillaumey/val2/test/video_96504,5,0.546797
/Data/florian.guillaumey/val2/test/video_9651,5,0.192607
/Data/florian.guillaumey/val2/test/video_96514,20,0.813795
/Data/florian.guillaumey/val2/test/video_96630,13,0.685841
/Data/florian.guillaumey/val2/test/video_96631,30,0.858010
/Data/florian.guillaumey/val2/test/video_96637,8,0.656914
/Data/florian.guillaumey/val2/test/video_96668,14,0.703676
/Data/florian.guillaumey/val2/test/video_96673,23,0.784336
/Data/florian.guillaumey/val2/test/video_96680,18,0.578198
/Data/florian.guillaumey/val2/test/video_967,7,0.784824
/Data/florian.guillaumey/val2/test/video_9673,18,0.678438
/Data/florian.guillaumey/val2/test/video_96757,29,0.904534
/Data/florian.guillaumey/val2/test/video_96761,31,0.779110
/Data/florian.guillaumey/val2/test/video_96791,4,0.870569
/Data/florian.guillaumey/val2/test/video_96896,7,0.772698
/Data/florian.guillaumey/val2/test/video_97004,10,0.670306
/Data/florian.guillaumey/val2/test/video_97011,16,0.219366
/Data/florian.guillaumey/val2/test/video_9702,30,0.746085
/Data/florian.guillaumey/val2/test/video_97026,12,0.554730
/Data/florian.guillaumey/val2/test/video_97079,25,0.352276
/Data/florian.guillaumey/val2/test/video_971,15,0.847082
/Data/florian.guillaumey/val2/test/video_97107,7,0.559290
/Data/florian.guillaumey/val2/test/video_97167,23,0.874024
/Data/florian.guillaumey/val2/test/video_97188,3,0.404165
/Data/florian.guillaumey/val2/test/video_97212,23,0.880857
/Data/florian.guillaumey/val2/test/video_9724,17,0.158429
/Data/florian.guillaumey/val2/test/video_97246,9,0.329392
/Data/florian.guillaumey/val2/test/video_97249,0,0.201010
/Data/florian.guillaumey/val2/test/video_97286,15,0.293725
/Data/florian.guillaumey/val2/test/video_97317,22,0.405519
/Data/florian.guillaumey/val2/test/video_97319,18,0.568318
/Data/florian.guillaumey/val2/test/video_97328,20,0.891805
/Data/florian.guillaumey/val2/test/video_97338,24,0.542997
/Data/florian.guillaumey/val2/test/video_97404,22,0.384550
/Data/florian.guillaumey/val2/test/video_97411,14,0.358659
/Data/florian.guillaumey/val2/test/video_97500,14,0.212847
/Data/florian.guillaumey/val2/test/video_97508,2,0.643337
/Data/florian.guillaumey/val2/test/video_97514,14,0.845558
/Data/florian.guillaumey/val2/test/video_97528,15,0.629157
/Data/florian.guillaumey/val2/test/video_9755,10,0.735421
/Data/florian.guillaumey/val2/test/video_97627,21,0.874873
/Data/florian.guillaumey/val2/test/video_97648,1,0.872389
/Data/florian.guillaumey/val2/test/video_97664,6,0.350184
/Data/florian.guillaumey/val2/test/video_97758,14,0.450151
/Data/florian.guillaumey/val2/test/video_97785,4,0.673556
/Data/florian.guillaumey/val2/test/video_97787,23,0.424075
/Data/florian.guillaumey/val2/test/video_97864,30,0.270102
/Data/florian.guillaumey/val2/test/video_97867,14,0.517451
/Data/florian.guillaumey/val2/test/video_97890,13,0.377652
/Data/florian.guillaumey/val2/test/video_97956,3,0.496498
/Data/florian.guillaumey/val2/test/video_97962,29,0.450228
/Data/florian.guillaumey/val2/test/video_97989,7,0.857117
/Data/florian.guillaumey/val2/test/video_97990,31,0.890051
/Data/florian.guillaumey/val2/test/video_98004,28,0.202450
/Data/florian.guillaumey/val2/test/video_98006,4,0.267266
/Data/florian.guillaumey/val2/test/video_98064,21,0.772398
/Data/florian.guillaumey/val2/test/video_98112,18,0.509138
/Data/florian.guillaumey/val2/test/video_98115,5,0.303713
/Data/florian.guillaumey/val2/test/video_98138,23,0.401058
/Data/florian.guillaumey/val2/test/video_98180,5,0.288076
/Data/florian.guillaumey/val2/test/video_98189,31,0.242773
/Data/florian.guillaumey/val2/test/video_98289,5,0.129105
/Data/florian.guillaumey/val2/test/video_98319,7,0.670524
/Data/florian.guillaumey/val2/test/video_98372,14,0.654779
/Data/florian.guillaumey/val2/test/video_98373,31,0.848398
/Data/florian.guillaumey/val2/test/video_98387,2,0.868141
/Data/florian.guillaumey/val2/test/video_984,1,0.524478
/Data/florian.guillaumey/val2/test/video_98406,4,0.440378
/Data/florian.guillaumey/val2/test/video_98424,32,0.596627
/Data/florian.guillaumey/val2/test/video_98427,8,0.185866
/Data/florian.guillaumey/val2/test/video_98461,31,0.340197
/Data/florian.guillaumey/val2/test/video_98471,31,0.801571
/Data/florian.guillaumey/val2/test/video_98496,14,0.744851
/Data/florian.guillaumey/val2/test/video_98502,22,0.377481
/Data/florian.guillaumey/val2/test/video_98504,30,0.786477
/Data/florian.guillaumey/val2/test/video_98515,12,0.279809
/Data/florian.guillaumey/val2/test/video_98556,12,0.288469
/Data/florian.guillaumey/val2/test/video_98565,7,0.814908
/Data/florian.guillaumey/val2/test/video_98673,24,0.643049
/Data/florian.guillaumey/val2/test/video_98693,9,0.370342
/Data/florian.guillaumey/val2/test/video_98711,1,0.872013
/Data/florian.guillaumey/val2/test/video_98737,1,0.858415
/Data/florian.guillaumey/val2/test/video_98752,14,0.490583
/Data/florian.guillaumey/val2/test/video_98762,7,0.604025
/Data/florian.guillaumey/val2/test/video_98779,14,0.691015
/Data/florian.guillaumey/val2/test/video_98798,31,0.698906
/Data/florian.guillaumey/val2/test/video_98807,1,0.451008
/Data/florian.guillaumey/val2/test/video_98808,9,0.651349
/Data/florian.guillaumey/val2/test/video_98826,8,0.856814
/Data/florian.guillaumey/val2/test/video_98856,24,0.242538
/Data/florian.guillaumey/val2/test/video_98911,7,0.898942
/Data/florian.guillaumey/val2/test/video_98921,12,0.823538
/Data/florian.guillaumey/val2/test/video_98950,0,0.773755
/Data/florian.guillaumey/val2/test/video_98988,30,0.866723
/Data/florian.guillaumey/val2/test/video_98990,28,0.477920
/Data/florian.guillaumey/val2/test/video_99015,23,0.905620
/Data/florian.guillaumey/val2/test/video_99017,28,0.126326
/Data/florian.guillaumey/val2/test/video_99044,2,0.638394
/Data/florian.guillaumey/val2/test/video_99058,28,0.298874
/Data/florian.guillaumey/val2/test/video_9909,24,0.138183
/Data/florian.guillaumey/val2/test/video_99121,4,0.273198
/Data/florian.guillaumey/val2/test/video_99153,4,0.912941
/Data/florian.guillaumey/val2/test/video_99171,5,0.515455
/Data/florian.guillaumey/val2/test/video_9918,12,0.685812
/Data/florian.guillaumey/val2/test/video_99188,17,0.365552
/Data/florian.guillaumey/val2/test/video_99220,8,0.743128
/Data/florian.guillaumey/val2/test/video_99228,14,0.121798
/Data/florian.guillaumey/val2/test/video_99230,12,0.413281
/Data/florian.guillaumey/val2/test/video_99254,11,0.336401
/Data/florian.guillaumey/val2/test/video_99305,1,0.669728
/Data/florian.guillaumey/val2/test/video_99315,13,0.711656
/Data/florian.guillaumey/val2/test/video_99317,14,0.282401
/Data/florian.guillaumey/val2/test/video_99328,6,0.891613
/Data/florian.guillaumey/val2/test/video_99335,12,0.712346
/Data/florian.guillaumey/val2/test/video_99379,29,0.319386
/Data/florian.guillaumey/val2/test/video_9941,29,0.774961
/Data/florian.guillaumey/val2/test/video_99412,1,0.879733
/Data/florian.guillaumey/val2/test/video_99485,7,0.872841
/Data/florian.guillaumey/val2/test/video_99503,3,0.379251
/Data/florian.guillaumey/val2/test/video_99532,23,0.586176
/Data/florian.guillaumey/val2/test/video_9957,23,0.316991
/Data/florian.guillaumey/val2/test/video_99570,0,0.196541
/Data/florian.guillaumey/val2/test/video_99591,5,0.331865
/Data/florian.guillaumey/val2/test/video_99594,32,0.882664
/Data/florian.guillaumey/val2/test/video_99595,14,0.254613
/Data/florian.guillaumey/val2/test/video_99603,11,0.570771
/Data/florian.guillaumey/val2/test/video_99607,12,0.758624
/Data/florian.guillaumey/val2/test/video_99619,32,0.867785
/Data/florian.guillaumey/val2/test/video_99701,4,0.380620
/Data/florian.guillaumey/val2/test/video_99717,12,0.707063
/Data/florian.guillaumey/val2/test/video_99789,12,0.682743
/Data/florian.guillaumey/val2/test/video_99805,5,0.590686
/Data/florian.guillaumey/val2/test/video_99867,1,0.652454
/Data/florian.guillaumey/val2/test/video_99870,6,0.605920
/Data/florian.guillaumey/val2/test/video_99886,5,0.816614
/Data/florian.guillaumey/val2/test/video_99942,12,0.706523
/Data/florian.guillaumey/val2/test/video_99953,9,0.908706
